name,p,view,step,sequences,eligible,unique,displaced
p17_s100_cross,17,point,0,17,17,17,17
p17_s100_cross,17,point,1,17,17,17,17
p17_s100_cross,17,point,2,17,17,17,16
p17_s100_cross,17,point,3,17,17,17,14
p17_s100_cross,17,point,4,17,17,17,14
p17_s100_cross,17,point,5,17,17,17,14
p17_s100_cross,17,point,6,17,17,17,12
p17_s100_cross,17,point,7,17,17,17,12
p17_s100_cross,17,point,8,17,17,17,12
p17_s100_cross,17,point,9,17,17,17,4
p17_s100_cross,17,point,10,17,17,17,0
p17_s100_cross,17,point,11,17,17,17,0
p17_s100_cross,17,point,12,17,17,17,0
p17_s100_cross,17,point,13,17,17,17,0
p17_s100_cross,17,point,14,17,17,17,0
p17_s100_cross,17,point,15,17,17,17,0
p17_s100_cross,17,point,16,17,17,17,0
p17_s100_cross,17,point,17,17,17,17,0
p17_s100_cross,17,point,18,17,17,17,0
p17_s100_cross,17,point,19,17,17,17,0
p17_s100_cross,17,point,20,17,17,17,0
p17_s100_cross,17,point,21,17,17,17,0
p17_s100_cross,17,point,22,17,17,17,0
p17_s100_cross,17,point,23,17,17,17,0
p17_s100_cross,17,point,24,17,17,17,0
p17_s100_cross,17,point,25,17,17,17,0
p17_s100_cross,17,point,26,17,17,17,0
p17_s100_cross,17,point,27,17,17,17,0
p17_s100_cross,17,point,28,17,17,17,0
p17_s100_cross,17,point,29,17,17,17,0
p17_s100_cross,17,point,30,17,17,17,0
p17_s100_cross,17,point,31,17,17,17,0
p17_s100_cross,17,point,32,17,17,17,0
p17_s100_cross,17,point,33,17,17,17,0
p17_s100_cross,17,point,34,17,17,17,0
p17_s100_cross,17,point,35,17,17,17,0
p17_s100_cross,17,point,36,17,17,17,0
p17_s100_cross,17,point,37,17,17,17,0
p17_s100_cross,17,point,38,17,17,17,0
p17_s100_cross,17,point,39,17,17,17,0
p17_s100_cross,17,point,40,17,17,17,0
p17_s100_cross,17,point,41,17,17,17,0
p17_s100_cross,17,point,42,17,17,17,0
p17_s100_cross,17,point,43,17,17,17,0
p17_s100_cross,17,point,44,17,17,17,0
p17_s100_cross,17,point,45,17,17,17,0
p17_s100_cross,17,point,46,17,17,17,0
p17_s100_cross,17,point,47,17,17,17,0
p17_s100_cross,17,point,48,17,17,17,0
p17_s100_cross,17,point,49,17,17,17,0
p17_s100_cross,17,point,50,17,17,17,0
p17_s100_cross,17,point,51,17,17,17,0
p17_s100_cross,17,point,52,17,17,17,0
p17_s100_cross,17,point,53,17,17,17,0
p17_s100_cross,17,point,54,17,17,17,0
p17_s100_cross,17,point,55,17,17,17,0
p17_s100_cross,17,point,56,17,17,17,0
p17_s100_cross,17,point,57,17,17,17,0
p17_s100_cross,17,point,58,17,17,17,0
p17_s100_cross,17,point,59,17,17,17,0
p17_s100_cross,17,profile,0,1,1,1,1
p17_s100_cross,17,profile,1,1,1,1,1
p17_s100_cross,17,profile,2,1,1,1,1
p17_s100_cross,17,profile,3,1,1,1,1
p17_s100_cross,17,profile,4,1,1,1,1
p17_s100_cross,17,profile,5,1,1,1,1
p17_s100_cross,17,profile,6,1,1,1,1
p17_s100_cross,17,profile,7,1,1,1,1
p17_s100_cross,17,profile,8,1,1,1,1
p17_s100_cross,17,profile,9,1,1,1,0
p17_s100_cross,17,profile,10,1,1,1,0
p17_s100_cross,17,profile,11,1,1,1,0
p17_s100_cross,17,profile,12,1,1,1,0
p17_s100_cross,17,profile,13,1,1,1,0
p17_s100_cross,17,profile,14,1,1,1,0
p17_s100_cross,17,profile,15,1,1,1,0
p17_s100_cross,17,profile,16,1,1,1,0
p17_s100_cross,17,profile,17,1,1,1,0
p17_s100_cross,17,profile,18,1,1,1,0
p17_s100_cross,17,profile,19,1,1,1,0
p17_s100_cross,17,profile,20,1,1,1,0
p17_s100_cross,17,profile,21,1,1,1,0
p17_s100_cross,17,profile,22,1,1,1,0
p17_s100_cross,17,profile,23,1,1,1,0
p17_s100_cross,17,profile,24,1,1,1,0
p17_s100_cross,17,profile,25,1,1,1,0
p17_s100_cross,17,profile,26,1,1,1,0
p17_s100_cross,17,profile,27,1,1,1,0
p17_s100_cross,17,profile,28,1,1,1,0
p17_s100_cross,17,profile,29,1,1,1,0
p17_s100_cross,17,profile,30,1,1,1,0
p17_s100_cross,17,profile,31,1,1,1,0
p17_s100_cross,17,profile,32,1,1,1,0
p17_s100_cross,17,profile,33,1,1,1,0
p17_s100_cross,17,profile,34,1,1,1,0
p17_s100_cross,17,profile,35,1,1,1,0
p17_s100_cross,17,profile,36,1,1,1,0
p17_s100_cross,17,profile,37,1,1,1,0
p17_s100_cross,17,profile,38,1,1,1,0
p17_s100_cross,17,profile,39,1,1,1,0
p17_s100_cross,17,profile,40,1,1,1,0
p17_s100_cross,17,profile,41,1,1,1,0
p17_s100_cross,17,profile,42,1,1,1,0
p17_s100_cross,17,profile,43,1,1,1,0
p17_s100_cross,17,profile,44,1,1,1,0
p17_s100_cross,17,profile,45,1,1,1,0
p17_s100_cross,17,profile,46,1,1,1,0
p17_s100_cross,17,profile,47,1,1,1,0
p17_s100_cross,17,profile,48,1,1,1,0
p17_s100_cross,17,profile,49,1,1,1,0
p17_s100_cross,17,profile,50,1,1,1,0
p17_s100_cross,17,profile,51,1,1,1,0
p17_s100_cross,17,profile,52,1,1,1,0
p17_s100_cross,17,profile,53,1,1,1,0
p17_s100_cross,17,profile,54,1,1,1,0
p17_s100_cross,17,profile,55,1,1,1,0
p17_s100_cross,17,profile,56,1,1,1,0
p17_s100_cross,17,profile,57,1,1,1,0
p17_s100_cross,17,profile,58,1,1,1,0
p17_s100_cross,17,profile,59,1,1,1,0
p17_s101_cross,17,point,0,17,17,17,17
p17_s101_cross,17,point,1,17,17,17,17
p17_s101_cross,17,point,2,17,17,17,17
p17_s101_cross,17,point,3,17,17,17,17
p17_s101_cross,17,point,4,17,17,17,17
p17_s101_cross,17,point,5,17,17,17,17
p17_s101_cross,17,point,6,17,17,17,17
p17_s101_cross,17,point,7,17,17,17,17
p17_s101_cross,17,point,8,17,17,17,0
p17_s101_cross,17,point,9,17,17,17,0
p17_s101_cross,17,point,10,17,17,17,0
p17_s101_cross,17,point,11,17,17,17,0
p17_s101_cross,17,point,12,17,17,17,0
p17_s101_cross,17,point,13,17,17,17,0
p17_s101_cross,17,point,14,17,17,17,0
p17_s101_cross,17,point,15,17,17,17,0
p17_s101_cross,17,point,16,17,17,17,0
p17_s101_cross,17,point,17,17,17,17,0
p17_s101_cross,17,point,18,17,17,17,0
p17_s101_cross,17,point,19,17,17,17,0
p17_s101_cross,17,point,20,17,17,17,0
p17_s101_cross,17,point,21,17,17,17,0
p17_s101_cross,17,point,22,17,17,17,0
p17_s101_cross,17,point,23,17,17,17,0
p17_s101_cross,17,point,24,17,17,17,0
p17_s101_cross,17,point,25,17,17,17,0
p17_s101_cross,17,point,26,17,17,17,0
p17_s101_cross,17,point,27,17,17,17,0
p17_s101_cross,17,point,28,17,17,17,0
p17_s101_cross,17,point,29,17,17,17,0
p17_s101_cross,17,point,30,17,17,17,0
p17_s101_cross,17,point,31,17,17,17,0
p17_s101_cross,17,point,32,17,17,17,0
p17_s101_cross,17,point,33,17,17,17,0
p17_s101_cross,17,point,34,17,17,17,0
p17_s101_cross,17,point,35,17,17,17,0
p17_s101_cross,17,point,36,17,17,17,0
p17_s101_cross,17,point,37,17,17,17,0
p17_s101_cross,17,point,38,17,17,17,0
p17_s101_cross,17,point,39,17,17,17,0
p17_s101_cross,17,point,40,17,17,17,0
p17_s101_cross,17,point,41,17,17,17,0
p17_s101_cross,17,point,42,17,17,17,0
p17_s101_cross,17,point,43,17,17,17,0
p17_s101_cross,17,point,44,17,17,17,0
p17_s101_cross,17,point,45,17,17,17,0
p17_s101_cross,17,point,46,17,17,17,0
p17_s101_cross,17,point,47,17,17,17,0
p17_s101_cross,17,point,48,17,17,17,0
p17_s101_cross,17,point,49,17,17,17,0
p17_s101_cross,17,point,50,17,17,17,0
p17_s101_cross,17,point,51,17,17,17,0
p17_s101_cross,17,point,52,17,17,17,0
p17_s101_cross,17,point,53,17,17,17,0
p17_s101_cross,17,point,54,17,17,17,0
p17_s101_cross,17,point,55,17,17,17,0
p17_s101_cross,17,point,56,17,17,17,0
p17_s101_cross,17,point,57,17,17,17,0
p17_s101_cross,17,point,58,17,17,17,0
p17_s101_cross,17,point,59,17,17,17,0
p17_s101_cross,17,profile,0,1,1,1,1
p17_s101_cross,17,profile,1,1,1,1,1
p17_s101_cross,17,profile,2,1,1,1,1
p17_s101_cross,17,profile,3,1,1,1,1
p17_s101_cross,17,profile,4,1,1,1,1
p17_s101_cross,17,profile,5,1,1,1,1
p17_s101_cross,17,profile,6,1,1,1,1
p17_s101_cross,17,profile,7,1,1,1,1
p17_s101_cross,17,profile,8,1,1,1,0
p17_s101_cross,17,profile,9,1,1,1,0
p17_s101_cross,17,profile,10,1,1,1,0
p17_s101_cross,17,profile,11,1,1,1,0
p17_s101_cross,17,profile,12,1,1,1,0
p17_s101_cross,17,profile,13,1,1,1,0
p17_s101_cross,17,profile,14,1,1,1,0
p17_s101_cross,17,profile,15,1,1,1,0
p17_s101_cross,17,profile,16,1,1,1,0
p17_s101_cross,17,profile,17,1,1,1,0
p17_s101_cross,17,profile,18,1,1,1,0
p17_s101_cross,17,profile,19,1,1,1,0
p17_s101_cross,17,profile,20,1,1,1,0
p17_s101_cross,17,profile,21,1,1,1,0
p17_s101_cross,17,profile,22,1,1,1,0
p17_s101_cross,17,profile,23,1,1,1,0
p17_s101_cross,17,profile,24,1,1,1,0
p17_s101_cross,17,profile,25,1,1,1,0
p17_s101_cross,17,profile,26,1,1,1,0
p17_s101_cross,17,profile,27,1,1,1,0
p17_s101_cross,17,profile,28,1,1,1,0
p17_s101_cross,17,profile,29,1,1,1,0
p17_s101_cross,17,profile,30,1,1,1,0
p17_s101_cross,17,profile,31,1,1,1,0
p17_s101_cross,17,profile,32,1,1,1,0
p17_s101_cross,17,profile,33,1,1,1,0
p17_s101_cross,17,profile,34,1,1,1,0
p17_s101_cross,17,profile,35,1,1,1,0
p17_s101_cross,17,profile,36,1,1,1,0
p17_s101_cross,17,profile,37,1,1,1,0
p17_s101_cross,17,profile,38,1,1,1,0
p17_s101_cross,17,profile,39,1,1,1,0
p17_s101_cross,17,profile,40,1,1,1,0
p17_s101_cross,17,profile,41,1,1,1,0
p17_s101_cross,17,profile,42,1,1,1,0
p17_s101_cross,17,profile,43,1,1,1,0
p17_s101_cross,17,profile,44,1,1,1,0
p17_s101_cross,17,profile,45,1,1,1,0
p17_s101_cross,17,profile,46,1,1,1,0
p17_s101_cross,17,profile,47,1,1,1,0
p17_s101_cross,17,profile,48,1,1,1,0
p17_s101_cross,17,profile,49,1,1,1,0
p17_s101_cross,17,profile,50,1,1,1,0
p17_s101_cross,17,profile,51,1,1,1,0
p17_s101_cross,17,profile,52,1,1,1,0
p17_s101_cross,17,profile,53,1,1,1,0
p17_s101_cross,17,profile,54,1,1,1,0
p17_s101_cross,17,profile,55,1,1,1,0
p17_s101_cross,17,profile,56,1,1,1,0
p17_s101_cross,17,profile,57,1,1,1,0
p17_s101_cross,17,profile,58,1,1,1,0
p17_s101_cross,17,profile,59,1,1,1,0
p17_s102_cross,17,point,0,17,17,17,17
p17_s102_cross,17,point,1,17,17,17,17
p17_s102_cross,17,point,2,17,17,17,17
p17_s102_cross,17,point,3,17,17,17,17
p17_s102_cross,17,point,4,17,17,17,17
p17_s102_cross,17,point,5,17,17,17,17
p17_s102_cross,17,point,6,17,17,17,17
p17_s102_cross,17,point,7,17,17,17,17
p17_s102_cross,17,point,8,17,17,17,17
p17_s102_cross,17,point,9,17,17,17,0
p17_s102_cross,17,point,10,17,17,17,0
p17_s102_cross,17,point,11,17,17,17,0
p17_s102_cross,17,point,12,17,17,17,0
p17_s102_cross,17,point,13,17,17,17,0
p17_s102_cross,17,point,14,17,17,17,0
p17_s102_cross,17,point,15,17,17,17,0
p17_s102_cross,17,point,16,17,17,17,0
p17_s102_cross,17,point,17,17,17,17,0
p17_s102_cross,17,point,18,17,17,17,0
p17_s102_cross,17,point,19,17,17,17,0
p17_s102_cross,17,point,20,17,17,17,0
p17_s102_cross,17,point,21,17,17,17,0
p17_s102_cross,17,point,22,17,17,17,0
p17_s102_cross,17,point,23,17,17,17,0
p17_s102_cross,17,point,24,17,17,17,0
p17_s102_cross,17,point,25,17,17,17,0
p17_s102_cross,17,point,26,17,17,17,0
p17_s102_cross,17,point,27,17,17,17,0
p17_s102_cross,17,point,28,17,17,17,0
p17_s102_cross,17,point,29,17,17,17,0
p17_s102_cross,17,point,30,17,17,17,0
p17_s102_cross,17,point,31,17,17,17,0
p17_s102_cross,17,point,32,17,17,17,0
p17_s102_cross,17,point,33,17,17,17,0
p17_s102_cross,17,point,34,17,17,17,0
p17_s102_cross,17,point,35,17,17,17,0
p17_s102_cross,17,point,36,17,17,17,0
p17_s102_cross,17,point,37,17,17,17,0
p17_s102_cross,17,point,38,17,17,17,0
p17_s102_cross,17,point,39,17,17,17,0
p17_s102_cross,17,point,40,17,17,17,0
p17_s102_cross,17,point,41,17,17,17,0
p17_s102_cross,17,point,42,17,17,17,0
p17_s102_cross,17,point,43,17,17,17,0
p17_s102_cross,17,point,44,17,17,17,0
p17_s102_cross,17,point,45,17,17,17,0
p17_s102_cross,17,point,46,17,17,17,0
p17_s102_cross,17,point,47,17,17,17,0
p17_s102_cross,17,point,48,17,17,17,0
p17_s102_cross,17,point,49,17,17,17,0
p17_s102_cross,17,point,50,17,17,17,0
p17_s102_cross,17,point,51,17,17,17,0
p17_s102_cross,17,point,52,17,17,17,0
p17_s102_cross,17,point,53,17,17,17,0
p17_s102_cross,17,point,54,17,17,17,0
p17_s102_cross,17,point,55,17,17,17,0
p17_s102_cross,17,point,56,17,17,17,0
p17_s102_cross,17,point,57,17,17,17,0
p17_s102_cross,17,point,58,17,17,17,0
p17_s102_cross,17,point,59,17,17,17,0
p17_s102_cross,17,profile,0,1,1,1,1
p17_s102_cross,17,profile,1,1,1,1,1
p17_s102_cross,17,profile,2,1,1,1,1
p17_s102_cross,17,profile,3,1,1,1,1
p17_s102_cross,17,profile,4,1,1,1,1
p17_s102_cross,17,profile,5,1,1,1,1
p17_s102_cross,17,profile,6,1,1,1,1
p17_s102_cross,17,profile,7,1,1,1,1
p17_s102_cross,17,profile,8,1,1,1,1
p17_s102_cross,17,profile,9,1,1,1,0
p17_s102_cross,17,profile,10,1,1,1,0
p17_s102_cross,17,profile,11,1,1,1,0
p17_s102_cross,17,profile,12,1,1,1,0
p17_s102_cross,17,profile,13,1,1,1,0
p17_s102_cross,17,profile,14,1,1,1,0
p17_s102_cross,17,profile,15,1,1,1,0
p17_s102_cross,17,profile,16,1,1,1,0
p17_s102_cross,17,profile,17,1,1,1,0
p17_s102_cross,17,profile,18,1,1,1,0
p17_s102_cross,17,profile,19,1,1,1,0
p17_s102_cross,17,profile,20,1,1,1,0
p17_s102_cross,17,profile,21,1,1,1,0
p17_s102_cross,17,profile,22,1,1,1,0
p17_s102_cross,17,profile,23,1,1,1,0
p17_s102_cross,17,profile,24,1,1,1,0
p17_s102_cross,17,profile,25,1,1,1,0
p17_s102_cross,17,profile,26,1,1,1,0
p17_s102_cross,17,profile,27,1,1,1,0
p17_s102_cross,17,profile,28,1,1,1,0
p17_s102_cross,17,profile,29,1,1,1,0
p17_s102_cross,17,profile,30,1,1,1,0
p17_s102_cross,17,profile,31,1,1,1,0
p17_s102_cross,17,profile,32,1,1,1,0
p17_s102_cross,17,profile,33,1,1,1,0
p17_s102_cross,17,profile,34,1,1,1,0
p17_s102_cross,17,profile,35,1,1,1,0
p17_s102_cross,17,profile,36,1,1,1,0
p17_s102_cross,17,profile,37,1,1,1,0
p17_s102_cross,17,profile,38,1,1,1,0
p17_s102_cross,17,profile,39,1,1,1,0
p17_s102_cross,17,profile,40,1,1,1,0
p17_s102_cross,17,profile,41,1,1,1,0
p17_s102_cross,17,profile,42,1,1,1,0
p17_s102_cross,17,profile,43,1,1,1,0
p17_s102_cross,17,profile,44,1,1,1,0
p17_s102_cross,17,profile,45,1,1,1,0
p17_s102_cross,17,profile,46,1,1,1,0
p17_s102_cross,17,profile,47,1,1,1,0
p17_s102_cross,17,profile,48,1,1,1,0
p17_s102_cross,17,profile,49,1,1,1,0
p17_s102_cross,17,profile,50,1,1,1,0
p17_s102_cross,17,profile,51,1,1,1,0
p17_s102_cross,17,profile,52,1,1,1,0
p17_s102_cross,17,profile,53,1,1,1,0
p17_s102_cross,17,profile,54,1,1,1,0
p17_s102_cross,17,profile,55,1,1,1,0
p17_s102_cross,17,profile,56,1,1,1,0
p17_s102_cross,17,profile,57,1,1,1,0
p17_s102_cross,17,profile,58,1,1,1,0
p17_s102_cross,17,profile,59,1,1,1,0
p17_s103_cross,17,point,0,17,17,17,16
p17_s103_cross,17,point,1,17,17,17,15
p17_s103_cross,17,point,2,17,17,17,15
p17_s103_cross,17,point,3,17,17,17,11
p17_s103_cross,17,point,4,17,17,17,10
p17_s103_cross,17,point,5,17,17,17,8
p17_s103_cross,17,point,6,17,17,17,5
p17_s103_cross,17,point,7,17,17,17,2
p17_s103_cross,17,point,8,17,17,17,2
p17_s103_cross,17,point,9,17,17,17,1
p17_s103_cross,17,point,10,17,17,17,0
p17_s103_cross,17,point,11,17,17,17,0
p17_s103_cross,17,point,12,17,17,17,0
p17_s103_cross,17,point,13,17,17,17,0
p17_s103_cross,17,point,14,17,17,17,0
p17_s103_cross,17,point,15,17,17,17,0
p17_s103_cross,17,point,16,17,17,17,0
p17_s103_cross,17,point,17,17,17,17,0
p17_s103_cross,17,point,18,17,17,17,0
p17_s103_cross,17,point,19,17,17,17,0
p17_s103_cross,17,point,20,17,17,17,0
p17_s103_cross,17,point,21,17,17,17,0
p17_s103_cross,17,point,22,17,17,17,0
p17_s103_cross,17,point,23,17,17,17,0
p17_s103_cross,17,point,24,17,17,17,0
p17_s103_cross,17,point,25,17,17,17,0
p17_s103_cross,17,point,26,17,17,17,0
p17_s103_cross,17,point,27,17,17,17,0
p17_s103_cross,17,point,28,17,17,17,0
p17_s103_cross,17,point,29,17,17,17,0
p17_s103_cross,17,point,30,17,17,17,0
p17_s103_cross,17,point,31,17,17,17,0
p17_s103_cross,17,point,32,17,17,17,0
p17_s103_cross,17,point,33,17,17,17,0
p17_s103_cross,17,point,34,17,17,17,0
p17_s103_cross,17,point,35,17,17,17,0
p17_s103_cross,17,point,36,17,17,17,0
p17_s103_cross,17,point,37,17,17,17,0
p17_s103_cross,17,point,38,17,17,17,0
p17_s103_cross,17,point,39,17,17,17,0
p17_s103_cross,17,point,40,17,17,17,0
p17_s103_cross,17,point,41,17,17,17,0
p17_s103_cross,17,point,42,17,17,17,0
p17_s103_cross,17,point,43,17,17,17,0
p17_s103_cross,17,point,44,17,17,17,0
p17_s103_cross,17,point,45,17,17,17,0
p17_s103_cross,17,point,46,17,17,17,0
p17_s103_cross,17,point,47,17,17,17,0
p17_s103_cross,17,point,48,17,17,17,0
p17_s103_cross,17,point,49,17,17,17,0
p17_s103_cross,17,point,50,17,17,17,0
p17_s103_cross,17,point,51,17,17,17,0
p17_s103_cross,17,point,52,17,17,17,0
p17_s103_cross,17,point,53,17,17,17,0
p17_s103_cross,17,point,54,17,17,17,0
p17_s103_cross,17,point,55,17,17,17,0
p17_s103_cross,17,point,56,17,17,17,0
p17_s103_cross,17,point,57,17,17,17,0
p17_s103_cross,17,point,58,17,17,17,0
p17_s103_cross,17,point,59,17,17,17,0
p17_s103_cross,17,profile,0,1,1,1,1
p17_s103_cross,17,profile,1,1,1,1,0
p17_s103_cross,17,profile,2,1,1,1,0
p17_s103_cross,17,profile,3,1,1,1,0
p17_s103_cross,17,profile,4,1,1,1,0
p17_s103_cross,17,profile,5,1,1,1,0
p17_s103_cross,17,profile,6,1,1,1,0
p17_s103_cross,17,profile,7,1,1,1,0
p17_s103_cross,17,profile,8,1,1,1,0
p17_s103_cross,17,profile,9,1,1,1,0
p17_s103_cross,17,profile,10,1,1,1,0
p17_s103_cross,17,profile,11,1,1,1,0
p17_s103_cross,17,profile,12,1,1,1,0
p17_s103_cross,17,profile,13,1,1,1,0
p17_s103_cross,17,profile,14,1,1,1,0
p17_s103_cross,17,profile,15,1,1,1,0
p17_s103_cross,17,profile,16,1,1,1,0
p17_s103_cross,17,profile,17,1,1,1,0
p17_s103_cross,17,profile,18,1,1,1,0
p17_s103_cross,17,profile,19,1,1,1,0
p17_s103_cross,17,profile,20,1,1,1,0
p17_s103_cross,17,profile,21,1,1,1,0
p17_s103_cross,17,profile,22,1,1,1,0
p17_s103_cross,17,profile,23,1,1,1,0
p17_s103_cross,17,profile,24,1,1,1,0
p17_s103_cross,17,profile,25,1,1,1,0
p17_s103_cross,17,profile,26,1,1,1,0
p17_s103_cross,17,profile,27,1,1,1,0
p17_s103_cross,17,profile,28,1,1,1,0
p17_s103_cross,17,profile,29,1,1,1,0
p17_s103_cross,17,profile,30,1,1,1,0
p17_s103_cross,17,profile,31,1,1,1,0
p17_s103_cross,17,profile,32,1,1,1,0
p17_s103_cross,17,profile,33,1,1,1,0
p17_s103_cross,17,profile,34,1,1,1,0
p17_s103_cross,17,profile,35,1,1,1,0
p17_s103_cross,17,profile,36,1,1,1,0
p17_s103_cross,17,profile,37,1,1,1,0
p17_s103_cross,17,profile,38,1,1,1,0
p17_s103_cross,17,profile,39,1,1,1,0
p17_s103_cross,17,profile,40,1,1,1,0
p17_s103_cross,17,profile,41,1,1,1,0
p17_s103_cross,17,profile,42,1,1,1,0
p17_s103_cross,17,profile,43,1,1,1,0
p17_s103_cross,17,profile,44,1,1,1,0
p17_s103_cross,17,profile,45,1,1,1,0
p17_s103_cross,17,profile,46,1,1,1,0
p17_s103_cross,17,profile,47,1,1,1,0
p17_s103_cross,17,profile,48,1,1,1,0
p17_s103_cross,17,profile,49,1,1,1,0
p17_s103_cross,17,profile,50,1,1,1,0
p17_s103_cross,17,profile,51,1,1,1,0
p17_s103_cross,17,profile,52,1,1,1,0
p17_s103_cross,17,profile,53,1,1,1,0
p17_s103_cross,17,profile,54,1,1,1,0
p17_s103_cross,17,profile,55,1,1,1,0
p17_s103_cross,17,profile,56,1,1,1,0
p17_s103_cross,17,profile,57,1,1,1,0
p17_s103_cross,17,profile,58,1,1,1,0
p17_s103_cross,17,profile,59,1,1,1,0
p17_s104_cross,17,point,0,17,17,17,17
p17_s104_cross,17,point,1,17,17,17,17
p17_s104_cross,17,point,2,17,17,17,17
p17_s104_cross,17,point,3,17,17,17,17
p17_s104_cross,17,point,4,17,17,17,17
p17_s104_cross,17,point,5,17,17,17,17
p17_s104_cross,17,point,6,17,17,17,17
p17_s104_cross,17,point,7,17,17,17,17
p17_s104_cross,17,point,8,17,17,17,9
p17_s104_cross,17,point,9,17,17,17,0
p17_s104_cross,17,point,10,17,17,17,0
p17_s104_cross,17,point,11,17,17,17,0
p17_s104_cross,17,point,12,17,17,17,0
p17_s104_cross,17,point,13,17,17,17,0
p17_s104_cross,17,point,14,17,17,17,0
p17_s104_cross,17,point,15,17,17,17,0
p17_s104_cross,17,point,16,17,17,17,0
p17_s104_cross,17,point,17,17,17,17,0
p17_s104_cross,17,point,18,17,17,17,0
p17_s104_cross,17,point,19,17,17,17,0
p17_s104_cross,17,point,20,17,17,17,0
p17_s104_cross,17,point,21,17,17,17,0
p17_s104_cross,17,point,22,17,17,17,0
p17_s104_cross,17,point,23,17,17,17,0
p17_s104_cross,17,point,24,17,17,17,0
p17_s104_cross,17,point,25,17,17,17,0
p17_s104_cross,17,point,26,17,17,17,0
p17_s104_cross,17,point,27,17,17,17,0
p17_s104_cross,17,point,28,17,17,17,0
p17_s104_cross,17,point,29,17,17,17,0
p17_s104_cross,17,point,30,17,17,17,0
p17_s104_cross,17,point,31,17,17,17,0
p17_s104_cross,17,point,32,17,17,17,0
p17_s104_cross,17,point,33,17,17,17,0
p17_s104_cross,17,point,34,17,17,17,0
p17_s104_cross,17,point,35,17,17,17,0
p17_s104_cross,17,point,36,17,17,17,0
p17_s104_cross,17,point,37,17,17,17,0
p17_s104_cross,17,point,38,17,17,17,0
p17_s104_cross,17,point,39,17,17,17,0
p17_s104_cross,17,point,40,17,17,17,0
p17_s104_cross,17,point,41,17,17,17,0
p17_s104_cross,17,point,42,17,17,17,0
p17_s104_cross,17,point,43,17,17,17,0
p17_s104_cross,17,point,44,17,17,17,0
p17_s104_cross,17,point,45,17,17,17,0
p17_s104_cross,17,point,46,17,17,17,0
p17_s104_cross,17,point,47,17,17,17,0
p17_s104_cross,17,point,48,17,17,17,0
p17_s104_cross,17,point,49,17,17,17,0
p17_s104_cross,17,point,50,17,17,17,0
p17_s104_cross,17,point,51,17,17,17,0
p17_s104_cross,17,point,52,17,17,17,0
p17_s104_cross,17,point,53,17,17,17,0
p17_s104_cross,17,point,54,17,17,17,0
p17_s104_cross,17,point,55,17,17,17,0
p17_s104_cross,17,point,56,17,17,17,0
p17_s104_cross,17,point,57,17,17,17,0
p17_s104_cross,17,point,58,17,17,17,0
p17_s104_cross,17,point,59,17,17,17,0
p17_s104_cross,17,profile,0,1,1,1,1
p17_s104_cross,17,profile,1,1,1,1,1
p17_s104_cross,17,profile,2,1,1,1,1
p17_s104_cross,17,profile,3,1,1,1,1
p17_s104_cross,17,profile,4,1,1,1,1
p17_s104_cross,17,profile,5,1,1,1,1
p17_s104_cross,17,profile,6,1,1,1,1
p17_s104_cross,17,profile,7,1,1,1,1
p17_s104_cross,17,profile,8,1,1,1,0
p17_s104_cross,17,profile,9,1,1,1,0
p17_s104_cross,17,profile,10,1,1,1,0
p17_s104_cross,17,profile,11,1,1,1,0
p17_s104_cross,17,profile,12,1,1,1,0
p17_s104_cross,17,profile,13,1,1,1,0
p17_s104_cross,17,profile,14,1,1,1,0
p17_s104_cross,17,profile,15,1,1,1,0
p17_s104_cross,17,profile,16,1,1,1,0
p17_s104_cross,17,profile,17,1,1,1,0
p17_s104_cross,17,profile,18,1,1,1,0
p17_s104_cross,17,profile,19,1,1,1,0
p17_s104_cross,17,profile,20,1,1,1,0
p17_s104_cross,17,profile,21,1,1,1,0
p17_s104_cross,17,profile,22,1,1,1,0
p17_s104_cross,17,profile,23,1,1,1,0
p17_s104_cross,17,profile,24,1,1,1,0
p17_s104_cross,17,profile,25,1,1,1,0
p17_s104_cross,17,profile,26,1,1,1,0
p17_s104_cross,17,profile,27,1,1,1,0
p17_s104_cross,17,profile,28,1,1,1,0
p17_s104_cross,17,profile,29,1,1,1,0
p17_s104_cross,17,profile,30,1,1,1,0
p17_s104_cross,17,profile,31,1,1,1,0
p17_s104_cross,17,profile,32,1,1,1,0
p17_s104_cross,17,profile,33,1,1,1,0
p17_s104_cross,17,profile,34,1,1,1,0
p17_s104_cross,17,profile,35,1,1,1,0
p17_s104_cross,17,profile,36,1,1,1,0
p17_s104_cross,17,profile,37,1,1,1,0
p17_s104_cross,17,profile,38,1,1,1,0
p17_s104_cross,17,profile,39,1,1,1,0
p17_s104_cross,17,profile,40,1,1,1,0
p17_s104_cross,17,profile,41,1,1,1,0
p17_s104_cross,17,profile,42,1,1,1,0
p17_s104_cross,17,profile,43,1,1,1,0
p17_s104_cross,17,profile,44,1,1,1,0
p17_s104_cross,17,profile,45,1,1,1,0
p17_s104_cross,17,profile,46,1,1,1,0
p17_s104_cross,17,profile,47,1,1,1,0
p17_s104_cross,17,profile,48,1,1,1,0
p17_s104_cross,17,profile,49,1,1,1,0
p17_s104_cross,17,profile,50,1,1,1,0
p17_s104_cross,17,profile,51,1,1,1,0
p17_s104_cross,17,profile,52,1,1,1,0
p17_s104_cross,17,profile,53,1,1,1,0
p17_s104_cross,17,profile,54,1,1,1,0
p17_s104_cross,17,profile,55,1,1,1,0
p17_s104_cross,17,profile,56,1,1,1,0
p17_s104_cross,17,profile,57,1,1,1,0
p17_s104_cross,17,profile,58,1,1,1,0
p17_s104_cross,17,profile,59,1,1,1,0
p17_s105_cross,17,point,0,17,17,17,17
p17_s105_cross,17,point,1,17,17,17,17
p17_s105_cross,17,point,2,17,17,17,17
p17_s105_cross,17,point,3,17,17,17,17
p17_s105_cross,17,point,4,17,17,17,15
p17_s105_cross,17,point,5,17,17,17,15
p17_s105_cross,17,point,6,17,17,17,11
p17_s105_cross,17,point,7,17,17,17,3
p17_s105_cross,17,point,8,17,17,17,2
p17_s105_cross,17,point,9,17,17,17,1
p17_s105_cross,17,point,10,17,17,17,0
p17_s105_cross,17,point,11,17,17,17,0
p17_s105_cross,17,point,12,17,17,17,0
p17_s105_cross,17,point,13,17,17,17,0
p17_s105_cross,17,point,14,17,17,17,0
p17_s105_cross,17,point,15,17,17,17,0
p17_s105_cross,17,point,16,17,17,17,0
p17_s105_cross,17,point,17,17,17,17,0
p17_s105_cross,17,point,18,17,17,17,0
p17_s105_cross,17,point,19,17,17,17,0
p17_s105_cross,17,point,20,17,17,17,0
p17_s105_cross,17,point,21,17,17,17,0
p17_s105_cross,17,point,22,17,17,17,0
p17_s105_cross,17,point,23,17,17,17,0
p17_s105_cross,17,point,24,17,17,17,0
p17_s105_cross,17,point,25,17,17,17,0
p17_s105_cross,17,point,26,17,17,17,0
p17_s105_cross,17,point,27,17,17,17,0
p17_s105_cross,17,point,28,17,17,17,0
p17_s105_cross,17,point,29,17,17,17,0
p17_s105_cross,17,point,30,17,17,17,0
p17_s105_cross,17,point,31,17,17,17,0
p17_s105_cross,17,point,32,17,17,17,0
p17_s105_cross,17,point,33,17,17,17,0
p17_s105_cross,17,point,34,17,17,17,0
p17_s105_cross,17,point,35,17,17,17,0
p17_s105_cross,17,point,36,17,17,17,0
p17_s105_cross,17,point,37,17,17,17,0
p17_s105_cross,17,point,38,17,17,17,0
p17_s105_cross,17,point,39,17,17,17,0
p17_s105_cross,17,point,40,17,17,17,0
p17_s105_cross,17,point,41,17,17,17,0
p17_s105_cross,17,point,42,17,17,17,0
p17_s105_cross,17,point,43,17,17,17,0
p17_s105_cross,17,point,44,17,17,17,0
p17_s105_cross,17,point,45,17,17,17,0
p17_s105_cross,17,point,46,17,17,17,0
p17_s105_cross,17,point,47,17,17,17,0
p17_s105_cross,17,point,48,17,17,17,0
p17_s105_cross,17,point,49,17,17,17,0
p17_s105_cross,17,point,50,17,17,17,0
p17_s105_cross,17,point,51,17,17,17,0
p17_s105_cross,17,point,52,17,17,17,0
p17_s105_cross,17,point,53,17,17,17,0
p17_s105_cross,17,point,54,17,17,17,0
p17_s105_cross,17,point,55,17,17,17,0
p17_s105_cross,17,point,56,17,17,17,0
p17_s105_cross,17,point,57,17,17,17,0
p17_s105_cross,17,point,58,17,17,17,0
p17_s105_cross,17,point,59,17,17,17,0
p17_s105_cross,17,profile,0,1,1,1,1
p17_s105_cross,17,profile,1,1,1,1,1
p17_s105_cross,17,profile,2,1,1,1,1
p17_s105_cross,17,profile,3,1,1,1,1
p17_s105_cross,17,profile,4,1,1,1,1
p17_s105_cross,17,profile,5,1,1,1,0
p17_s105_cross,17,profile,6,1,1,1,0
p17_s105_cross,17,profile,7,1,1,1,0
p17_s105_cross,17,profile,8,1,1,1,0
p17_s105_cross,17,profile,9,1,1,1,0
p17_s105_cross,17,profile,10,1,1,1,0
p17_s105_cross,17,profile,11,1,1,1,0
p17_s105_cross,17,profile,12,1,1,1,0
p17_s105_cross,17,profile,13,1,1,1,0
p17_s105_cross,17,profile,14,1,1,1,0
p17_s105_cross,17,profile,15,1,1,1,0
p17_s105_cross,17,profile,16,1,1,1,0
p17_s105_cross,17,profile,17,1,1,1,0
p17_s105_cross,17,profile,18,1,1,1,0
p17_s105_cross,17,profile,19,1,1,1,0
p17_s105_cross,17,profile,20,1,1,1,0
p17_s105_cross,17,profile,21,1,1,1,0
p17_s105_cross,17,profile,22,1,1,1,0
p17_s105_cross,17,profile,23,1,1,1,0
p17_s105_cross,17,profile,24,1,1,1,0
p17_s105_cross,17,profile,25,1,1,1,0
p17_s105_cross,17,profile,26,1,1,1,0
p17_s105_cross,17,profile,27,1,1,1,0
p17_s105_cross,17,profile,28,1,1,1,0
p17_s105_cross,17,profile,29,1,1,1,0
p17_s105_cross,17,profile,30,1,1,1,0
p17_s105_cross,17,profile,31,1,1,1,0
p17_s105_cross,17,profile,32,1,1,1,0
p17_s105_cross,17,profile,33,1,1,1,0
p17_s105_cross,17,profile,34,1,1,1,0
p17_s105_cross,17,profile,35,1,1,1,0
p17_s105_cross,17,profile,36,1,1,1,0
p17_s105_cross,17,profile,37,1,1,1,0
p17_s105_cross,17,profile,38,1,1,1,0
p17_s105_cross,17,profile,39,1,1,1,0
p17_s105_cross,17,profile,40,1,1,1,0
p17_s105_cross,17,profile,41,1,1,1,0
p17_s105_cross,17,profile,42,1,1,1,0
p17_s105_cross,17,profile,43,1,1,1,0
p17_s105_cross,17,profile,44,1,1,1,0
p17_s105_cross,17,profile,45,1,1,1,0
p17_s105_cross,17,profile,46,1,1,1,0
p17_s105_cross,17,profile,47,1,1,1,0
p17_s105_cross,17,profile,48,1,1,1,0
p17_s105_cross,17,profile,49,1,1,1,0
p17_s105_cross,17,profile,50,1,1,1,0
p17_s105_cross,17,profile,51,1,1,1,0
p17_s105_cross,17,profile,52,1,1,1,0
p17_s105_cross,17,profile,53,1,1,1,0
p17_s105_cross,17,profile,54,1,1,1,0
p17_s105_cross,17,profile,55,1,1,1,0
p17_s105_cross,17,profile,56,1,1,1,0
p17_s105_cross,17,profile,57,1,1,1,0
p17_s105_cross,17,profile,58,1,1,1,0
p17_s105_cross,17,profile,59,1,1,1,0
p17_s106_cross,17,point,0,17,17,17,17
p17_s106_cross,17,point,1,17,17,17,17
p17_s106_cross,17,point,2,17,17,17,17
p17_s106_cross,17,point,3,17,17,17,17
p17_s106_cross,17,point,4,17,17,17,17
p17_s106_cross,17,point,5,17,17,17,17
p17_s106_cross,17,point,6,17,17,17,17
p17_s106_cross,17,point,7,17,17,17,2
p17_s106_cross,17,point,8,17,17,17,1
p17_s106_cross,17,point,9,17,17,17,1
p17_s106_cross,17,point,10,17,17,17,0
p17_s106_cross,17,point,11,17,17,17,0
p17_s106_cross,17,point,12,17,17,17,0
p17_s106_cross,17,point,13,17,17,17,0
p17_s106_cross,17,point,14,17,17,17,0
p17_s106_cross,17,point,15,17,17,17,0
p17_s106_cross,17,point,16,17,17,17,0
p17_s106_cross,17,point,17,17,17,17,0
p17_s106_cross,17,point,18,17,17,17,0
p17_s106_cross,17,point,19,17,17,17,0
p17_s106_cross,17,point,20,17,17,17,0
p17_s106_cross,17,point,21,17,17,17,0
p17_s106_cross,17,point,22,17,17,17,0
p17_s106_cross,17,point,23,17,17,17,0
p17_s106_cross,17,point,24,17,17,17,0
p17_s106_cross,17,point,25,17,17,17,0
p17_s106_cross,17,point,26,17,17,17,0
p17_s106_cross,17,point,27,17,17,17,0
p17_s106_cross,17,point,28,17,17,17,0
p17_s106_cross,17,point,29,17,17,17,0
p17_s106_cross,17,point,30,17,17,17,0
p17_s106_cross,17,point,31,17,17,17,0
p17_s106_cross,17,point,32,17,17,17,0
p17_s106_cross,17,point,33,17,17,17,0
p17_s106_cross,17,point,34,17,17,17,0
p17_s106_cross,17,point,35,17,17,17,0
p17_s106_cross,17,point,36,17,17,17,0
p17_s106_cross,17,point,37,17,17,17,0
p17_s106_cross,17,point,38,17,17,17,0
p17_s106_cross,17,point,39,17,17,17,0
p17_s106_cross,17,point,40,17,17,17,0
p17_s106_cross,17,point,41,17,17,17,0
p17_s106_cross,17,point,42,17,17,17,0
p17_s106_cross,17,point,43,17,17,17,0
p17_s106_cross,17,point,44,17,17,17,0
p17_s106_cross,17,point,45,17,17,17,0
p17_s106_cross,17,point,46,17,17,17,0
p17_s106_cross,17,point,47,17,17,17,0
p17_s106_cross,17,point,48,17,17,17,0
p17_s106_cross,17,point,49,17,17,17,0
p17_s106_cross,17,point,50,17,17,17,0
p17_s106_cross,17,point,51,17,17,17,0
p17_s106_cross,17,point,52,17,17,17,0
p17_s106_cross,17,point,53,17,17,17,0
p17_s106_cross,17,point,54,17,17,17,0
p17_s106_cross,17,point,55,17,17,17,0
p17_s106_cross,17,point,56,17,17,17,0
p17_s106_cross,17,point,57,17,17,17,0
p17_s106_cross,17,point,58,17,17,17,0
p17_s106_cross,17,point,59,17,17,17,0
p17_s106_cross,17,profile,0,1,1,1,1
p17_s106_cross,17,profile,1,1,1,1,1
p17_s106_cross,17,profile,2,1,1,1,1
p17_s106_cross,17,profile,3,1,1,1,1
p17_s106_cross,17,profile,4,1,1,1,1
p17_s106_cross,17,profile,5,1,1,1,1
p17_s106_cross,17,profile,6,1,1,1,1
p17_s106_cross,17,profile,7,1,1,1,0
p17_s106_cross,17,profile,8,1,1,1,0
p17_s106_cross,17,profile,9,1,1,1,0
p17_s106_cross,17,profile,10,1,1,1,0
p17_s106_cross,17,profile,11,1,1,1,0
p17_s106_cross,17,profile,12,1,1,1,0
p17_s106_cross,17,profile,13,1,1,1,0
p17_s106_cross,17,profile,14,1,1,1,0
p17_s106_cross,17,profile,15,1,1,1,0
p17_s106_cross,17,profile,16,1,1,1,0
p17_s106_cross,17,profile,17,1,1,1,0
p17_s106_cross,17,profile,18,1,1,1,0
p17_s106_cross,17,profile,19,1,1,1,0
p17_s106_cross,17,profile,20,1,1,1,0
p17_s106_cross,17,profile,21,1,1,1,0
p17_s106_cross,17,profile,22,1,1,1,0
p17_s106_cross,17,profile,23,1,1,1,0
p17_s106_cross,17,profile,24,1,1,1,0
p17_s106_cross,17,profile,25,1,1,1,0
p17_s106_cross,17,profile,26,1,1,1,0
p17_s106_cross,17,profile,27,1,1,1,0
p17_s106_cross,17,profile,28,1,1,1,0
p17_s106_cross,17,profile,29,1,1,1,0
p17_s106_cross,17,profile,30,1,1,1,0
p17_s106_cross,17,profile,31,1,1,1,0
p17_s106_cross,17,profile,32,1,1,1,0
p17_s106_cross,17,profile,33,1,1,1,0
p17_s106_cross,17,profile,34,1,1,1,0
p17_s106_cross,17,profile,35,1,1,1,0
p17_s106_cross,17,profile,36,1,1,1,0
p17_s106_cross,17,profile,37,1,1,1,0
p17_s106_cross,17,profile,38,1,1,1,0
p17_s106_cross,17,profile,39,1,1,1,0
p17_s106_cross,17,profile,40,1,1,1,0
p17_s106_cross,17,profile,41,1,1,1,0
p17_s106_cross,17,profile,42,1,1,1,0
p17_s106_cross,17,profile,43,1,1,1,0
p17_s106_cross,17,profile,44,1,1,1,0
p17_s106_cross,17,profile,45,1,1,1,0
p17_s106_cross,17,profile,46,1,1,1,0
p17_s106_cross,17,profile,47,1,1,1,0
p17_s106_cross,17,profile,48,1,1,1,0
p17_s106_cross,17,profile,49,1,1,1,0
p17_s106_cross,17,profile,50,1,1,1,0
p17_s106_cross,17,profile,51,1,1,1,0
p17_s106_cross,17,profile,52,1,1,1,0
p17_s106_cross,17,profile,53,1,1,1,0
p17_s106_cross,17,profile,54,1,1,1,0
p17_s106_cross,17,profile,55,1,1,1,0
p17_s106_cross,17,profile,56,1,1,1,0
p17_s106_cross,17,profile,57,1,1,1,0
p17_s106_cross,17,profile,58,1,1,1,0
p17_s106_cross,17,profile,59,1,1,1,0
p17_s107_cross,17,point,0,17,17,17,17
p17_s107_cross,17,point,1,17,17,16,15
p17_s107_cross,17,point,2,17,17,17,14
p17_s107_cross,17,point,3,17,17,17,10
p17_s107_cross,17,point,4,17,17,17,8
p17_s107_cross,17,point,5,17,17,17,7
p17_s107_cross,17,point,6,17,17,17,7
p17_s107_cross,17,point,7,17,17,17,2
p17_s107_cross,17,point,8,17,17,17,1
p17_s107_cross,17,point,9,17,17,17,1
p17_s107_cross,17,point,10,17,17,17,0
p17_s107_cross,17,point,11,17,17,17,0
p17_s107_cross,17,point,12,17,17,17,0
p17_s107_cross,17,point,13,17,17,17,0
p17_s107_cross,17,point,14,17,17,17,0
p17_s107_cross,17,point,15,17,17,17,0
p17_s107_cross,17,point,16,17,17,17,0
p17_s107_cross,17,point,17,17,17,17,0
p17_s107_cross,17,point,18,17,17,17,0
p17_s107_cross,17,point,19,17,17,17,0
p17_s107_cross,17,point,20,17,17,17,0
p17_s107_cross,17,point,21,17,17,17,0
p17_s107_cross,17,point,22,17,17,17,0
p17_s107_cross,17,point,23,17,17,17,0
p17_s107_cross,17,point,24,17,17,17,0
p17_s107_cross,17,point,25,17,17,17,0
p17_s107_cross,17,point,26,17,17,17,0
p17_s107_cross,17,point,27,17,17,17,0
p17_s107_cross,17,point,28,17,17,17,0
p17_s107_cross,17,point,29,17,17,17,0
p17_s107_cross,17,point,30,17,17,17,0
p17_s107_cross,17,point,31,17,17,17,0
p17_s107_cross,17,point,32,17,17,17,0
p17_s107_cross,17,point,33,17,17,17,0
p17_s107_cross,17,point,34,17,17,17,0
p17_s107_cross,17,point,35,17,17,17,0
p17_s107_cross,17,point,36,17,17,17,0
p17_s107_cross,17,point,37,17,17,17,0
p17_s107_cross,17,point,38,17,17,17,0
p17_s107_cross,17,point,39,17,17,17,0
p17_s107_cross,17,point,40,17,17,17,0
p17_s107_cross,17,point,41,17,17,17,0
p17_s107_cross,17,point,42,17,17,17,0
p17_s107_cross,17,point,43,17,17,17,0
p17_s107_cross,17,point,44,17,17,17,0
p17_s107_cross,17,point,45,17,17,17,0
p17_s107_cross,17,point,46,17,17,17,0
p17_s107_cross,17,point,47,17,17,17,0
p17_s107_cross,17,point,48,17,17,17,0
p17_s107_cross,17,point,49,17,17,17,0
p17_s107_cross,17,point,50,17,17,17,0
p17_s107_cross,17,point,51,17,17,17,0
p17_s107_cross,17,point,52,17,17,17,0
p17_s107_cross,17,point,53,17,17,17,0
p17_s107_cross,17,point,54,17,17,17,0
p17_s107_cross,17,point,55,17,17,17,0
p17_s107_cross,17,point,56,17,17,17,0
p17_s107_cross,17,point,57,17,17,17,0
p17_s107_cross,17,point,58,17,17,17,0
p17_s107_cross,17,point,59,17,17,17,0
p17_s107_cross,17,profile,0,1,1,1,0
p17_s107_cross,17,profile,1,1,1,1,0
p17_s107_cross,17,profile,2,1,1,1,0
p17_s107_cross,17,profile,3,1,1,1,0
p17_s107_cross,17,profile,4,1,1,1,0
p17_s107_cross,17,profile,5,1,1,1,0
p17_s107_cross,17,profile,6,1,1,1,0
p17_s107_cross,17,profile,7,1,1,1,0
p17_s107_cross,17,profile,8,1,1,1,0
p17_s107_cross,17,profile,9,1,1,1,0
p17_s107_cross,17,profile,10,1,1,1,0
p17_s107_cross,17,profile,11,1,1,1,0
p17_s107_cross,17,profile,12,1,1,1,0
p17_s107_cross,17,profile,13,1,1,1,0
p17_s107_cross,17,profile,14,1,1,1,0
p17_s107_cross,17,profile,15,1,1,1,0
p17_s107_cross,17,profile,16,1,1,1,0
p17_s107_cross,17,profile,17,1,1,1,0
p17_s107_cross,17,profile,18,1,1,1,0
p17_s107_cross,17,profile,19,1,1,1,0
p17_s107_cross,17,profile,20,1,1,1,0
p17_s107_cross,17,profile,21,1,1,1,0
p17_s107_cross,17,profile,22,1,1,1,0
p17_s107_cross,17,profile,23,1,1,1,0
p17_s107_cross,17,profile,24,1,1,1,0
p17_s107_cross,17,profile,25,1,1,1,0
p17_s107_cross,17,profile,26,1,1,1,0
p17_s107_cross,17,profile,27,1,1,1,0
p17_s107_cross,17,profile,28,1,1,1,0
p17_s107_cross,17,profile,29,1,1,1,0
p17_s107_cross,17,profile,30,1,1,1,0
p17_s107_cross,17,profile,31,1,1,1,0
p17_s107_cross,17,profile,32,1,1,1,0
p17_s107_cross,17,profile,33,1,1,1,0
p17_s107_cross,17,profile,34,1,1,1,0
p17_s107_cross,17,profile,35,1,1,1,0
p17_s107_cross,17,profile,36,1,1,1,0
p17_s107_cross,17,profile,37,1,1,1,0
p17_s107_cross,17,profile,38,1,1,1,0
p17_s107_cross,17,profile,39,1,1,1,0
p17_s107_cross,17,profile,40,1,1,1,0
p17_s107_cross,17,profile,41,1,1,1,0
p17_s107_cross,17,profile,42,1,1,1,0
p17_s107_cross,17,profile,43,1,1,1,0
p17_s107_cross,17,profile,44,1,1,1,0
p17_s107_cross,17,profile,45,1,1,1,0
p17_s107_cross,17,profile,46,1,1,1,0
p17_s107_cross,17,profile,47,1,1,1,0
p17_s107_cross,17,profile,48,1,1,1,0
p17_s107_cross,17,profile,49,1,1,1,0
p17_s107_cross,17,profile,50,1,1,1,0
p17_s107_cross,17,profile,51,1,1,1,0
p17_s107_cross,17,profile,52,1,1,1,0
p17_s107_cross,17,profile,53,1,1,1,0
p17_s107_cross,17,profile,54,1,1,1,0
p17_s107_cross,17,profile,55,1,1,1,0
p17_s107_cross,17,profile,56,1,1,1,0
p17_s107_cross,17,profile,57,1,1,1,0
p17_s107_cross,17,profile,58,1,1,1,0
p17_s107_cross,17,profile,59,1,1,1,0
p17_s108_cross,17,point,0,17,17,17,17
p17_s108_cross,17,point,1,17,17,17,17
p17_s108_cross,17,point,2,17,17,17,17
p17_s108_cross,17,point,3,17,17,17,17
p17_s108_cross,17,point,4,17,17,17,17
p17_s108_cross,17,point,5,17,17,17,17
p17_s108_cross,17,point,6,17,17,17,17
p17_s108_cross,17,point,7,17,17,17,17
p17_s108_cross,17,point,8,17,17,17,0
p17_s108_cross,17,point,9,17,17,17,0
p17_s108_cross,17,point,10,17,17,17,0
p17_s108_cross,17,point,11,17,17,17,0
p17_s108_cross,17,point,12,17,17,17,0
p17_s108_cross,17,point,13,17,17,17,0
p17_s108_cross,17,point,14,17,17,17,0
p17_s108_cross,17,point,15,17,17,17,0
p17_s108_cross,17,point,16,17,17,17,0
p17_s108_cross,17,point,17,17,17,17,0
p17_s108_cross,17,point,18,17,17,17,0
p17_s108_cross,17,point,19,17,17,17,0
p17_s108_cross,17,point,20,17,17,17,0
p17_s108_cross,17,point,21,17,17,17,0
p17_s108_cross,17,point,22,17,17,17,0
p17_s108_cross,17,point,23,17,17,17,0
p17_s108_cross,17,point,24,17,17,17,0
p17_s108_cross,17,point,25,17,17,17,0
p17_s108_cross,17,point,26,17,17,17,0
p17_s108_cross,17,point,27,17,17,17,0
p17_s108_cross,17,point,28,17,17,17,0
p17_s108_cross,17,point,29,17,17,17,0
p17_s108_cross,17,point,30,17,17,17,0
p17_s108_cross,17,point,31,17,17,17,0
p17_s108_cross,17,point,32,17,17,17,0
p17_s108_cross,17,point,33,17,17,17,0
p17_s108_cross,17,point,34,17,17,17,0
p17_s108_cross,17,point,35,17,17,17,0
p17_s108_cross,17,point,36,17,17,17,0
p17_s108_cross,17,point,37,17,17,17,0
p17_s108_cross,17,point,38,17,17,17,0
p17_s108_cross,17,point,39,17,17,17,0
p17_s108_cross,17,point,40,17,17,17,0
p17_s108_cross,17,point,41,17,17,17,0
p17_s108_cross,17,point,42,17,17,17,0
p17_s108_cross,17,point,43,17,17,17,0
p17_s108_cross,17,point,44,17,17,17,0
p17_s108_cross,17,point,45,17,17,17,0
p17_s108_cross,17,point,46,17,17,17,0
p17_s108_cross,17,point,47,17,17,17,0
p17_s108_cross,17,point,48,17,17,17,0
p17_s108_cross,17,point,49,17,17,17,0
p17_s108_cross,17,point,50,17,17,17,0
p17_s108_cross,17,point,51,17,17,17,0
p17_s108_cross,17,point,52,17,17,17,0
p17_s108_cross,17,point,53,17,17,17,0
p17_s108_cross,17,point,54,17,17,17,0
p17_s108_cross,17,point,55,17,17,17,0
p17_s108_cross,17,point,56,17,17,17,0
p17_s108_cross,17,point,57,17,17,17,0
p17_s108_cross,17,point,58,17,17,17,0
p17_s108_cross,17,point,59,17,17,17,0
p17_s108_cross,17,profile,0,1,1,1,1
p17_s108_cross,17,profile,1,1,1,1,1
p17_s108_cross,17,profile,2,1,1,1,1
p17_s108_cross,17,profile,3,1,1,1,1
p17_s108_cross,17,profile,4,1,1,1,1
p17_s108_cross,17,profile,5,1,1,1,1
p17_s108_cross,17,profile,6,1,1,1,1
p17_s108_cross,17,profile,7,1,1,1,1
p17_s108_cross,17,profile,8,1,1,1,0
p17_s108_cross,17,profile,9,1,1,1,0
p17_s108_cross,17,profile,10,1,1,1,0
p17_s108_cross,17,profile,11,1,1,1,0
p17_s108_cross,17,profile,12,1,1,1,0
p17_s108_cross,17,profile,13,1,1,1,0
p17_s108_cross,17,profile,14,1,1,1,0
p17_s108_cross,17,profile,15,1,1,1,0
p17_s108_cross,17,profile,16,1,1,1,0
p17_s108_cross,17,profile,17,1,1,1,0
p17_s108_cross,17,profile,18,1,1,1,0
p17_s108_cross,17,profile,19,1,1,1,0
p17_s108_cross,17,profile,20,1,1,1,0
p17_s108_cross,17,profile,21,1,1,1,0
p17_s108_cross,17,profile,22,1,1,1,0
p17_s108_cross,17,profile,23,1,1,1,0
p17_s108_cross,17,profile,24,1,1,1,0
p17_s108_cross,17,profile,25,1,1,1,0
p17_s108_cross,17,profile,26,1,1,1,0
p17_s108_cross,17,profile,27,1,1,1,0
p17_s108_cross,17,profile,28,1,1,1,0
p17_s108_cross,17,profile,29,1,1,1,0
p17_s108_cross,17,profile,30,1,1,1,0
p17_s108_cross,17,profile,31,1,1,1,0
p17_s108_cross,17,profile,32,1,1,1,0
p17_s108_cross,17,profile,33,1,1,1,0
p17_s108_cross,17,profile,34,1,1,1,0
p17_s108_cross,17,profile,35,1,1,1,0
p17_s108_cross,17,profile,36,1,1,1,0
p17_s108_cross,17,profile,37,1,1,1,0
p17_s108_cross,17,profile,38,1,1,1,0
p17_s108_cross,17,profile,39,1,1,1,0
p17_s108_cross,17,profile,40,1,1,1,0
p17_s108_cross,17,profile,41,1,1,1,0
p17_s108_cross,17,profile,42,1,1,1,0
p17_s108_cross,17,profile,43,1,1,1,0
p17_s108_cross,17,profile,44,1,1,1,0
p17_s108_cross,17,profile,45,1,1,1,0
p17_s108_cross,17,profile,46,1,1,1,0
p17_s108_cross,17,profile,47,1,1,1,0
p17_s108_cross,17,profile,48,1,1,1,0
p17_s108_cross,17,profile,49,1,1,1,0
p17_s108_cross,17,profile,50,1,1,1,0
p17_s108_cross,17,profile,51,1,1,1,0
p17_s108_cross,17,profile,52,1,1,1,0
p17_s108_cross,17,profile,53,1,1,1,0
p17_s108_cross,17,profile,54,1,1,1,0
p17_s108_cross,17,profile,55,1,1,1,0
p17_s108_cross,17,profile,56,1,1,1,0
p17_s108_cross,17,profile,57,1,1,1,0
p17_s108_cross,17,profile,58,1,1,1,0
p17_s108_cross,17,profile,59,1,1,1,0
p17_s109_cross,17,point,0,17,17,17,17
p17_s109_cross,17,point,1,17,17,17,17
p17_s109_cross,17,point,2,17,17,17,17
p17_s109_cross,17,point,3,17,17,17,17
p17_s109_cross,17,point,4,17,17,17,17
p17_s109_cross,17,point,5,17,17,17,17
p17_s109_cross,17,point,6,17,17,17,17
p17_s109_cross,17,point,7,17,17,17,17
p17_s109_cross,17,point,8,17,17,17,0
p17_s109_cross,17,point,9,17,17,17,0
p17_s109_cross,17,point,10,17,17,17,0
p17_s109_cross,17,point,11,17,17,17,0
p17_s109_cross,17,point,12,17,17,17,0
p17_s109_cross,17,point,13,17,17,17,0
p17_s109_cross,17,point,14,17,17,17,0
p17_s109_cross,17,point,15,17,17,17,0
p17_s109_cross,17,point,16,17,17,17,0
p17_s109_cross,17,point,17,17,17,17,0
p17_s109_cross,17,point,18,17,17,17,0
p17_s109_cross,17,point,19,17,17,17,0
p17_s109_cross,17,point,20,17,17,17,0
p17_s109_cross,17,point,21,17,17,17,0
p17_s109_cross,17,point,22,17,17,17,0
p17_s109_cross,17,point,23,17,17,17,0
p17_s109_cross,17,point,24,17,17,17,0
p17_s109_cross,17,point,25,17,17,17,0
p17_s109_cross,17,point,26,17,17,17,0
p17_s109_cross,17,point,27,17,17,17,0
p17_s109_cross,17,point,28,17,17,17,0
p17_s109_cross,17,point,29,17,17,17,0
p17_s109_cross,17,point,30,17,17,17,0
p17_s109_cross,17,point,31,17,17,17,0
p17_s109_cross,17,point,32,17,17,17,0
p17_s109_cross,17,point,33,17,17,17,0
p17_s109_cross,17,point,34,17,17,17,0
p17_s109_cross,17,point,35,17,17,17,0
p17_s109_cross,17,point,36,17,17,17,0
p17_s109_cross,17,point,37,17,17,17,0
p17_s109_cross,17,point,38,17,17,17,0
p17_s109_cross,17,point,39,17,17,17,0
p17_s109_cross,17,point,40,17,17,17,0
p17_s109_cross,17,point,41,17,17,17,0
p17_s109_cross,17,point,42,17,17,17,0
p17_s109_cross,17,point,43,17,17,17,0
p17_s109_cross,17,point,44,17,17,17,0
p17_s109_cross,17,point,45,17,17,17,0
p17_s109_cross,17,point,46,17,17,17,0
p17_s109_cross,17,point,47,17,17,17,0
p17_s109_cross,17,point,48,17,17,17,0
p17_s109_cross,17,point,49,17,17,17,0
p17_s109_cross,17,point,50,17,17,17,0
p17_s109_cross,17,point,51,17,17,17,0
p17_s109_cross,17,point,52,17,17,17,0
p17_s109_cross,17,point,53,17,17,17,0
p17_s109_cross,17,point,54,17,17,17,0
p17_s109_cross,17,point,55,17,17,17,0
p17_s109_cross,17,point,56,17,17,17,0
p17_s109_cross,17,point,57,17,17,17,0
p17_s109_cross,17,point,58,17,17,17,0
p17_s109_cross,17,point,59,17,17,17,0
p17_s109_cross,17,profile,0,1,1,1,1
p17_s109_cross,17,profile,1,1,1,1,1
p17_s109_cross,17,profile,2,1,1,1,1
p17_s109_cross,17,profile,3,1,1,1,1
p17_s109_cross,17,profile,4,1,1,1,1
p17_s109_cross,17,profile,5,1,1,1,1
p17_s109_cross,17,profile,6,1,1,1,1
p17_s109_cross,17,profile,7,1,1,1,1
p17_s109_cross,17,profile,8,1,1,1,0
p17_s109_cross,17,profile,9,1,1,1,0
p17_s109_cross,17,profile,10,1,1,1,0
p17_s109_cross,17,profile,11,1,1,1,0
p17_s109_cross,17,profile,12,1,1,1,0
p17_s109_cross,17,profile,13,1,1,1,0
p17_s109_cross,17,profile,14,1,1,1,0
p17_s109_cross,17,profile,15,1,1,1,0
p17_s109_cross,17,profile,16,1,1,1,0
p17_s109_cross,17,profile,17,1,1,1,0
p17_s109_cross,17,profile,18,1,1,1,0
p17_s109_cross,17,profile,19,1,1,1,0
p17_s109_cross,17,profile,20,1,1,1,0
p17_s109_cross,17,profile,21,1,1,1,0
p17_s109_cross,17,profile,22,1,1,1,0
p17_s109_cross,17,profile,23,1,1,1,0
p17_s109_cross,17,profile,24,1,1,1,0
p17_s109_cross,17,profile,25,1,1,1,0
p17_s109_cross,17,profile,26,1,1,1,0
p17_s109_cross,17,profile,27,1,1,1,0
p17_s109_cross,17,profile,28,1,1,1,0
p17_s109_cross,17,profile,29,1,1,1,0
p17_s109_cross,17,profile,30,1,1,1,0
p17_s109_cross,17,profile,31,1,1,1,0
p17_s109_cross,17,profile,32,1,1,1,0
p17_s109_cross,17,profile,33,1,1,1,0
p17_s109_cross,17,profile,34,1,1,1,0
p17_s109_cross,17,profile,35,1,1,1,0
p17_s109_cross,17,profile,36,1,1,1,0
p17_s109_cross,17,profile,37,1,1,1,0
p17_s109_cross,17,profile,38,1,1,1,0
p17_s109_cross,17,profile,39,1,1,1,0
p17_s109_cross,17,profile,40,1,1,1,0
p17_s109_cross,17,profile,41,1,1,1,0
p17_s109_cross,17,profile,42,1,1,1,0
p17_s109_cross,17,profile,43,1,1,1,0
p17_s109_cross,17,profile,44,1,1,1,0
p17_s109_cross,17,profile,45,1,1,1,0
p17_s109_cross,17,profile,46,1,1,1,0
p17_s109_cross,17,profile,47,1,1,1,0
p17_s109_cross,17,profile,48,1,1,1,0
p17_s109_cross,17,profile,49,1,1,1,0
p17_s109_cross,17,profile,50,1,1,1,0
p17_s109_cross,17,profile,51,1,1,1,0
p17_s109_cross,17,profile,52,1,1,1,0
p17_s109_cross,17,profile,53,1,1,1,0
p17_s109_cross,17,profile,54,1,1,1,0
p17_s109_cross,17,profile,55,1,1,1,0
p17_s109_cross,17,profile,56,1,1,1,0
p17_s109_cross,17,profile,57,1,1,1,0
p17_s109_cross,17,profile,58,1,1,1,0
p17_s109_cross,17,profile,59,1,1,1,0
p17_s110_cross,17,point,0,17,17,17,17
p17_s110_cross,17,point,1,17,17,17,17
p17_s110_cross,17,point,2,17,17,17,17
p17_s110_cross,17,point,3,17,17,17,17
p17_s110_cross,17,point,4,17,17,17,17
p17_s110_cross,17,point,5,17,17,17,17
p17_s110_cross,17,point,6,17,17,17,17
p17_s110_cross,17,point,7,17,17,17,17
p17_s110_cross,17,point,8,17,17,17,0
p17_s110_cross,17,point,9,17,17,17,0
p17_s110_cross,17,point,10,17,17,17,0
p17_s110_cross,17,point,11,17,17,17,0
p17_s110_cross,17,point,12,17,17,17,0
p17_s110_cross,17,point,13,17,17,17,0
p17_s110_cross,17,point,14,17,17,17,0
p17_s110_cross,17,point,15,17,17,17,0
p17_s110_cross,17,point,16,17,17,17,0
p17_s110_cross,17,point,17,17,17,17,0
p17_s110_cross,17,point,18,17,17,17,0
p17_s110_cross,17,point,19,17,17,17,0
p17_s110_cross,17,point,20,17,17,17,0
p17_s110_cross,17,point,21,17,17,17,0
p17_s110_cross,17,point,22,17,17,17,0
p17_s110_cross,17,point,23,17,17,17,0
p17_s110_cross,17,point,24,17,17,17,0
p17_s110_cross,17,point,25,17,17,17,0
p17_s110_cross,17,point,26,17,17,17,0
p17_s110_cross,17,point,27,17,17,17,0
p17_s110_cross,17,point,28,17,17,17,0
p17_s110_cross,17,point,29,17,17,17,0
p17_s110_cross,17,point,30,17,17,17,0
p17_s110_cross,17,point,31,17,17,17,0
p17_s110_cross,17,point,32,17,17,17,0
p17_s110_cross,17,point,33,17,17,17,0
p17_s110_cross,17,point,34,17,17,17,0
p17_s110_cross,17,point,35,17,17,17,0
p17_s110_cross,17,point,36,17,17,17,0
p17_s110_cross,17,point,37,17,17,17,0
p17_s110_cross,17,point,38,17,17,17,0
p17_s110_cross,17,point,39,17,17,17,0
p17_s110_cross,17,point,40,17,17,17,0
p17_s110_cross,17,point,41,17,17,17,0
p17_s110_cross,17,point,42,17,17,17,0
p17_s110_cross,17,point,43,17,17,17,0
p17_s110_cross,17,point,44,17,17,17,0
p17_s110_cross,17,point,45,17,17,17,0
p17_s110_cross,17,point,46,17,17,17,0
p17_s110_cross,17,point,47,17,17,17,0
p17_s110_cross,17,point,48,17,17,17,0
p17_s110_cross,17,point,49,17,17,17,0
p17_s110_cross,17,point,50,17,17,17,0
p17_s110_cross,17,point,51,17,17,17,0
p17_s110_cross,17,point,52,17,17,17,0
p17_s110_cross,17,point,53,17,17,17,0
p17_s110_cross,17,point,54,17,17,17,0
p17_s110_cross,17,point,55,17,17,17,0
p17_s110_cross,17,point,56,17,17,17,0
p17_s110_cross,17,point,57,17,17,17,0
p17_s110_cross,17,point,58,17,17,17,0
p17_s110_cross,17,point,59,17,17,17,0
p17_s110_cross,17,profile,0,1,1,1,1
p17_s110_cross,17,profile,1,1,1,1,1
p17_s110_cross,17,profile,2,1,1,1,1
p17_s110_cross,17,profile,3,1,1,1,1
p17_s110_cross,17,profile,4,1,1,1,1
p17_s110_cross,17,profile,5,1,1,1,1
p17_s110_cross,17,profile,6,1,1,1,1
p17_s110_cross,17,profile,7,1,1,1,1
p17_s110_cross,17,profile,8,1,1,1,0
p17_s110_cross,17,profile,9,1,1,1,0
p17_s110_cross,17,profile,10,1,1,1,0
p17_s110_cross,17,profile,11,1,1,1,0
p17_s110_cross,17,profile,12,1,1,1,0
p17_s110_cross,17,profile,13,1,1,1,0
p17_s110_cross,17,profile,14,1,1,1,0
p17_s110_cross,17,profile,15,1,1,1,0
p17_s110_cross,17,profile,16,1,1,1,0
p17_s110_cross,17,profile,17,1,1,1,0
p17_s110_cross,17,profile,18,1,1,1,0
p17_s110_cross,17,profile,19,1,1,1,0
p17_s110_cross,17,profile,20,1,1,1,0
p17_s110_cross,17,profile,21,1,1,1,0
p17_s110_cross,17,profile,22,1,1,1,0
p17_s110_cross,17,profile,23,1,1,1,0
p17_s110_cross,17,profile,24,1,1,1,0
p17_s110_cross,17,profile,25,1,1,1,0
p17_s110_cross,17,profile,26,1,1,1,0
p17_s110_cross,17,profile,27,1,1,1,0
p17_s110_cross,17,profile,28,1,1,1,0
p17_s110_cross,17,profile,29,1,1,1,0
p17_s110_cross,17,profile,30,1,1,1,0
p17_s110_cross,17,profile,31,1,1,1,0
p17_s110_cross,17,profile,32,1,1,1,0
p17_s110_cross,17,profile,33,1,1,1,0
p17_s110_cross,17,profile,34,1,1,1,0
p17_s110_cross,17,profile,35,1,1,1,0
p17_s110_cross,17,profile,36,1,1,1,0
p17_s110_cross,17,profile,37,1,1,1,0
p17_s110_cross,17,profile,38,1,1,1,0
p17_s110_cross,17,profile,39,1,1,1,0
p17_s110_cross,17,profile,40,1,1,1,0
p17_s110_cross,17,profile,41,1,1,1,0
p17_s110_cross,17,profile,42,1,1,1,0
p17_s110_cross,17,profile,43,1,1,1,0
p17_s110_cross,17,profile,44,1,1,1,0
p17_s110_cross,17,profile,45,1,1,1,0
p17_s110_cross,17,profile,46,1,1,1,0
p17_s110_cross,17,profile,47,1,1,1,0
p17_s110_cross,17,profile,48,1,1,1,0
p17_s110_cross,17,profile,49,1,1,1,0
p17_s110_cross,17,profile,50,1,1,1,0
p17_s110_cross,17,profile,51,1,1,1,0
p17_s110_cross,17,profile,52,1,1,1,0
p17_s110_cross,17,profile,53,1,1,1,0
p17_s110_cross,17,profile,54,1,1,1,0
p17_s110_cross,17,profile,55,1,1,1,0
p17_s110_cross,17,profile,56,1,1,1,0
p17_s110_cross,17,profile,57,1,1,1,0
p17_s110_cross,17,profile,58,1,1,1,0
p17_s110_cross,17,profile,59,1,1,1,0
p17_s111_cross,17,point,0,17,17,17,17
p17_s111_cross,17,point,1,17,17,17,17
p17_s111_cross,17,point,2,17,17,17,16
p17_s111_cross,17,point,3,17,17,17,16
p17_s111_cross,17,point,4,17,17,17,15
p17_s111_cross,17,point,5,17,17,17,15
p17_s111_cross,17,point,6,17,17,17,14
p17_s111_cross,17,point,7,17,17,17,9
p17_s111_cross,17,point,8,17,17,17,8
p17_s111_cross,17,point,9,17,17,17,4
p17_s111_cross,17,point,10,17,17,17,1
p17_s111_cross,17,point,11,17,17,17,1
p17_s111_cross,17,point,12,17,17,17,0
p17_s111_cross,17,point,13,17,17,17,0
p17_s111_cross,17,point,14,17,17,17,0
p17_s111_cross,17,point,15,17,17,17,0
p17_s111_cross,17,point,16,17,17,17,0
p17_s111_cross,17,point,17,17,17,17,0
p17_s111_cross,17,point,18,17,17,17,0
p17_s111_cross,17,point,19,17,17,17,0
p17_s111_cross,17,point,20,17,17,17,0
p17_s111_cross,17,point,21,17,17,17,0
p17_s111_cross,17,point,22,17,17,17,0
p17_s111_cross,17,point,23,17,17,17,0
p17_s111_cross,17,point,24,17,17,17,0
p17_s111_cross,17,point,25,17,17,17,0
p17_s111_cross,17,point,26,17,17,17,0
p17_s111_cross,17,point,27,17,17,17,0
p17_s111_cross,17,point,28,17,17,17,0
p17_s111_cross,17,point,29,17,17,17,0
p17_s111_cross,17,point,30,17,17,17,0
p17_s111_cross,17,point,31,17,17,17,0
p17_s111_cross,17,point,32,17,17,17,0
p17_s111_cross,17,point,33,17,17,17,0
p17_s111_cross,17,point,34,17,17,17,0
p17_s111_cross,17,point,35,17,17,17,0
p17_s111_cross,17,point,36,17,17,17,0
p17_s111_cross,17,point,37,17,17,17,0
p17_s111_cross,17,point,38,17,17,17,0
p17_s111_cross,17,point,39,17,17,17,0
p17_s111_cross,17,point,40,17,17,17,0
p17_s111_cross,17,point,41,17,17,17,0
p17_s111_cross,17,point,42,17,17,17,0
p17_s111_cross,17,point,43,17,17,17,0
p17_s111_cross,17,point,44,17,17,17,0
p17_s111_cross,17,point,45,17,17,17,0
p17_s111_cross,17,point,46,17,17,17,0
p17_s111_cross,17,point,47,17,17,17,0
p17_s111_cross,17,point,48,17,17,17,0
p17_s111_cross,17,point,49,17,17,17,0
p17_s111_cross,17,point,50,17,17,17,0
p17_s111_cross,17,point,51,17,17,17,0
p17_s111_cross,17,point,52,17,17,17,0
p17_s111_cross,17,point,53,17,17,17,0
p17_s111_cross,17,point,54,17,17,17,0
p17_s111_cross,17,point,55,17,17,17,0
p17_s111_cross,17,point,56,17,17,17,0
p17_s111_cross,17,point,57,17,17,17,0
p17_s111_cross,17,point,58,17,17,17,0
p17_s111_cross,17,point,59,17,17,17,0
p17_s111_cross,17,profile,0,1,1,1,1
p17_s111_cross,17,profile,1,1,1,1,1
p17_s111_cross,17,profile,2,1,1,1,1
p17_s111_cross,17,profile,3,1,1,1,1
p17_s111_cross,17,profile,4,1,1,1,1
p17_s111_cross,17,profile,5,1,1,1,1
p17_s111_cross,17,profile,6,1,1,1,1
p17_s111_cross,17,profile,7,1,1,1,1
p17_s111_cross,17,profile,8,1,1,1,1
p17_s111_cross,17,profile,9,1,1,1,1
p17_s111_cross,17,profile,10,1,1,1,0
p17_s111_cross,17,profile,11,1,1,1,0
p17_s111_cross,17,profile,12,1,1,1,0
p17_s111_cross,17,profile,13,1,1,1,0
p17_s111_cross,17,profile,14,1,1,1,0
p17_s111_cross,17,profile,15,1,1,1,0
p17_s111_cross,17,profile,16,1,1,1,0
p17_s111_cross,17,profile,17,1,1,1,0
p17_s111_cross,17,profile,18,1,1,1,0
p17_s111_cross,17,profile,19,1,1,1,0
p17_s111_cross,17,profile,20,1,1,1,0
p17_s111_cross,17,profile,21,1,1,1,0
p17_s111_cross,17,profile,22,1,1,1,0
p17_s111_cross,17,profile,23,1,1,1,0
p17_s111_cross,17,profile,24,1,1,1,0
p17_s111_cross,17,profile,25,1,1,1,0
p17_s111_cross,17,profile,26,1,1,1,0
p17_s111_cross,17,profile,27,1,1,1,0
p17_s111_cross,17,profile,28,1,1,1,0
p17_s111_cross,17,profile,29,1,1,1,0
p17_s111_cross,17,profile,30,1,1,1,0
p17_s111_cross,17,profile,31,1,1,1,0
p17_s111_cross,17,profile,32,1,1,1,0
p17_s111_cross,17,profile,33,1,1,1,0
p17_s111_cross,17,profile,34,1,1,1,0
p17_s111_cross,17,profile,35,1,1,1,0
p17_s111_cross,17,profile,36,1,1,1,0
p17_s111_cross,17,profile,37,1,1,1,0
p17_s111_cross,17,profile,38,1,1,1,0
p17_s111_cross,17,profile,39,1,1,1,0
p17_s111_cross,17,profile,40,1,1,1,0
p17_s111_cross,17,profile,41,1,1,1,0
p17_s111_cross,17,profile,42,1,1,1,0
p17_s111_cross,17,profile,43,1,1,1,0
p17_s111_cross,17,profile,44,1,1,1,0
p17_s111_cross,17,profile,45,1,1,1,0
p17_s111_cross,17,profile,46,1,1,1,0
p17_s111_cross,17,profile,47,1,1,1,0
p17_s111_cross,17,profile,48,1,1,1,0
p17_s111_cross,17,profile,49,1,1,1,0
p17_s111_cross,17,profile,50,1,1,1,0
p17_s111_cross,17,profile,51,1,1,1,0
p17_s111_cross,17,profile,52,1,1,1,0
p17_s111_cross,17,profile,53,1,1,1,0
p17_s111_cross,17,profile,54,1,1,1,0
p17_s111_cross,17,profile,55,1,1,1,0
p17_s111_cross,17,profile,56,1,1,1,0
p17_s111_cross,17,profile,57,1,1,1,0
p17_s111_cross,17,profile,58,1,1,1,0
p17_s111_cross,17,profile,59,1,1,1,0
p17_s112_cross,17,point,0,17,17,17,17
p17_s112_cross,17,point,1,17,17,17,17
p17_s112_cross,17,point,2,17,17,17,17
p17_s112_cross,17,point,3,17,17,17,17
p17_s112_cross,17,point,4,17,17,17,17
p17_s112_cross,17,point,5,17,17,17,17
p17_s112_cross,17,point,6,17,17,17,17
p17_s112_cross,17,point,7,17,17,17,17
p17_s112_cross,17,point,8,17,17,17,3
p17_s112_cross,17,point,9,17,17,17,0
p17_s112_cross,17,point,10,17,17,17,0
p17_s112_cross,17,point,11,17,17,17,0
p17_s112_cross,17,point,12,17,17,17,0
p17_s112_cross,17,point,13,17,17,17,0
p17_s112_cross,17,point,14,17,17,17,0
p17_s112_cross,17,point,15,17,17,17,0
p17_s112_cross,17,point,16,17,17,17,0
p17_s112_cross,17,point,17,17,17,17,0
p17_s112_cross,17,point,18,17,17,17,0
p17_s112_cross,17,point,19,17,17,17,0
p17_s112_cross,17,point,20,17,17,17,0
p17_s112_cross,17,point,21,17,17,17,0
p17_s112_cross,17,point,22,17,17,17,0
p17_s112_cross,17,point,23,17,17,17,0
p17_s112_cross,17,point,24,17,17,17,0
p17_s112_cross,17,point,25,17,17,17,0
p17_s112_cross,17,point,26,17,17,17,0
p17_s112_cross,17,point,27,17,17,17,0
p17_s112_cross,17,point,28,17,17,17,0
p17_s112_cross,17,point,29,17,17,17,0
p17_s112_cross,17,point,30,17,17,17,0
p17_s112_cross,17,point,31,17,17,17,0
p17_s112_cross,17,point,32,17,17,17,0
p17_s112_cross,17,point,33,17,17,17,0
p17_s112_cross,17,point,34,17,17,17,0
p17_s112_cross,17,point,35,17,17,17,0
p17_s112_cross,17,point,36,17,17,17,0
p17_s112_cross,17,point,37,17,17,17,0
p17_s112_cross,17,point,38,17,17,17,0
p17_s112_cross,17,point,39,17,17,17,0
p17_s112_cross,17,point,40,17,17,17,0
p17_s112_cross,17,point,41,17,17,17,0
p17_s112_cross,17,point,42,17,17,17,0
p17_s112_cross,17,point,43,17,17,17,0
p17_s112_cross,17,point,44,17,17,17,0
p17_s112_cross,17,point,45,17,17,17,0
p17_s112_cross,17,point,46,17,17,17,0
p17_s112_cross,17,point,47,17,17,17,0
p17_s112_cross,17,point,48,17,17,17,0
p17_s112_cross,17,point,49,17,17,17,0
p17_s112_cross,17,point,50,17,17,17,0
p17_s112_cross,17,point,51,17,17,17,0
p17_s112_cross,17,point,52,17,17,17,0
p17_s112_cross,17,point,53,17,17,17,0
p17_s112_cross,17,point,54,17,17,17,0
p17_s112_cross,17,point,55,17,17,17,0
p17_s112_cross,17,point,56,17,17,17,0
p17_s112_cross,17,point,57,17,17,17,0
p17_s112_cross,17,point,58,17,17,17,0
p17_s112_cross,17,point,59,17,17,17,0
p17_s112_cross,17,profile,0,1,1,1,1
p17_s112_cross,17,profile,1,1,1,1,1
p17_s112_cross,17,profile,2,1,1,1,1
p17_s112_cross,17,profile,3,1,1,1,1
p17_s112_cross,17,profile,4,1,1,1,1
p17_s112_cross,17,profile,5,1,1,1,1
p17_s112_cross,17,profile,6,1,1,1,1
p17_s112_cross,17,profile,7,1,1,1,1
p17_s112_cross,17,profile,8,1,1,1,0
p17_s112_cross,17,profile,9,1,1,1,0
p17_s112_cross,17,profile,10,1,1,1,0
p17_s112_cross,17,profile,11,1,1,1,0
p17_s112_cross,17,profile,12,1,1,1,0
p17_s112_cross,17,profile,13,1,1,1,0
p17_s112_cross,17,profile,14,1,1,1,0
p17_s112_cross,17,profile,15,1,1,1,0
p17_s112_cross,17,profile,16,1,1,1,0
p17_s112_cross,17,profile,17,1,1,1,0
p17_s112_cross,17,profile,18,1,1,1,0
p17_s112_cross,17,profile,19,1,1,1,0
p17_s112_cross,17,profile,20,1,1,1,0
p17_s112_cross,17,profile,21,1,1,1,0
p17_s112_cross,17,profile,22,1,1,1,0
p17_s112_cross,17,profile,23,1,1,1,0
p17_s112_cross,17,profile,24,1,1,1,0
p17_s112_cross,17,profile,25,1,1,1,0
p17_s112_cross,17,profile,26,1,1,1,0
p17_s112_cross,17,profile,27,1,1,1,0
p17_s112_cross,17,profile,28,1,1,1,0
p17_s112_cross,17,profile,29,1,1,1,0
p17_s112_cross,17,profile,30,1,1,1,0
p17_s112_cross,17,profile,31,1,1,1,0
p17_s112_cross,17,profile,32,1,1,1,0
p17_s112_cross,17,profile,33,1,1,1,0
p17_s112_cross,17,profile,34,1,1,1,0
p17_s112_cross,17,profile,35,1,1,1,0
p17_s112_cross,17,profile,36,1,1,1,0
p17_s112_cross,17,profile,37,1,1,1,0
p17_s112_cross,17,profile,38,1,1,1,0
p17_s112_cross,17,profile,39,1,1,1,0
p17_s112_cross,17,profile,40,1,1,1,0
p17_s112_cross,17,profile,41,1,1,1,0
p17_s112_cross,17,profile,42,1,1,1,0
p17_s112_cross,17,profile,43,1,1,1,0
p17_s112_cross,17,profile,44,1,1,1,0
p17_s112_cross,17,profile,45,1,1,1,0
p17_s112_cross,17,profile,46,1,1,1,0
p17_s112_cross,17,profile,47,1,1,1,0
p17_s112_cross,17,profile,48,1,1,1,0
p17_s112_cross,17,profile,49,1,1,1,0
p17_s112_cross,17,profile,50,1,1,1,0
p17_s112_cross,17,profile,51,1,1,1,0
p17_s112_cross,17,profile,52,1,1,1,0
p17_s112_cross,17,profile,53,1,1,1,0
p17_s112_cross,17,profile,54,1,1,1,0
p17_s112_cross,17,profile,55,1,1,1,0
p17_s112_cross,17,profile,56,1,1,1,0
p17_s112_cross,17,profile,57,1,1,1,0
p17_s112_cross,17,profile,58,1,1,1,0
p17_s112_cross,17,profile,59,1,1,1,0
p17_s113_cross,17,point,0,17,17,17,17
p17_s113_cross,17,point,1,17,17,17,17
p17_s113_cross,17,point,2,17,17,17,17
p17_s113_cross,17,point,3,17,17,17,17
p17_s113_cross,17,point,4,17,17,17,17
p17_s113_cross,17,point,5,17,17,17,17
p17_s113_cross,17,point,6,17,17,17,17
p17_s113_cross,17,point,7,17,17,17,17
p17_s113_cross,17,point,8,17,17,17,1
p17_s113_cross,17,point,9,17,17,17,0
p17_s113_cross,17,point,10,17,17,17,0
p17_s113_cross,17,point,11,17,17,17,0
p17_s113_cross,17,point,12,17,17,17,0
p17_s113_cross,17,point,13,17,17,17,0
p17_s113_cross,17,point,14,17,17,17,0
p17_s113_cross,17,point,15,17,17,17,0
p17_s113_cross,17,point,16,17,17,17,0
p17_s113_cross,17,point,17,17,17,17,0
p17_s113_cross,17,point,18,17,17,17,0
p17_s113_cross,17,point,19,17,17,17,0
p17_s113_cross,17,point,20,17,17,17,0
p17_s113_cross,17,point,21,17,17,17,0
p17_s113_cross,17,point,22,17,17,17,0
p17_s113_cross,17,point,23,17,17,17,0
p17_s113_cross,17,point,24,17,17,17,0
p17_s113_cross,17,point,25,17,17,17,0
p17_s113_cross,17,point,26,17,17,17,0
p17_s113_cross,17,point,27,17,17,17,0
p17_s113_cross,17,point,28,17,17,17,0
p17_s113_cross,17,point,29,17,17,17,0
p17_s113_cross,17,point,30,17,17,17,0
p17_s113_cross,17,point,31,17,17,17,0
p17_s113_cross,17,point,32,17,17,17,0
p17_s113_cross,17,point,33,17,17,17,0
p17_s113_cross,17,point,34,17,17,17,0
p17_s113_cross,17,point,35,17,17,17,0
p17_s113_cross,17,point,36,17,17,17,0
p17_s113_cross,17,point,37,17,17,17,0
p17_s113_cross,17,point,38,17,17,17,0
p17_s113_cross,17,point,39,17,17,17,0
p17_s113_cross,17,point,40,17,17,17,0
p17_s113_cross,17,point,41,17,17,17,0
p17_s113_cross,17,point,42,17,17,17,0
p17_s113_cross,17,point,43,17,17,17,0
p17_s113_cross,17,point,44,17,17,17,0
p17_s113_cross,17,point,45,17,17,17,0
p17_s113_cross,17,point,46,17,17,17,0
p17_s113_cross,17,point,47,17,17,17,0
p17_s113_cross,17,point,48,17,17,17,0
p17_s113_cross,17,point,49,17,17,17,0
p17_s113_cross,17,point,50,17,17,17,0
p17_s113_cross,17,point,51,17,17,17,0
p17_s113_cross,17,point,52,17,17,17,0
p17_s113_cross,17,point,53,17,17,17,0
p17_s113_cross,17,point,54,17,17,17,0
p17_s113_cross,17,point,55,17,17,17,0
p17_s113_cross,17,point,56,17,17,17,0
p17_s113_cross,17,point,57,17,17,17,0
p17_s113_cross,17,point,58,17,17,17,0
p17_s113_cross,17,point,59,17,17,17,0
p17_s113_cross,17,profile,0,1,1,1,1
p17_s113_cross,17,profile,1,1,1,1,1
p17_s113_cross,17,profile,2,1,1,1,1
p17_s113_cross,17,profile,3,1,1,1,1
p17_s113_cross,17,profile,4,1,1,1,1
p17_s113_cross,17,profile,5,1,1,1,1
p17_s113_cross,17,profile,6,1,1,1,1
p17_s113_cross,17,profile,7,1,1,1,1
p17_s113_cross,17,profile,8,1,1,1,0
p17_s113_cross,17,profile,9,1,1,1,0
p17_s113_cross,17,profile,10,1,1,1,0
p17_s113_cross,17,profile,11,1,1,1,0
p17_s113_cross,17,profile,12,1,1,1,0
p17_s113_cross,17,profile,13,1,1,1,0
p17_s113_cross,17,profile,14,1,1,1,0
p17_s113_cross,17,profile,15,1,1,1,0
p17_s113_cross,17,profile,16,1,1,1,0
p17_s113_cross,17,profile,17,1,1,1,0
p17_s113_cross,17,profile,18,1,1,1,0
p17_s113_cross,17,profile,19,1,1,1,0
p17_s113_cross,17,profile,20,1,1,1,0
p17_s113_cross,17,profile,21,1,1,1,0
p17_s113_cross,17,profile,22,1,1,1,0
p17_s113_cross,17,profile,23,1,1,1,0
p17_s113_cross,17,profile,24,1,1,1,0
p17_s113_cross,17,profile,25,1,1,1,0
p17_s113_cross,17,profile,26,1,1,1,0
p17_s113_cross,17,profile,27,1,1,1,0
p17_s113_cross,17,profile,28,1,1,1,0
p17_s113_cross,17,profile,29,1,1,1,0
p17_s113_cross,17,profile,30,1,1,1,0
p17_s113_cross,17,profile,31,1,1,1,0
p17_s113_cross,17,profile,32,1,1,1,0
p17_s113_cross,17,profile,33,1,1,1,0
p17_s113_cross,17,profile,34,1,1,1,0
p17_s113_cross,17,profile,35,1,1,1,0
p17_s113_cross,17,profile,36,1,1,1,0
p17_s113_cross,17,profile,37,1,1,1,0
p17_s113_cross,17,profile,38,1,1,1,0
p17_s113_cross,17,profile,39,1,1,1,0
p17_s113_cross,17,profile,40,1,1,1,0
p17_s113_cross,17,profile,41,1,1,1,0
p17_s113_cross,17,profile,42,1,1,1,0
p17_s113_cross,17,profile,43,1,1,1,0
p17_s113_cross,17,profile,44,1,1,1,0
p17_s113_cross,17,profile,45,1,1,1,0
p17_s113_cross,17,profile,46,1,1,1,0
p17_s113_cross,17,profile,47,1,1,1,0
p17_s113_cross,17,profile,48,1,1,1,0
p17_s113_cross,17,profile,49,1,1,1,0
p17_s113_cross,17,profile,50,1,1,1,0
p17_s113_cross,17,profile,51,1,1,1,0
p17_s113_cross,17,profile,52,1,1,1,0
p17_s113_cross,17,profile,53,1,1,1,0
p17_s113_cross,17,profile,54,1,1,1,0
p17_s113_cross,17,profile,55,1,1,1,0
p17_s113_cross,17,profile,56,1,1,1,0
p17_s113_cross,17,profile,57,1,1,1,0
p17_s113_cross,17,profile,58,1,1,1,0
p17_s113_cross,17,profile,59,1,1,1,0
p17_s114_cross,17,point,0,17,17,17,17
p17_s114_cross,17,point,1,17,17,17,17
p17_s114_cross,17,point,2,17,17,17,17
p17_s114_cross,17,point,3,17,17,17,12
p17_s114_cross,17,point,4,17,17,17,9
p17_s114_cross,17,point,5,17,17,17,6
p17_s114_cross,17,point,6,17,17,17,6
p17_s114_cross,17,point,7,17,17,17,3
p17_s114_cross,17,point,8,17,17,17,3
p17_s114_cross,17,point,9,17,17,17,2
p17_s114_cross,17,point,10,17,17,17,0
p17_s114_cross,17,point,11,17,17,17,0
p17_s114_cross,17,point,12,17,17,17,0
p17_s114_cross,17,point,13,17,17,17,0
p17_s114_cross,17,point,14,17,17,17,0
p17_s114_cross,17,point,15,17,17,17,0
p17_s114_cross,17,point,16,17,17,17,0
p17_s114_cross,17,point,17,17,17,17,0
p17_s114_cross,17,point,18,17,17,17,0
p17_s114_cross,17,point,19,17,17,17,0
p17_s114_cross,17,point,20,17,17,17,0
p17_s114_cross,17,point,21,17,17,17,0
p17_s114_cross,17,point,22,17,17,17,0
p17_s114_cross,17,point,23,17,17,17,0
p17_s114_cross,17,point,24,17,17,17,0
p17_s114_cross,17,point,25,17,17,17,0
p17_s114_cross,17,point,26,17,17,17,0
p17_s114_cross,17,point,27,17,17,17,0
p17_s114_cross,17,point,28,17,17,17,0
p17_s114_cross,17,point,29,17,17,17,0
p17_s114_cross,17,point,30,17,17,17,0
p17_s114_cross,17,point,31,17,17,17,0
p17_s114_cross,17,point,32,17,17,17,0
p17_s114_cross,17,point,33,17,17,17,0
p17_s114_cross,17,point,34,17,17,17,0
p17_s114_cross,17,point,35,17,17,17,0
p17_s114_cross,17,point,36,17,17,17,0
p17_s114_cross,17,point,37,17,17,17,0
p17_s114_cross,17,point,38,17,17,17,0
p17_s114_cross,17,point,39,17,17,17,0
p17_s114_cross,17,point,40,17,17,17,0
p17_s114_cross,17,point,41,17,17,17,0
p17_s114_cross,17,point,42,17,17,17,0
p17_s114_cross,17,point,43,17,17,17,0
p17_s114_cross,17,point,44,17,17,17,0
p17_s114_cross,17,point,45,17,17,17,0
p17_s114_cross,17,point,46,17,17,17,0
p17_s114_cross,17,point,47,17,17,17,0
p17_s114_cross,17,point,48,17,17,17,0
p17_s114_cross,17,point,49,17,17,17,0
p17_s114_cross,17,point,50,17,17,17,0
p17_s114_cross,17,point,51,17,17,17,0
p17_s114_cross,17,point,52,17,17,17,0
p17_s114_cross,17,point,53,17,17,17,0
p17_s114_cross,17,point,54,17,17,17,0
p17_s114_cross,17,point,55,17,17,17,0
p17_s114_cross,17,point,56,17,17,17,0
p17_s114_cross,17,point,57,17,17,17,0
p17_s114_cross,17,point,58,17,17,17,0
p17_s114_cross,17,point,59,17,17,17,0
p17_s114_cross,17,profile,0,1,1,1,1
p17_s114_cross,17,profile,1,1,1,1,1
p17_s114_cross,17,profile,2,1,1,1,1
p17_s114_cross,17,profile,3,1,1,1,0
p17_s114_cross,17,profile,4,1,1,1,0
p17_s114_cross,17,profile,5,1,1,1,0
p17_s114_cross,17,profile,6,1,1,1,0
p17_s114_cross,17,profile,7,1,1,1,0
p17_s114_cross,17,profile,8,1,1,1,0
p17_s114_cross,17,profile,9,1,1,1,0
p17_s114_cross,17,profile,10,1,1,1,0
p17_s114_cross,17,profile,11,1,1,1,0
p17_s114_cross,17,profile,12,1,1,1,0
p17_s114_cross,17,profile,13,1,1,1,0
p17_s114_cross,17,profile,14,1,1,1,0
p17_s114_cross,17,profile,15,1,1,1,0
p17_s114_cross,17,profile,16,1,1,1,0
p17_s114_cross,17,profile,17,1,1,1,0
p17_s114_cross,17,profile,18,1,1,1,0
p17_s114_cross,17,profile,19,1,1,1,0
p17_s114_cross,17,profile,20,1,1,1,0
p17_s114_cross,17,profile,21,1,1,1,0
p17_s114_cross,17,profile,22,1,1,1,0
p17_s114_cross,17,profile,23,1,1,1,0
p17_s114_cross,17,profile,24,1,1,1,0
p17_s114_cross,17,profile,25,1,1,1,0
p17_s114_cross,17,profile,26,1,1,1,0
p17_s114_cross,17,profile,27,1,1,1,0
p17_s114_cross,17,profile,28,1,1,1,0
p17_s114_cross,17,profile,29,1,1,1,0
p17_s114_cross,17,profile,30,1,1,1,0
p17_s114_cross,17,profile,31,1,1,1,0
p17_s114_cross,17,profile,32,1,1,1,0
p17_s114_cross,17,profile,33,1,1,1,0
p17_s114_cross,17,profile,34,1,1,1,0
p17_s114_cross,17,profile,35,1,1,1,0
p17_s114_cross,17,profile,36,1,1,1,0
p17_s114_cross,17,profile,37,1,1,1,0
p17_s114_cross,17,profile,38,1,1,1,0
p17_s114_cross,17,profile,39,1,1,1,0
p17_s114_cross,17,profile,40,1,1,1,0
p17_s114_cross,17,profile,41,1,1,1,0
p17_s114_cross,17,profile,42,1,1,1,0
p17_s114_cross,17,profile,43,1,1,1,0
p17_s114_cross,17,profile,44,1,1,1,0
p17_s114_cross,17,profile,45,1,1,1,0
p17_s114_cross,17,profile,46,1,1,1,0
p17_s114_cross,17,profile,47,1,1,1,0
p17_s114_cross,17,profile,48,1,1,1,0
p17_s114_cross,17,profile,49,1,1,1,0
p17_s114_cross,17,profile,50,1,1,1,0
p17_s114_cross,17,profile,51,1,1,1,0
p17_s114_cross,17,profile,52,1,1,1,0
p17_s114_cross,17,profile,53,1,1,1,0
p17_s114_cross,17,profile,54,1,1,1,0
p17_s114_cross,17,profile,55,1,1,1,0
p17_s114_cross,17,profile,56,1,1,1,0
p17_s114_cross,17,profile,57,1,1,1,0
p17_s114_cross,17,profile,58,1,1,1,0
p17_s114_cross,17,profile,59,1,1,1,0
p17_s115_cross,17,point,0,17,17,17,17
p17_s115_cross,17,point,1,17,17,17,17
p17_s115_cross,17,point,2,17,17,17,17
p17_s115_cross,17,point,3,17,17,17,17
p17_s115_cross,17,point,4,17,17,17,17
p17_s115_cross,17,point,5,17,17,17,17
p17_s115_cross,17,point,6,17,17,17,17
p17_s115_cross,17,point,7,17,17,17,11
p17_s115_cross,17,point,8,17,17,17,11
p17_s115_cross,17,point,9,17,17,17,3
p17_s115_cross,17,point,10,17,17,17,0
p17_s115_cross,17,point,11,17,17,17,0
p17_s115_cross,17,point,12,17,17,17,0
p17_s115_cross,17,point,13,17,17,17,0
p17_s115_cross,17,point,14,17,17,17,0
p17_s115_cross,17,point,15,17,17,17,0
p17_s115_cross,17,point,16,17,17,17,0
p17_s115_cross,17,point,17,17,17,17,0
p17_s115_cross,17,point,18,17,17,17,0
p17_s115_cross,17,point,19,17,17,17,0
p17_s115_cross,17,point,20,17,17,17,0
p17_s115_cross,17,point,21,17,17,17,0
p17_s115_cross,17,point,22,17,17,17,0
p17_s115_cross,17,point,23,17,17,17,0
p17_s115_cross,17,point,24,17,17,17,0
p17_s115_cross,17,point,25,17,17,17,0
p17_s115_cross,17,point,26,17,17,17,0
p17_s115_cross,17,point,27,17,17,17,0
p17_s115_cross,17,point,28,17,17,17,0
p17_s115_cross,17,point,29,17,17,17,0
p17_s115_cross,17,point,30,17,17,17,0
p17_s115_cross,17,point,31,17,17,17,0
p17_s115_cross,17,point,32,17,17,17,0
p17_s115_cross,17,point,33,17,17,17,0
p17_s115_cross,17,point,34,17,17,17,0
p17_s115_cross,17,point,35,17,17,17,0
p17_s115_cross,17,point,36,17,17,17,0
p17_s115_cross,17,point,37,17,17,17,0
p17_s115_cross,17,point,38,17,17,17,0
p17_s115_cross,17,point,39,17,17,17,0
p17_s115_cross,17,point,40,17,17,17,0
p17_s115_cross,17,point,41,17,17,17,0
p17_s115_cross,17,point,42,17,17,17,0
p17_s115_cross,17,point,43,17,17,17,0
p17_s115_cross,17,point,44,17,17,17,0
p17_s115_cross,17,point,45,17,17,17,0
p17_s115_cross,17,point,46,17,17,17,0
p17_s115_cross,17,point,47,17,17,17,0
p17_s115_cross,17,point,48,17,17,17,0
p17_s115_cross,17,point,49,17,17,17,0
p17_s115_cross,17,point,50,17,17,17,0
p17_s115_cross,17,point,51,17,17,17,0
p17_s115_cross,17,point,52,17,17,17,0
p17_s115_cross,17,point,53,17,17,17,0
p17_s115_cross,17,point,54,17,17,17,0
p17_s115_cross,17,point,55,17,17,17,0
p17_s115_cross,17,point,56,17,17,17,0
p17_s115_cross,17,point,57,17,17,17,0
p17_s115_cross,17,point,58,17,17,17,0
p17_s115_cross,17,point,59,17,17,17,0
p17_s115_cross,17,profile,0,1,1,1,1
p17_s115_cross,17,profile,1,1,1,1,1
p17_s115_cross,17,profile,2,1,1,1,1
p17_s115_cross,17,profile,3,1,1,1,1
p17_s115_cross,17,profile,4,1,1,1,1
p17_s115_cross,17,profile,5,1,1,1,1
p17_s115_cross,17,profile,6,1,1,1,1
p17_s115_cross,17,profile,7,1,1,1,1
p17_s115_cross,17,profile,8,1,1,1,1
p17_s115_cross,17,profile,9,1,1,1,0
p17_s115_cross,17,profile,10,1,1,1,0
p17_s115_cross,17,profile,11,1,1,1,0
p17_s115_cross,17,profile,12,1,1,1,0
p17_s115_cross,17,profile,13,1,1,1,0
p17_s115_cross,17,profile,14,1,1,1,0
p17_s115_cross,17,profile,15,1,1,1,0
p17_s115_cross,17,profile,16,1,1,1,0
p17_s115_cross,17,profile,17,1,1,1,0
p17_s115_cross,17,profile,18,1,1,1,0
p17_s115_cross,17,profile,19,1,1,1,0
p17_s115_cross,17,profile,20,1,1,1,0
p17_s115_cross,17,profile,21,1,1,1,0
p17_s115_cross,17,profile,22,1,1,1,0
p17_s115_cross,17,profile,23,1,1,1,0
p17_s115_cross,17,profile,24,1,1,1,0
p17_s115_cross,17,profile,25,1,1,1,0
p17_s115_cross,17,profile,26,1,1,1,0
p17_s115_cross,17,profile,27,1,1,1,0
p17_s115_cross,17,profile,28,1,1,1,0
p17_s115_cross,17,profile,29,1,1,1,0
p17_s115_cross,17,profile,30,1,1,1,0
p17_s115_cross,17,profile,31,1,1,1,0
p17_s115_cross,17,profile,32,1,1,1,0
p17_s115_cross,17,profile,33,1,1,1,0
p17_s115_cross,17,profile,34,1,1,1,0
p17_s115_cross,17,profile,35,1,1,1,0
p17_s115_cross,17,profile,36,1,1,1,0
p17_s115_cross,17,profile,37,1,1,1,0
p17_s115_cross,17,profile,38,1,1,1,0
p17_s115_cross,17,profile,39,1,1,1,0
p17_s115_cross,17,profile,40,1,1,1,0
p17_s115_cross,17,profile,41,1,1,1,0
p17_s115_cross,17,profile,42,1,1,1,0
p17_s115_cross,17,profile,43,1,1,1,0
p17_s115_cross,17,profile,44,1,1,1,0
p17_s115_cross,17,profile,45,1,1,1,0
p17_s115_cross,17,profile,46,1,1,1,0
p17_s115_cross,17,profile,47,1,1,1,0
p17_s115_cross,17,profile,48,1,1,1,0
p17_s115_cross,17,profile,49,1,1,1,0
p17_s115_cross,17,profile,50,1,1,1,0
p17_s115_cross,17,profile,51,1,1,1,0
p17_s115_cross,17,profile,52,1,1,1,0
p17_s115_cross,17,profile,53,1,1,1,0
p17_s115_cross,17,profile,54,1,1,1,0
p17_s115_cross,17,profile,55,1,1,1,0
p17_s115_cross,17,profile,56,1,1,1,0
p17_s115_cross,17,profile,57,1,1,1,0
p17_s115_cross,17,profile,58,1,1,1,0
p17_s115_cross,17,profile,59,1,1,1,0
p17_s116_cross,17,point,0,17,17,17,17
p17_s116_cross,17,point,1,17,17,17,17
p17_s116_cross,17,point,2,17,17,17,17
p17_s116_cross,17,point,3,17,17,17,17
p17_s116_cross,17,point,4,17,17,17,17
p17_s116_cross,17,point,5,17,17,17,17
p17_s116_cross,17,point,6,17,17,17,17
p17_s116_cross,17,point,7,17,17,17,17
p17_s116_cross,17,point,8,17,17,17,12
p17_s116_cross,17,point,9,17,17,17,0
p17_s116_cross,17,point,10,17,17,17,0
p17_s116_cross,17,point,11,17,17,17,0
p17_s116_cross,17,point,12,17,17,17,0
p17_s116_cross,17,point,13,17,17,17,0
p17_s116_cross,17,point,14,17,17,17,0
p17_s116_cross,17,point,15,17,17,17,0
p17_s116_cross,17,point,16,17,17,17,0
p17_s116_cross,17,point,17,17,17,17,0
p17_s116_cross,17,point,18,17,17,17,0
p17_s116_cross,17,point,19,17,17,17,0
p17_s116_cross,17,point,20,17,17,17,0
p17_s116_cross,17,point,21,17,17,17,0
p17_s116_cross,17,point,22,17,17,17,0
p17_s116_cross,17,point,23,17,17,17,0
p17_s116_cross,17,point,24,17,17,17,0
p17_s116_cross,17,point,25,17,17,17,0
p17_s116_cross,17,point,26,17,17,17,0
p17_s116_cross,17,point,27,17,17,17,0
p17_s116_cross,17,point,28,17,17,17,0
p17_s116_cross,17,point,29,17,17,17,0
p17_s116_cross,17,point,30,17,17,17,0
p17_s116_cross,17,point,31,17,17,17,0
p17_s116_cross,17,point,32,17,17,17,0
p17_s116_cross,17,point,33,17,17,17,0
p17_s116_cross,17,point,34,17,17,17,0
p17_s116_cross,17,point,35,17,17,17,0
p17_s116_cross,17,point,36,17,17,17,0
p17_s116_cross,17,point,37,17,17,17,0
p17_s116_cross,17,point,38,17,17,17,0
p17_s116_cross,17,point,39,17,17,17,0
p17_s116_cross,17,point,40,17,17,17,0
p17_s116_cross,17,point,41,17,17,17,0
p17_s116_cross,17,point,42,17,17,17,0
p17_s116_cross,17,point,43,17,17,17,0
p17_s116_cross,17,point,44,17,17,17,0
p17_s116_cross,17,point,45,17,17,17,0
p17_s116_cross,17,point,46,17,17,17,0
p17_s116_cross,17,point,47,17,17,17,0
p17_s116_cross,17,point,48,17,17,17,0
p17_s116_cross,17,point,49,17,17,17,0
p17_s116_cross,17,point,50,17,17,17,0
p17_s116_cross,17,point,51,17,17,17,0
p17_s116_cross,17,point,52,17,17,17,0
p17_s116_cross,17,point,53,17,17,17,0
p17_s116_cross,17,point,54,17,17,17,0
p17_s116_cross,17,point,55,17,17,17,0
p17_s116_cross,17,point,56,17,17,17,0
p17_s116_cross,17,point,57,17,17,17,0
p17_s116_cross,17,point,58,17,17,17,0
p17_s116_cross,17,point,59,17,17,17,0
p17_s116_cross,17,profile,0,1,1,1,1
p17_s116_cross,17,profile,1,1,1,1,1
p17_s116_cross,17,profile,2,1,1,1,1
p17_s116_cross,17,profile,3,1,1,1,1
p17_s116_cross,17,profile,4,1,1,1,1
p17_s116_cross,17,profile,5,1,1,1,1
p17_s116_cross,17,profile,6,1,1,1,1
p17_s116_cross,17,profile,7,1,1,1,1
p17_s116_cross,17,profile,8,1,1,1,0
p17_s116_cross,17,profile,9,1,1,1,0
p17_s116_cross,17,profile,10,1,1,1,0
p17_s116_cross,17,profile,11,1,1,1,0
p17_s116_cross,17,profile,12,1,1,1,0
p17_s116_cross,17,profile,13,1,1,1,0
p17_s116_cross,17,profile,14,1,1,1,0
p17_s116_cross,17,profile,15,1,1,1,0
p17_s116_cross,17,profile,16,1,1,1,0
p17_s116_cross,17,profile,17,1,1,1,0
p17_s116_cross,17,profile,18,1,1,1,0
p17_s116_cross,17,profile,19,1,1,1,0
p17_s116_cross,17,profile,20,1,1,1,0
p17_s116_cross,17,profile,21,1,1,1,0
p17_s116_cross,17,profile,22,1,1,1,0
p17_s116_cross,17,profile,23,1,1,1,0
p17_s116_cross,17,profile,24,1,1,1,0
p17_s116_cross,17,profile,25,1,1,1,0
p17_s116_cross,17,profile,26,1,1,1,0
p17_s116_cross,17,profile,27,1,1,1,0
p17_s116_cross,17,profile,28,1,1,1,0
p17_s116_cross,17,profile,29,1,1,1,0
p17_s116_cross,17,profile,30,1,1,1,0
p17_s116_cross,17,profile,31,1,1,1,0
p17_s116_cross,17,profile,32,1,1,1,0
p17_s116_cross,17,profile,33,1,1,1,0
p17_s116_cross,17,profile,34,1,1,1,0
p17_s116_cross,17,profile,35,1,1,1,0
p17_s116_cross,17,profile,36,1,1,1,0
p17_s116_cross,17,profile,37,1,1,1,0
p17_s116_cross,17,profile,38,1,1,1,0
p17_s116_cross,17,profile,39,1,1,1,0
p17_s116_cross,17,profile,40,1,1,1,0
p17_s116_cross,17,profile,41,1,1,1,0
p17_s116_cross,17,profile,42,1,1,1,0
p17_s116_cross,17,profile,43,1,1,1,0
p17_s116_cross,17,profile,44,1,1,1,0
p17_s116_cross,17,profile,45,1,1,1,0
p17_s116_cross,17,profile,46,1,1,1,0
p17_s116_cross,17,profile,47,1,1,1,0
p17_s116_cross,17,profile,48,1,1,1,0
p17_s116_cross,17,profile,49,1,1,1,0
p17_s116_cross,17,profile,50,1,1,1,0
p17_s116_cross,17,profile,51,1,1,1,0
p17_s116_cross,17,profile,52,1,1,1,0
p17_s116_cross,17,profile,53,1,1,1,0
p17_s116_cross,17,profile,54,1,1,1,0
p17_s116_cross,17,profile,55,1,1,1,0
p17_s116_cross,17,profile,56,1,1,1,0
p17_s116_cross,17,profile,57,1,1,1,0
p17_s116_cross,17,profile,58,1,1,1,0
p17_s116_cross,17,profile,59,1,1,1,0
p17_s117_cross,17,point,0,17,17,17,17
p17_s117_cross,17,point,1,17,17,17,17
p17_s117_cross,17,point,2,17,17,17,17
p17_s117_cross,17,point,3,17,17,17,17
p17_s117_cross,17,point,4,17,17,17,17
p17_s117_cross,17,point,5,17,17,17,17
p17_s117_cross,17,point,6,17,17,17,17
p17_s117_cross,17,point,7,17,17,17,17
p17_s117_cross,17,point,8,17,17,17,17
p17_s117_cross,17,point,9,17,17,17,1
p17_s117_cross,17,point,10,17,17,17,0
p17_s117_cross,17,point,11,17,17,17,0
p17_s117_cross,17,point,12,17,17,17,0
p17_s117_cross,17,point,13,17,17,17,0
p17_s117_cross,17,point,14,17,17,17,0
p17_s117_cross,17,point,15,17,17,17,0
p17_s117_cross,17,point,16,17,17,17,0
p17_s117_cross,17,point,17,17,17,17,0
p17_s117_cross,17,point,18,17,17,17,0
p17_s117_cross,17,point,19,17,17,17,0
p17_s117_cross,17,point,20,17,17,17,0
p17_s117_cross,17,point,21,17,17,17,0
p17_s117_cross,17,point,22,17,17,17,0
p17_s117_cross,17,point,23,17,17,17,0
p17_s117_cross,17,point,24,17,17,17,0
p17_s117_cross,17,point,25,17,17,17,0
p17_s117_cross,17,point,26,17,17,17,0
p17_s117_cross,17,point,27,17,17,17,0
p17_s117_cross,17,point,28,17,17,17,0
p17_s117_cross,17,point,29,17,17,17,0
p17_s117_cross,17,point,30,17,17,17,0
p17_s117_cross,17,point,31,17,17,17,0
p17_s117_cross,17,point,32,17,17,17,0
p17_s117_cross,17,point,33,17,17,17,0
p17_s117_cross,17,point,34,17,17,17,0
p17_s117_cross,17,point,35,17,17,17,0
p17_s117_cross,17,point,36,17,17,17,0
p17_s117_cross,17,point,37,17,17,17,0
p17_s117_cross,17,point,38,17,17,17,0
p17_s117_cross,17,point,39,17,17,17,0
p17_s117_cross,17,point,40,17,17,17,0
p17_s117_cross,17,point,41,17,17,17,0
p17_s117_cross,17,point,42,17,17,17,0
p17_s117_cross,17,point,43,17,17,17,0
p17_s117_cross,17,point,44,17,17,17,0
p17_s117_cross,17,point,45,17,17,17,0
p17_s117_cross,17,point,46,17,17,17,0
p17_s117_cross,17,point,47,17,17,17,0
p17_s117_cross,17,point,48,17,17,17,0
p17_s117_cross,17,point,49,17,17,17,0
p17_s117_cross,17,point,50,17,17,17,0
p17_s117_cross,17,point,51,17,17,17,0
p17_s117_cross,17,point,52,17,17,17,0
p17_s117_cross,17,point,53,17,17,17,0
p17_s117_cross,17,point,54,17,17,17,0
p17_s117_cross,17,point,55,17,17,17,0
p17_s117_cross,17,point,56,17,17,17,0
p17_s117_cross,17,point,57,17,17,17,0
p17_s117_cross,17,point,58,17,17,17,0
p17_s117_cross,17,point,59,17,17,17,0
p17_s117_cross,17,profile,0,1,1,1,1
p17_s117_cross,17,profile,1,1,1,1,1
p17_s117_cross,17,profile,2,1,1,1,1
p17_s117_cross,17,profile,3,1,1,1,1
p17_s117_cross,17,profile,4,1,1,1,1
p17_s117_cross,17,profile,5,1,1,1,1
p17_s117_cross,17,profile,6,1,1,1,1
p17_s117_cross,17,profile,7,1,1,1,1
p17_s117_cross,17,profile,8,1,1,1,1
p17_s117_cross,17,profile,9,1,1,1,0
p17_s117_cross,17,profile,10,1,1,1,0
p17_s117_cross,17,profile,11,1,1,1,0
p17_s117_cross,17,profile,12,1,1,1,0
p17_s117_cross,17,profile,13,1,1,1,0
p17_s117_cross,17,profile,14,1,1,1,0
p17_s117_cross,17,profile,15,1,1,1,0
p17_s117_cross,17,profile,16,1,1,1,0
p17_s117_cross,17,profile,17,1,1,1,0
p17_s117_cross,17,profile,18,1,1,1,0
p17_s117_cross,17,profile,19,1,1,1,0
p17_s117_cross,17,profile,20,1,1,1,0
p17_s117_cross,17,profile,21,1,1,1,0
p17_s117_cross,17,profile,22,1,1,1,0
p17_s117_cross,17,profile,23,1,1,1,0
p17_s117_cross,17,profile,24,1,1,1,0
p17_s117_cross,17,profile,25,1,1,1,0
p17_s117_cross,17,profile,26,1,1,1,0
p17_s117_cross,17,profile,27,1,1,1,0
p17_s117_cross,17,profile,28,1,1,1,0
p17_s117_cross,17,profile,29,1,1,1,0
p17_s117_cross,17,profile,30,1,1,1,0
p17_s117_cross,17,profile,31,1,1,1,0
p17_s117_cross,17,profile,32,1,1,1,0
p17_s117_cross,17,profile,33,1,1,1,0
p17_s117_cross,17,profile,34,1,1,1,0
p17_s117_cross,17,profile,35,1,1,1,0
p17_s117_cross,17,profile,36,1,1,1,0
p17_s117_cross,17,profile,37,1,1,1,0
p17_s117_cross,17,profile,38,1,1,1,0
p17_s117_cross,17,profile,39,1,1,1,0
p17_s117_cross,17,profile,40,1,1,1,0
p17_s117_cross,17,profile,41,1,1,1,0
p17_s117_cross,17,profile,42,1,1,1,0
p17_s117_cross,17,profile,43,1,1,1,0
p17_s117_cross,17,profile,44,1,1,1,0
p17_s117_cross,17,profile,45,1,1,1,0
p17_s117_cross,17,profile,46,1,1,1,0
p17_s117_cross,17,profile,47,1,1,1,0
p17_s117_cross,17,profile,48,1,1,1,0
p17_s117_cross,17,profile,49,1,1,1,0
p17_s117_cross,17,profile,50,1,1,1,0
p17_s117_cross,17,profile,51,1,1,1,0
p17_s117_cross,17,profile,52,1,1,1,0
p17_s117_cross,17,profile,53,1,1,1,0
p17_s117_cross,17,profile,54,1,1,1,0
p17_s117_cross,17,profile,55,1,1,1,0
p17_s117_cross,17,profile,56,1,1,1,0
p17_s117_cross,17,profile,57,1,1,1,0
p17_s117_cross,17,profile,58,1,1,1,0
p17_s117_cross,17,profile,59,1,1,1,0
p17_s118_cross,17,point,0,17,17,17,17
p17_s118_cross,17,point,1,17,17,17,17
p17_s118_cross,17,point,2,17,17,17,17
p17_s118_cross,17,point,3,17,17,17,17
p17_s118_cross,17,point,4,17,17,17,17
p17_s118_cross,17,point,5,17,17,17,17
p17_s118_cross,17,point,6,17,17,17,17
p17_s118_cross,17,point,7,17,17,17,17
p17_s118_cross,17,point,8,17,17,17,0
p17_s118_cross,17,point,9,17,17,17,0
p17_s118_cross,17,point,10,17,17,17,0
p17_s118_cross,17,point,11,17,17,17,0
p17_s118_cross,17,point,12,17,17,17,0
p17_s118_cross,17,point,13,17,17,17,0
p17_s118_cross,17,point,14,17,17,17,0
p17_s118_cross,17,point,15,17,17,17,0
p17_s118_cross,17,point,16,17,17,17,0
p17_s118_cross,17,point,17,17,17,17,0
p17_s118_cross,17,point,18,17,17,17,0
p17_s118_cross,17,point,19,17,17,17,0
p17_s118_cross,17,point,20,17,17,17,0
p17_s118_cross,17,point,21,17,17,17,0
p17_s118_cross,17,point,22,17,17,17,0
p17_s118_cross,17,point,23,17,17,17,0
p17_s118_cross,17,point,24,17,17,17,0
p17_s118_cross,17,point,25,17,17,17,0
p17_s118_cross,17,point,26,17,17,17,0
p17_s118_cross,17,point,27,17,17,17,0
p17_s118_cross,17,point,28,17,17,17,0
p17_s118_cross,17,point,29,17,17,17,0
p17_s118_cross,17,point,30,17,17,17,0
p17_s118_cross,17,point,31,17,17,17,0
p17_s118_cross,17,point,32,17,17,17,0
p17_s118_cross,17,point,33,17,17,17,0
p17_s118_cross,17,point,34,17,17,17,0
p17_s118_cross,17,point,35,17,17,17,0
p17_s118_cross,17,point,36,17,17,17,0
p17_s118_cross,17,point,37,17,17,17,0
p17_s118_cross,17,point,38,17,17,17,0
p17_s118_cross,17,point,39,17,17,17,0
p17_s118_cross,17,point,40,17,17,17,0
p17_s118_cross,17,point,41,17,17,17,0
p17_s118_cross,17,point,42,17,17,17,0
p17_s118_cross,17,point,43,17,17,17,0
p17_s118_cross,17,point,44,17,17,17,0
p17_s118_cross,17,point,45,17,17,17,0
p17_s118_cross,17,point,46,17,17,17,0
p17_s118_cross,17,point,47,17,17,17,0
p17_s118_cross,17,point,48,17,17,17,0
p17_s118_cross,17,point,49,17,17,17,0
p17_s118_cross,17,point,50,17,17,17,0
p17_s118_cross,17,point,51,17,17,17,0
p17_s118_cross,17,point,52,17,17,17,0
p17_s118_cross,17,point,53,17,17,17,0
p17_s118_cross,17,point,54,17,17,17,0
p17_s118_cross,17,point,55,17,17,17,0
p17_s118_cross,17,point,56,17,17,17,0
p17_s118_cross,17,point,57,17,17,17,0
p17_s118_cross,17,point,58,17,17,17,0
p17_s118_cross,17,point,59,17,17,17,0
p17_s118_cross,17,profile,0,1,1,1,1
p17_s118_cross,17,profile,1,1,1,1,1
p17_s118_cross,17,profile,2,1,1,1,1
p17_s118_cross,17,profile,3,1,1,1,1
p17_s118_cross,17,profile,4,1,1,1,1
p17_s118_cross,17,profile,5,1,1,1,1
p17_s118_cross,17,profile,6,1,1,1,1
p17_s118_cross,17,profile,7,1,1,1,1
p17_s118_cross,17,profile,8,1,1,1,0
p17_s118_cross,17,profile,9,1,1,1,0
p17_s118_cross,17,profile,10,1,1,1,0
p17_s118_cross,17,profile,11,1,1,1,0
p17_s118_cross,17,profile,12,1,1,1,0
p17_s118_cross,17,profile,13,1,1,1,0
p17_s118_cross,17,profile,14,1,1,1,0
p17_s118_cross,17,profile,15,1,1,1,0
p17_s118_cross,17,profile,16,1,1,1,0
p17_s118_cross,17,profile,17,1,1,1,0
p17_s118_cross,17,profile,18,1,1,1,0
p17_s118_cross,17,profile,19,1,1,1,0
p17_s118_cross,17,profile,20,1,1,1,0
p17_s118_cross,17,profile,21,1,1,1,0
p17_s118_cross,17,profile,22,1,1,1,0
p17_s118_cross,17,profile,23,1,1,1,0
p17_s118_cross,17,profile,24,1,1,1,0
p17_s118_cross,17,profile,25,1,1,1,0
p17_s118_cross,17,profile,26,1,1,1,0
p17_s118_cross,17,profile,27,1,1,1,0
p17_s118_cross,17,profile,28,1,1,1,0
p17_s118_cross,17,profile,29,1,1,1,0
p17_s118_cross,17,profile,30,1,1,1,0
p17_s118_cross,17,profile,31,1,1,1,0
p17_s118_cross,17,profile,32,1,1,1,0
p17_s118_cross,17,profile,33,1,1,1,0
p17_s118_cross,17,profile,34,1,1,1,0
p17_s118_cross,17,profile,35,1,1,1,0
p17_s118_cross,17,profile,36,1,1,1,0
p17_s118_cross,17,profile,37,1,1,1,0
p17_s118_cross,17,profile,38,1,1,1,0
p17_s118_cross,17,profile,39,1,1,1,0
p17_s118_cross,17,profile,40,1,1,1,0
p17_s118_cross,17,profile,41,1,1,1,0
p17_s118_cross,17,profile,42,1,1,1,0
p17_s118_cross,17,profile,43,1,1,1,0
p17_s118_cross,17,profile,44,1,1,1,0
p17_s118_cross,17,profile,45,1,1,1,0
p17_s118_cross,17,profile,46,1,1,1,0
p17_s118_cross,17,profile,47,1,1,1,0
p17_s118_cross,17,profile,48,1,1,1,0
p17_s118_cross,17,profile,49,1,1,1,0
p17_s118_cross,17,profile,50,1,1,1,0
p17_s118_cross,17,profile,51,1,1,1,0
p17_s118_cross,17,profile,52,1,1,1,0
p17_s118_cross,17,profile,53,1,1,1,0
p17_s118_cross,17,profile,54,1,1,1,0
p17_s118_cross,17,profile,55,1,1,1,0
p17_s118_cross,17,profile,56,1,1,1,0
p17_s118_cross,17,profile,57,1,1,1,0
p17_s118_cross,17,profile,58,1,1,1,0
p17_s118_cross,17,profile,59,1,1,1,0
p17_s119_cross,17,point,0,17,17,17,17
p17_s119_cross,17,point,1,17,17,17,17
p17_s119_cross,17,point,2,17,17,17,17
p17_s119_cross,17,point,3,17,17,17,17
p17_s119_cross,17,point,4,17,17,17,17
p17_s119_cross,17,point,5,17,17,17,17
p17_s119_cross,17,point,6,17,17,17,17
p17_s119_cross,17,point,7,17,17,17,17
p17_s119_cross,17,point,8,17,17,17,9
p17_s119_cross,17,point,9,17,17,17,0
p17_s119_cross,17,point,10,17,17,17,0
p17_s119_cross,17,point,11,17,17,17,0
p17_s119_cross,17,point,12,17,17,17,0
p17_s119_cross,17,point,13,17,17,17,0
p17_s119_cross,17,point,14,17,17,17,0
p17_s119_cross,17,point,15,17,17,17,0
p17_s119_cross,17,point,16,17,17,17,0
p17_s119_cross,17,point,17,17,17,17,0
p17_s119_cross,17,point,18,17,17,17,0
p17_s119_cross,17,point,19,17,17,17,0
p17_s119_cross,17,point,20,17,17,17,0
p17_s119_cross,17,point,21,17,17,17,0
p17_s119_cross,17,point,22,17,17,17,0
p17_s119_cross,17,point,23,17,17,17,0
p17_s119_cross,17,point,24,17,17,17,0
p17_s119_cross,17,point,25,17,17,17,0
p17_s119_cross,17,point,26,17,17,17,0
p17_s119_cross,17,point,27,17,17,17,0
p17_s119_cross,17,point,28,17,17,17,0
p17_s119_cross,17,point,29,17,17,17,0
p17_s119_cross,17,point,30,17,17,17,0
p17_s119_cross,17,point,31,17,17,17,0
p17_s119_cross,17,point,32,17,17,17,0
p17_s119_cross,17,point,33,17,17,17,0
p17_s119_cross,17,point,34,17,17,17,0
p17_s119_cross,17,point,35,17,17,17,0
p17_s119_cross,17,point,36,17,17,17,0
p17_s119_cross,17,point,37,17,17,17,0
p17_s119_cross,17,point,38,17,17,17,0
p17_s119_cross,17,point,39,17,17,17,0
p17_s119_cross,17,point,40,17,17,17,0
p17_s119_cross,17,point,41,17,17,17,0
p17_s119_cross,17,point,42,17,17,17,0
p17_s119_cross,17,point,43,17,17,17,0
p17_s119_cross,17,point,44,17,17,17,0
p17_s119_cross,17,point,45,17,17,17,0
p17_s119_cross,17,point,46,17,17,17,0
p17_s119_cross,17,point,47,17,17,17,0
p17_s119_cross,17,point,48,17,17,17,0
p17_s119_cross,17,point,49,17,17,17,0
p17_s119_cross,17,point,50,17,17,17,0
p17_s119_cross,17,point,51,17,17,17,0
p17_s119_cross,17,point,52,17,17,17,0
p17_s119_cross,17,point,53,17,17,17,0
p17_s119_cross,17,point,54,17,17,17,0
p17_s119_cross,17,point,55,17,17,17,0
p17_s119_cross,17,point,56,17,17,17,0
p17_s119_cross,17,point,57,17,17,17,0
p17_s119_cross,17,point,58,17,17,17,0
p17_s119_cross,17,point,59,17,17,17,0
p17_s119_cross,17,profile,0,1,1,1,1
p17_s119_cross,17,profile,1,1,1,1,1
p17_s119_cross,17,profile,2,1,1,1,1
p17_s119_cross,17,profile,3,1,1,1,1
p17_s119_cross,17,profile,4,1,1,1,1
p17_s119_cross,17,profile,5,1,1,1,1
p17_s119_cross,17,profile,6,1,1,1,1
p17_s119_cross,17,profile,7,1,1,1,1
p17_s119_cross,17,profile,8,1,1,1,0
p17_s119_cross,17,profile,9,1,1,1,0
p17_s119_cross,17,profile,10,1,1,1,0
p17_s119_cross,17,profile,11,1,1,1,0
p17_s119_cross,17,profile,12,1,1,1,0
p17_s119_cross,17,profile,13,1,1,1,0
p17_s119_cross,17,profile,14,1,1,1,0
p17_s119_cross,17,profile,15,1,1,1,0
p17_s119_cross,17,profile,16,1,1,1,0
p17_s119_cross,17,profile,17,1,1,1,0
p17_s119_cross,17,profile,18,1,1,1,0
p17_s119_cross,17,profile,19,1,1,1,0
p17_s119_cross,17,profile,20,1,1,1,0
p17_s119_cross,17,profile,21,1,1,1,0
p17_s119_cross,17,profile,22,1,1,1,0
p17_s119_cross,17,profile,23,1,1,1,0
p17_s119_cross,17,profile,24,1,1,1,0
p17_s119_cross,17,profile,25,1,1,1,0
p17_s119_cross,17,profile,26,1,1,1,0
p17_s119_cross,17,profile,27,1,1,1,0
p17_s119_cross,17,profile,28,1,1,1,0
p17_s119_cross,17,profile,29,1,1,1,0
p17_s119_cross,17,profile,30,1,1,1,0
p17_s119_cross,17,profile,31,1,1,1,0
p17_s119_cross,17,profile,32,1,1,1,0
p17_s119_cross,17,profile,33,1,1,1,0
p17_s119_cross,17,profile,34,1,1,1,0
p17_s119_cross,17,profile,35,1,1,1,0
p17_s119_cross,17,profile,36,1,1,1,0
p17_s119_cross,17,profile,37,1,1,1,0
p17_s119_cross,17,profile,38,1,1,1,0
p17_s119_cross,17,profile,39,1,1,1,0
p17_s119_cross,17,profile,40,1,1,1,0
p17_s119_cross,17,profile,41,1,1,1,0
p17_s119_cross,17,profile,42,1,1,1,0
p17_s119_cross,17,profile,43,1,1,1,0
p17_s119_cross,17,profile,44,1,1,1,0
p17_s119_cross,17,profile,45,1,1,1,0
p17_s119_cross,17,profile,46,1,1,1,0
p17_s119_cross,17,profile,47,1,1,1,0
p17_s119_cross,17,profile,48,1,1,1,0
p17_s119_cross,17,profile,49,1,1,1,0
p17_s119_cross,17,profile,50,1,1,1,0
p17_s119_cross,17,profile,51,1,1,1,0
p17_s119_cross,17,profile,52,1,1,1,0
p17_s119_cross,17,profile,53,1,1,1,0
p17_s119_cross,17,profile,54,1,1,1,0
p17_s119_cross,17,profile,55,1,1,1,0
p17_s119_cross,17,profile,56,1,1,1,0
p17_s119_cross,17,profile,57,1,1,1,0
p17_s119_cross,17,profile,58,1,1,1,0
p17_s119_cross,17,profile,59,1,1,1,0
p17_s120_cross,17,point,0,17,17,17,17
p17_s120_cross,17,point,1,17,17,17,17
p17_s120_cross,17,point,2,17,17,17,17
p17_s120_cross,17,point,3,17,17,17,17
p17_s120_cross,17,point,4,17,17,17,17
p17_s120_cross,17,point,5,17,17,17,17
p17_s120_cross,17,point,6,17,17,17,17
p17_s120_cross,17,point,7,17,17,17,17
p17_s120_cross,17,point,8,17,17,17,8
p17_s120_cross,17,point,9,17,17,17,0
p17_s120_cross,17,point,10,17,17,17,0
p17_s120_cross,17,point,11,17,17,17,0
p17_s120_cross,17,point,12,17,17,17,0
p17_s120_cross,17,point,13,17,17,17,0
p17_s120_cross,17,point,14,17,17,17,0
p17_s120_cross,17,point,15,17,17,17,0
p17_s120_cross,17,point,16,17,17,17,0
p17_s120_cross,17,point,17,17,17,17,0
p17_s120_cross,17,point,18,17,17,17,0
p17_s120_cross,17,point,19,17,17,17,0
p17_s120_cross,17,point,20,17,17,17,0
p17_s120_cross,17,point,21,17,17,17,0
p17_s120_cross,17,point,22,17,17,17,0
p17_s120_cross,17,point,23,17,17,17,0
p17_s120_cross,17,point,24,17,17,17,0
p17_s120_cross,17,point,25,17,17,17,0
p17_s120_cross,17,point,26,17,17,17,0
p17_s120_cross,17,point,27,17,17,17,0
p17_s120_cross,17,point,28,17,17,17,0
p17_s120_cross,17,point,29,17,17,17,0
p17_s120_cross,17,point,30,17,17,17,0
p17_s120_cross,17,point,31,17,17,17,0
p17_s120_cross,17,point,32,17,17,17,0
p17_s120_cross,17,point,33,17,17,17,0
p17_s120_cross,17,point,34,17,17,17,0
p17_s120_cross,17,point,35,17,17,17,0
p17_s120_cross,17,point,36,17,17,17,0
p17_s120_cross,17,point,37,17,17,17,0
p17_s120_cross,17,point,38,17,17,17,0
p17_s120_cross,17,point,39,17,17,17,0
p17_s120_cross,17,point,40,17,17,17,0
p17_s120_cross,17,point,41,17,17,17,0
p17_s120_cross,17,point,42,17,17,17,0
p17_s120_cross,17,point,43,17,17,17,0
p17_s120_cross,17,point,44,17,17,17,0
p17_s120_cross,17,point,45,17,17,17,0
p17_s120_cross,17,point,46,17,17,17,0
p17_s120_cross,17,point,47,17,17,17,0
p17_s120_cross,17,point,48,17,17,17,0
p17_s120_cross,17,point,49,17,17,17,0
p17_s120_cross,17,point,50,17,17,17,0
p17_s120_cross,17,point,51,17,17,17,0
p17_s120_cross,17,point,52,17,17,17,0
p17_s120_cross,17,point,53,17,17,17,0
p17_s120_cross,17,point,54,17,17,17,0
p17_s120_cross,17,point,55,17,17,17,0
p17_s120_cross,17,point,56,17,17,17,0
p17_s120_cross,17,point,57,17,17,17,0
p17_s120_cross,17,point,58,17,17,17,0
p17_s120_cross,17,point,59,17,17,17,0
p17_s120_cross,17,profile,0,1,1,1,1
p17_s120_cross,17,profile,1,1,1,1,1
p17_s120_cross,17,profile,2,1,1,1,1
p17_s120_cross,17,profile,3,1,1,1,1
p17_s120_cross,17,profile,4,1,1,1,1
p17_s120_cross,17,profile,5,1,1,1,1
p17_s120_cross,17,profile,6,1,1,1,1
p17_s120_cross,17,profile,7,1,1,1,1
p17_s120_cross,17,profile,8,1,1,1,0
p17_s120_cross,17,profile,9,1,1,1,0
p17_s120_cross,17,profile,10,1,1,1,0
p17_s120_cross,17,profile,11,1,1,1,0
p17_s120_cross,17,profile,12,1,1,1,0
p17_s120_cross,17,profile,13,1,1,1,0
p17_s120_cross,17,profile,14,1,1,1,0
p17_s120_cross,17,profile,15,1,1,1,0
p17_s120_cross,17,profile,16,1,1,1,0
p17_s120_cross,17,profile,17,1,1,1,0
p17_s120_cross,17,profile,18,1,1,1,0
p17_s120_cross,17,profile,19,1,1,1,0
p17_s120_cross,17,profile,20,1,1,1,0
p17_s120_cross,17,profile,21,1,1,1,0
p17_s120_cross,17,profile,22,1,1,1,0
p17_s120_cross,17,profile,23,1,1,1,0
p17_s120_cross,17,profile,24,1,1,1,0
p17_s120_cross,17,profile,25,1,1,1,0
p17_s120_cross,17,profile,26,1,1,1,0
p17_s120_cross,17,profile,27,1,1,1,0
p17_s120_cross,17,profile,28,1,1,1,0
p17_s120_cross,17,profile,29,1,1,1,0
p17_s120_cross,17,profile,30,1,1,1,0
p17_s120_cross,17,profile,31,1,1,1,0
p17_s120_cross,17,profile,32,1,1,1,0
p17_s120_cross,17,profile,33,1,1,1,0
p17_s120_cross,17,profile,34,1,1,1,0
p17_s120_cross,17,profile,35,1,1,1,0
p17_s120_cross,17,profile,36,1,1,1,0
p17_s120_cross,17,profile,37,1,1,1,0
p17_s120_cross,17,profile,38,1,1,1,0
p17_s120_cross,17,profile,39,1,1,1,0
p17_s120_cross,17,profile,40,1,1,1,0
p17_s120_cross,17,profile,41,1,1,1,0
p17_s120_cross,17,profile,42,1,1,1,0
p17_s120_cross,17,profile,43,1,1,1,0
p17_s120_cross,17,profile,44,1,1,1,0
p17_s120_cross,17,profile,45,1,1,1,0
p17_s120_cross,17,profile,46,1,1,1,0
p17_s120_cross,17,profile,47,1,1,1,0
p17_s120_cross,17,profile,48,1,1,1,0
p17_s120_cross,17,profile,49,1,1,1,0
p17_s120_cross,17,profile,50,1,1,1,0
p17_s120_cross,17,profile,51,1,1,1,0
p17_s120_cross,17,profile,52,1,1,1,0
p17_s120_cross,17,profile,53,1,1,1,0
p17_s120_cross,17,profile,54,1,1,1,0
p17_s120_cross,17,profile,55,1,1,1,0
p17_s120_cross,17,profile,56,1,1,1,0
p17_s120_cross,17,profile,57,1,1,1,0
p17_s120_cross,17,profile,58,1,1,1,0
p17_s120_cross,17,profile,59,1,1,1,0
p17_s121_cross,17,point,0,17,17,17,17
p17_s121_cross,17,point,1,17,17,17,17
p17_s121_cross,17,point,2,17,17,17,17
p17_s121_cross,17,point,3,17,17,17,17
p17_s121_cross,17,point,4,17,17,17,17
p17_s121_cross,17,point,5,17,17,17,17
p17_s121_cross,17,point,6,17,17,17,17
p17_s121_cross,17,point,7,17,17,17,17
p17_s121_cross,17,point,8,17,17,17,16
p17_s121_cross,17,point,9,17,17,17,0
p17_s121_cross,17,point,10,17,17,17,0
p17_s121_cross,17,point,11,17,17,17,0
p17_s121_cross,17,point,12,17,17,17,0
p17_s121_cross,17,point,13,17,17,17,0
p17_s121_cross,17,point,14,17,17,17,0
p17_s121_cross,17,point,15,17,17,17,0
p17_s121_cross,17,point,16,17,17,17,0
p17_s121_cross,17,point,17,17,17,17,0
p17_s121_cross,17,point,18,17,17,17,0
p17_s121_cross,17,point,19,17,17,17,0
p17_s121_cross,17,point,20,17,17,17,0
p17_s121_cross,17,point,21,17,17,17,0
p17_s121_cross,17,point,22,17,17,17,0
p17_s121_cross,17,point,23,17,17,17,0
p17_s121_cross,17,point,24,17,17,17,0
p17_s121_cross,17,point,25,17,17,17,0
p17_s121_cross,17,point,26,17,17,17,0
p17_s121_cross,17,point,27,17,17,17,0
p17_s121_cross,17,point,28,17,17,17,0
p17_s121_cross,17,point,29,17,17,17,0
p17_s121_cross,17,point,30,17,17,17,0
p17_s121_cross,17,point,31,17,17,17,0
p17_s121_cross,17,point,32,17,17,17,0
p17_s121_cross,17,point,33,17,17,17,0
p17_s121_cross,17,point,34,17,17,17,0
p17_s121_cross,17,point,35,17,17,17,0
p17_s121_cross,17,point,36,17,17,17,0
p17_s121_cross,17,point,37,17,17,17,0
p17_s121_cross,17,point,38,17,17,17,0
p17_s121_cross,17,point,39,17,17,17,0
p17_s121_cross,17,point,40,17,17,17,0
p17_s121_cross,17,point,41,17,17,17,0
p17_s121_cross,17,point,42,17,17,17,0
p17_s121_cross,17,point,43,17,17,17,0
p17_s121_cross,17,point,44,17,17,17,0
p17_s121_cross,17,point,45,17,17,17,0
p17_s121_cross,17,point,46,17,17,17,0
p17_s121_cross,17,point,47,17,17,17,0
p17_s121_cross,17,point,48,17,17,17,0
p17_s121_cross,17,point,49,17,17,17,0
p17_s121_cross,17,point,50,17,17,17,0
p17_s121_cross,17,point,51,17,17,17,0
p17_s121_cross,17,point,52,17,17,17,0
p17_s121_cross,17,point,53,17,17,17,0
p17_s121_cross,17,point,54,17,17,17,0
p17_s121_cross,17,point,55,17,17,17,0
p17_s121_cross,17,point,56,17,17,17,0
p17_s121_cross,17,point,57,17,17,17,0
p17_s121_cross,17,point,58,17,17,17,0
p17_s121_cross,17,point,59,17,17,17,0
p17_s121_cross,17,profile,0,1,1,1,1
p17_s121_cross,17,profile,1,1,1,1,1
p17_s121_cross,17,profile,2,1,1,1,1
p17_s121_cross,17,profile,3,1,1,1,1
p17_s121_cross,17,profile,4,1,1,1,1
p17_s121_cross,17,profile,5,1,1,1,1
p17_s121_cross,17,profile,6,1,1,1,1
p17_s121_cross,17,profile,7,1,1,1,1
p17_s121_cross,17,profile,8,1,1,1,1
p17_s121_cross,17,profile,9,1,1,1,0
p17_s121_cross,17,profile,10,1,1,1,0
p17_s121_cross,17,profile,11,1,1,1,0
p17_s121_cross,17,profile,12,1,1,1,0
p17_s121_cross,17,profile,13,1,1,1,0
p17_s121_cross,17,profile,14,1,1,1,0
p17_s121_cross,17,profile,15,1,1,1,0
p17_s121_cross,17,profile,16,1,1,1,0
p17_s121_cross,17,profile,17,1,1,1,0
p17_s121_cross,17,profile,18,1,1,1,0
p17_s121_cross,17,profile,19,1,1,1,0
p17_s121_cross,17,profile,20,1,1,1,0
p17_s121_cross,17,profile,21,1,1,1,0
p17_s121_cross,17,profile,22,1,1,1,0
p17_s121_cross,17,profile,23,1,1,1,0
p17_s121_cross,17,profile,24,1,1,1,0
p17_s121_cross,17,profile,25,1,1,1,0
p17_s121_cross,17,profile,26,1,1,1,0
p17_s121_cross,17,profile,27,1,1,1,0
p17_s121_cross,17,profile,28,1,1,1,0
p17_s121_cross,17,profile,29,1,1,1,0
p17_s121_cross,17,profile,30,1,1,1,0
p17_s121_cross,17,profile,31,1,1,1,0
p17_s121_cross,17,profile,32,1,1,1,0
p17_s121_cross,17,profile,33,1,1,1,0
p17_s121_cross,17,profile,34,1,1,1,0
p17_s121_cross,17,profile,35,1,1,1,0
p17_s121_cross,17,profile,36,1,1,1,0
p17_s121_cross,17,profile,37,1,1,1,0
p17_s121_cross,17,profile,38,1,1,1,0
p17_s121_cross,17,profile,39,1,1,1,0
p17_s121_cross,17,profile,40,1,1,1,0
p17_s121_cross,17,profile,41,1,1,1,0
p17_s121_cross,17,profile,42,1,1,1,0
p17_s121_cross,17,profile,43,1,1,1,0
p17_s121_cross,17,profile,44,1,1,1,0
p17_s121_cross,17,profile,45,1,1,1,0
p17_s121_cross,17,profile,46,1,1,1,0
p17_s121_cross,17,profile,47,1,1,1,0
p17_s121_cross,17,profile,48,1,1,1,0
p17_s121_cross,17,profile,49,1,1,1,0
p17_s121_cross,17,profile,50,1,1,1,0
p17_s121_cross,17,profile,51,1,1,1,0
p17_s121_cross,17,profile,52,1,1,1,0
p17_s121_cross,17,profile,53,1,1,1,0
p17_s121_cross,17,profile,54,1,1,1,0
p17_s121_cross,17,profile,55,1,1,1,0
p17_s121_cross,17,profile,56,1,1,1,0
p17_s121_cross,17,profile,57,1,1,1,0
p17_s121_cross,17,profile,58,1,1,1,0
p17_s121_cross,17,profile,59,1,1,1,0
p17_s122_cross,17,point,0,17,17,17,17
p17_s122_cross,17,point,1,17,17,17,17
p17_s122_cross,17,point,2,17,17,17,17
p17_s122_cross,17,point,3,17,17,17,17
p17_s122_cross,17,point,4,17,17,17,17
p17_s122_cross,17,point,5,17,17,17,17
p17_s122_cross,17,point,6,17,17,17,17
p17_s122_cross,17,point,7,17,17,17,17
p17_s122_cross,17,point,8,17,17,17,0
p17_s122_cross,17,point,9,17,17,17,0
p17_s122_cross,17,point,10,17,17,17,0
p17_s122_cross,17,point,11,17,17,17,0
p17_s122_cross,17,point,12,17,17,17,0
p17_s122_cross,17,point,13,17,17,17,0
p17_s122_cross,17,point,14,17,17,17,0
p17_s122_cross,17,point,15,17,17,17,0
p17_s122_cross,17,point,16,17,17,17,0
p17_s122_cross,17,point,17,17,17,17,0
p17_s122_cross,17,point,18,17,17,17,0
p17_s122_cross,17,point,19,17,17,17,0
p17_s122_cross,17,point,20,17,17,17,0
p17_s122_cross,17,point,21,17,17,17,0
p17_s122_cross,17,point,22,17,17,17,0
p17_s122_cross,17,point,23,17,17,17,0
p17_s122_cross,17,point,24,17,17,17,0
p17_s122_cross,17,point,25,17,17,17,0
p17_s122_cross,17,point,26,17,17,17,0
p17_s122_cross,17,point,27,17,17,17,0
p17_s122_cross,17,point,28,17,17,17,0
p17_s122_cross,17,point,29,17,17,17,0
p17_s122_cross,17,point,30,17,17,17,0
p17_s122_cross,17,point,31,17,17,17,0
p17_s122_cross,17,point,32,17,17,17,0
p17_s122_cross,17,point,33,17,17,17,0
p17_s122_cross,17,point,34,17,17,17,0
p17_s122_cross,17,point,35,17,17,17,0
p17_s122_cross,17,point,36,17,17,17,0
p17_s122_cross,17,point,37,17,17,17,0
p17_s122_cross,17,point,38,17,17,17,0
p17_s122_cross,17,point,39,17,17,17,0
p17_s122_cross,17,point,40,17,17,17,0
p17_s122_cross,17,point,41,17,17,17,0
p17_s122_cross,17,point,42,17,17,17,0
p17_s122_cross,17,point,43,17,17,17,0
p17_s122_cross,17,point,44,17,17,17,0
p17_s122_cross,17,point,45,17,17,17,0
p17_s122_cross,17,point,46,17,17,17,0
p17_s122_cross,17,point,47,17,17,17,0
p17_s122_cross,17,point,48,17,17,17,0
p17_s122_cross,17,point,49,17,17,17,0
p17_s122_cross,17,point,50,17,17,17,0
p17_s122_cross,17,point,51,17,17,17,0
p17_s122_cross,17,point,52,17,17,17,0
p17_s122_cross,17,point,53,17,17,17,0
p17_s122_cross,17,point,54,17,17,17,0
p17_s122_cross,17,point,55,17,17,17,0
p17_s122_cross,17,point,56,17,17,17,0
p17_s122_cross,17,point,57,17,17,17,0
p17_s122_cross,17,point,58,17,17,17,0
p17_s122_cross,17,point,59,17,17,17,0
p17_s122_cross,17,profile,0,1,1,1,1
p17_s122_cross,17,profile,1,1,1,1,1
p17_s122_cross,17,profile,2,1,1,1,1
p17_s122_cross,17,profile,3,1,1,1,1
p17_s122_cross,17,profile,4,1,1,1,1
p17_s122_cross,17,profile,5,1,1,1,1
p17_s122_cross,17,profile,6,1,1,1,1
p17_s122_cross,17,profile,7,1,1,1,1
p17_s122_cross,17,profile,8,1,1,1,0
p17_s122_cross,17,profile,9,1,1,1,0
p17_s122_cross,17,profile,10,1,1,1,0
p17_s122_cross,17,profile,11,1,1,1,0
p17_s122_cross,17,profile,12,1,1,1,0
p17_s122_cross,17,profile,13,1,1,1,0
p17_s122_cross,17,profile,14,1,1,1,0
p17_s122_cross,17,profile,15,1,1,1,0
p17_s122_cross,17,profile,16,1,1,1,0
p17_s122_cross,17,profile,17,1,1,1,0
p17_s122_cross,17,profile,18,1,1,1,0
p17_s122_cross,17,profile,19,1,1,1,0
p17_s122_cross,17,profile,20,1,1,1,0
p17_s122_cross,17,profile,21,1,1,1,0
p17_s122_cross,17,profile,22,1,1,1,0
p17_s122_cross,17,profile,23,1,1,1,0
p17_s122_cross,17,profile,24,1,1,1,0
p17_s122_cross,17,profile,25,1,1,1,0
p17_s122_cross,17,profile,26,1,1,1,0
p17_s122_cross,17,profile,27,1,1,1,0
p17_s122_cross,17,profile,28,1,1,1,0
p17_s122_cross,17,profile,29,1,1,1,0
p17_s122_cross,17,profile,30,1,1,1,0
p17_s122_cross,17,profile,31,1,1,1,0
p17_s122_cross,17,profile,32,1,1,1,0
p17_s122_cross,17,profile,33,1,1,1,0
p17_s122_cross,17,profile,34,1,1,1,0
p17_s122_cross,17,profile,35,1,1,1,0
p17_s122_cross,17,profile,36,1,1,1,0
p17_s122_cross,17,profile,37,1,1,1,0
p17_s122_cross,17,profile,38,1,1,1,0
p17_s122_cross,17,profile,39,1,1,1,0
p17_s122_cross,17,profile,40,1,1,1,0
p17_s122_cross,17,profile,41,1,1,1,0
p17_s122_cross,17,profile,42,1,1,1,0
p17_s122_cross,17,profile,43,1,1,1,0
p17_s122_cross,17,profile,44,1,1,1,0
p17_s122_cross,17,profile,45,1,1,1,0
p17_s122_cross,17,profile,46,1,1,1,0
p17_s122_cross,17,profile,47,1,1,1,0
p17_s122_cross,17,profile,48,1,1,1,0
p17_s122_cross,17,profile,49,1,1,1,0
p17_s122_cross,17,profile,50,1,1,1,0
p17_s122_cross,17,profile,51,1,1,1,0
p17_s122_cross,17,profile,52,1,1,1,0
p17_s122_cross,17,profile,53,1,1,1,0
p17_s122_cross,17,profile,54,1,1,1,0
p17_s122_cross,17,profile,55,1,1,1,0
p17_s122_cross,17,profile,56,1,1,1,0
p17_s122_cross,17,profile,57,1,1,1,0
p17_s122_cross,17,profile,58,1,1,1,0
p17_s122_cross,17,profile,59,1,1,1,0
p17_s123_cross,17,point,0,17,17,17,17
p17_s123_cross,17,point,1,17,17,17,17
p17_s123_cross,17,point,2,17,17,17,17
p17_s123_cross,17,point,3,17,17,17,16
p17_s123_cross,17,point,4,17,17,17,16
p17_s123_cross,17,point,5,17,17,17,16
p17_s123_cross,17,point,6,17,17,17,16
p17_s123_cross,17,point,7,17,17,17,16
p17_s123_cross,17,point,8,17,17,17,16
p17_s123_cross,17,point,9,17,17,17,4
p17_s123_cross,17,point,10,17,17,17,0
p17_s123_cross,17,point,11,17,17,17,0
p17_s123_cross,17,point,12,17,17,17,0
p17_s123_cross,17,point,13,17,17,17,0
p17_s123_cross,17,point,14,17,17,17,0
p17_s123_cross,17,point,15,17,17,17,0
p17_s123_cross,17,point,16,17,17,17,0
p17_s123_cross,17,point,17,17,17,17,0
p17_s123_cross,17,point,18,17,17,17,0
p17_s123_cross,17,point,19,17,17,17,0
p17_s123_cross,17,point,20,17,17,17,0
p17_s123_cross,17,point,21,17,17,17,0
p17_s123_cross,17,point,22,17,17,17,0
p17_s123_cross,17,point,23,17,17,17,0
p17_s123_cross,17,point,24,17,17,17,0
p17_s123_cross,17,point,25,17,17,17,0
p17_s123_cross,17,point,26,17,17,17,0
p17_s123_cross,17,point,27,17,17,17,0
p17_s123_cross,17,point,28,17,17,17,0
p17_s123_cross,17,point,29,17,17,17,0
p17_s123_cross,17,point,30,17,17,17,0
p17_s123_cross,17,point,31,17,17,17,0
p17_s123_cross,17,point,32,17,17,17,0
p17_s123_cross,17,point,33,17,17,17,0
p17_s123_cross,17,point,34,17,17,17,0
p17_s123_cross,17,point,35,17,17,17,0
p17_s123_cross,17,point,36,17,17,17,0
p17_s123_cross,17,point,37,17,17,17,0
p17_s123_cross,17,point,38,17,17,17,0
p17_s123_cross,17,point,39,17,17,17,0
p17_s123_cross,17,point,40,17,17,17,0
p17_s123_cross,17,point,41,17,17,17,0
p17_s123_cross,17,point,42,17,17,17,0
p17_s123_cross,17,point,43,17,17,17,0
p17_s123_cross,17,point,44,17,17,17,0
p17_s123_cross,17,point,45,17,17,17,0
p17_s123_cross,17,point,46,17,17,17,0
p17_s123_cross,17,point,47,17,17,17,0
p17_s123_cross,17,point,48,17,17,17,0
p17_s123_cross,17,point,49,17,17,17,0
p17_s123_cross,17,point,50,17,17,17,0
p17_s123_cross,17,point,51,17,17,17,0
p17_s123_cross,17,point,52,17,17,17,0
p17_s123_cross,17,point,53,17,17,17,0
p17_s123_cross,17,point,54,17,17,17,0
p17_s123_cross,17,point,55,17,17,17,0
p17_s123_cross,17,point,56,17,17,17,0
p17_s123_cross,17,point,57,17,17,17,0
p17_s123_cross,17,point,58,17,17,17,0
p17_s123_cross,17,point,59,17,17,17,0
p17_s123_cross,17,profile,0,1,1,1,1
p17_s123_cross,17,profile,1,1,1,1,1
p17_s123_cross,17,profile,2,1,1,1,1
p17_s123_cross,17,profile,3,1,1,1,1
p17_s123_cross,17,profile,4,1,1,1,1
p17_s123_cross,17,profile,5,1,1,1,1
p17_s123_cross,17,profile,6,1,1,1,1
p17_s123_cross,17,profile,7,1,1,1,1
p17_s123_cross,17,profile,8,1,1,1,1
p17_s123_cross,17,profile,9,1,1,1,0
p17_s123_cross,17,profile,10,1,1,1,0
p17_s123_cross,17,profile,11,1,1,1,0
p17_s123_cross,17,profile,12,1,1,1,0
p17_s123_cross,17,profile,13,1,1,1,0
p17_s123_cross,17,profile,14,1,1,1,0
p17_s123_cross,17,profile,15,1,1,1,0
p17_s123_cross,17,profile,16,1,1,1,0
p17_s123_cross,17,profile,17,1,1,1,0
p17_s123_cross,17,profile,18,1,1,1,0
p17_s123_cross,17,profile,19,1,1,1,0
p17_s123_cross,17,profile,20,1,1,1,0
p17_s123_cross,17,profile,21,1,1,1,0
p17_s123_cross,17,profile,22,1,1,1,0
p17_s123_cross,17,profile,23,1,1,1,0
p17_s123_cross,17,profile,24,1,1,1,0
p17_s123_cross,17,profile,25,1,1,1,0
p17_s123_cross,17,profile,26,1,1,1,0
p17_s123_cross,17,profile,27,1,1,1,0
p17_s123_cross,17,profile,28,1,1,1,0
p17_s123_cross,17,profile,29,1,1,1,0
p17_s123_cross,17,profile,30,1,1,1,0
p17_s123_cross,17,profile,31,1,1,1,0
p17_s123_cross,17,profile,32,1,1,1,0
p17_s123_cross,17,profile,33,1,1,1,0
p17_s123_cross,17,profile,34,1,1,1,0
p17_s123_cross,17,profile,35,1,1,1,0
p17_s123_cross,17,profile,36,1,1,1,0
p17_s123_cross,17,profile,37,1,1,1,0
p17_s123_cross,17,profile,38,1,1,1,0
p17_s123_cross,17,profile,39,1,1,1,0
p17_s123_cross,17,profile,40,1,1,1,0
p17_s123_cross,17,profile,41,1,1,1,0
p17_s123_cross,17,profile,42,1,1,1,0
p17_s123_cross,17,profile,43,1,1,1,0
p17_s123_cross,17,profile,44,1,1,1,0
p17_s123_cross,17,profile,45,1,1,1,0
p17_s123_cross,17,profile,46,1,1,1,0
p17_s123_cross,17,profile,47,1,1,1,0
p17_s123_cross,17,profile,48,1,1,1,0
p17_s123_cross,17,profile,49,1,1,1,0
p17_s123_cross,17,profile,50,1,1,1,0
p17_s123_cross,17,profile,51,1,1,1,0
p17_s123_cross,17,profile,52,1,1,1,0
p17_s123_cross,17,profile,53,1,1,1,0
p17_s123_cross,17,profile,54,1,1,1,0
p17_s123_cross,17,profile,55,1,1,1,0
p17_s123_cross,17,profile,56,1,1,1,0
p17_s123_cross,17,profile,57,1,1,1,0
p17_s123_cross,17,profile,58,1,1,1,0
p17_s123_cross,17,profile,59,1,1,1,0
p17_s124_cross,17,point,0,17,17,17,17
p17_s124_cross,17,point,1,17,17,17,17
p17_s124_cross,17,point,2,17,17,17,17
p17_s124_cross,17,point,3,17,17,17,17
p17_s124_cross,17,point,4,17,17,17,17
p17_s124_cross,17,point,5,17,17,17,17
p17_s124_cross,17,point,6,17,17,17,17
p17_s124_cross,17,point,7,17,17,17,17
p17_s124_cross,17,point,8,17,17,17,16
p17_s124_cross,17,point,9,17,17,17,0
p17_s124_cross,17,point,10,17,17,17,0
p17_s124_cross,17,point,11,17,17,17,0
p17_s124_cross,17,point,12,17,17,17,0
p17_s124_cross,17,point,13,17,17,17,0
p17_s124_cross,17,point,14,17,17,17,0
p17_s124_cross,17,point,15,17,17,17,0
p17_s124_cross,17,point,16,17,17,17,0
p17_s124_cross,17,point,17,17,17,17,0
p17_s124_cross,17,point,18,17,17,17,0
p17_s124_cross,17,point,19,17,17,17,0
p17_s124_cross,17,point,20,17,17,17,0
p17_s124_cross,17,point,21,17,17,17,0
p17_s124_cross,17,point,22,17,17,17,0
p17_s124_cross,17,point,23,17,17,17,0
p17_s124_cross,17,point,24,17,17,17,0
p17_s124_cross,17,point,25,17,17,17,0
p17_s124_cross,17,point,26,17,17,17,0
p17_s124_cross,17,point,27,17,17,17,0
p17_s124_cross,17,point,28,17,17,17,0
p17_s124_cross,17,point,29,17,17,17,0
p17_s124_cross,17,point,30,17,17,17,0
p17_s124_cross,17,point,31,17,17,17,0
p17_s124_cross,17,point,32,17,17,17,0
p17_s124_cross,17,point,33,17,17,17,0
p17_s124_cross,17,point,34,17,17,17,0
p17_s124_cross,17,point,35,17,17,17,0
p17_s124_cross,17,point,36,17,17,17,0
p17_s124_cross,17,point,37,17,17,17,0
p17_s124_cross,17,point,38,17,17,17,0
p17_s124_cross,17,point,39,17,17,17,0
p17_s124_cross,17,point,40,17,17,17,0
p17_s124_cross,17,point,41,17,17,17,0
p17_s124_cross,17,point,42,17,17,17,0
p17_s124_cross,17,point,43,17,17,17,0
p17_s124_cross,17,point,44,17,17,17,0
p17_s124_cross,17,point,45,17,17,17,0
p17_s124_cross,17,point,46,17,17,17,0
p17_s124_cross,17,point,47,17,17,17,0
p17_s124_cross,17,point,48,17,17,17,0
p17_s124_cross,17,point,49,17,17,17,0
p17_s124_cross,17,point,50,17,17,17,0
p17_s124_cross,17,point,51,17,17,17,0
p17_s124_cross,17,point,52,17,17,17,0
p17_s124_cross,17,point,53,17,17,17,0
p17_s124_cross,17,point,54,17,17,17,0
p17_s124_cross,17,point,55,17,17,17,0
p17_s124_cross,17,point,56,17,17,17,0
p17_s124_cross,17,point,57,17,17,17,0
p17_s124_cross,17,point,58,17,17,17,0
p17_s124_cross,17,point,59,17,17,17,0
p17_s124_cross,17,profile,0,1,1,1,1
p17_s124_cross,17,profile,1,1,1,1,1
p17_s124_cross,17,profile,2,1,1,1,1
p17_s124_cross,17,profile,3,1,1,1,1
p17_s124_cross,17,profile,4,1,1,1,1
p17_s124_cross,17,profile,5,1,1,1,1
p17_s124_cross,17,profile,6,1,1,1,1
p17_s124_cross,17,profile,7,1,1,1,1
p17_s124_cross,17,profile,8,1,1,1,0
p17_s124_cross,17,profile,9,1,1,1,0
p17_s124_cross,17,profile,10,1,1,1,0
p17_s124_cross,17,profile,11,1,1,1,0
p17_s124_cross,17,profile,12,1,1,1,0
p17_s124_cross,17,profile,13,1,1,1,0
p17_s124_cross,17,profile,14,1,1,1,0
p17_s124_cross,17,profile,15,1,1,1,0
p17_s124_cross,17,profile,16,1,1,1,0
p17_s124_cross,17,profile,17,1,1,1,0
p17_s124_cross,17,profile,18,1,1,1,0
p17_s124_cross,17,profile,19,1,1,1,0
p17_s124_cross,17,profile,20,1,1,1,0
p17_s124_cross,17,profile,21,1,1,1,0
p17_s124_cross,17,profile,22,1,1,1,0
p17_s124_cross,17,profile,23,1,1,1,0
p17_s124_cross,17,profile,24,1,1,1,0
p17_s124_cross,17,profile,25,1,1,1,0
p17_s124_cross,17,profile,26,1,1,1,0
p17_s124_cross,17,profile,27,1,1,1,0
p17_s124_cross,17,profile,28,1,1,1,0
p17_s124_cross,17,profile,29,1,1,1,0
p17_s124_cross,17,profile,30,1,1,1,0
p17_s124_cross,17,profile,31,1,1,1,0
p17_s124_cross,17,profile,32,1,1,1,0
p17_s124_cross,17,profile,33,1,1,1,0
p17_s124_cross,17,profile,34,1,1,1,0
p17_s124_cross,17,profile,35,1,1,1,0
p17_s124_cross,17,profile,36,1,1,1,0
p17_s124_cross,17,profile,37,1,1,1,0
p17_s124_cross,17,profile,38,1,1,1,0
p17_s124_cross,17,profile,39,1,1,1,0
p17_s124_cross,17,profile,40,1,1,1,0
p17_s124_cross,17,profile,41,1,1,1,0
p17_s124_cross,17,profile,42,1,1,1,0
p17_s124_cross,17,profile,43,1,1,1,0
p17_s124_cross,17,profile,44,1,1,1,0
p17_s124_cross,17,profile,45,1,1,1,0
p17_s124_cross,17,profile,46,1,1,1,0
p17_s124_cross,17,profile,47,1,1,1,0
p17_s124_cross,17,profile,48,1,1,1,0
p17_s124_cross,17,profile,49,1,1,1,0
p17_s124_cross,17,profile,50,1,1,1,0
p17_s124_cross,17,profile,51,1,1,1,0
p17_s124_cross,17,profile,52,1,1,1,0
p17_s124_cross,17,profile,53,1,1,1,0
p17_s124_cross,17,profile,54,1,1,1,0
p17_s124_cross,17,profile,55,1,1,1,0
p17_s124_cross,17,profile,56,1,1,1,0
p17_s124_cross,17,profile,57,1,1,1,0
p17_s124_cross,17,profile,58,1,1,1,0
p17_s124_cross,17,profile,59,1,1,1,0
p17_s125_cross,17,point,0,17,17,17,17
p17_s125_cross,17,point,1,17,17,17,17
p17_s125_cross,17,point,2,17,17,17,17
p17_s125_cross,17,point,3,17,17,17,17
p17_s125_cross,17,point,4,17,17,17,17
p17_s125_cross,17,point,5,17,17,17,17
p17_s125_cross,17,point,6,17,17,17,17
p17_s125_cross,17,point,7,17,17,17,17
p17_s125_cross,17,point,8,17,17,17,2
p17_s125_cross,17,point,9,17,17,17,0
p17_s125_cross,17,point,10,17,17,17,0
p17_s125_cross,17,point,11,17,17,17,0
p17_s125_cross,17,point,12,17,17,17,0
p17_s125_cross,17,point,13,17,17,17,0
p17_s125_cross,17,point,14,17,17,17,0
p17_s125_cross,17,point,15,17,17,17,0
p17_s125_cross,17,point,16,17,17,17,0
p17_s125_cross,17,point,17,17,17,17,0
p17_s125_cross,17,point,18,17,17,17,0
p17_s125_cross,17,point,19,17,17,17,0
p17_s125_cross,17,point,20,17,17,17,0
p17_s125_cross,17,point,21,17,17,17,0
p17_s125_cross,17,point,22,17,17,17,0
p17_s125_cross,17,point,23,17,17,17,0
p17_s125_cross,17,point,24,17,17,17,0
p17_s125_cross,17,point,25,17,17,17,0
p17_s125_cross,17,point,26,17,17,17,0
p17_s125_cross,17,point,27,17,17,17,0
p17_s125_cross,17,point,28,17,17,17,0
p17_s125_cross,17,point,29,17,17,17,0
p17_s125_cross,17,point,30,17,17,17,0
p17_s125_cross,17,point,31,17,17,17,0
p17_s125_cross,17,point,32,17,17,17,0
p17_s125_cross,17,point,33,17,17,17,0
p17_s125_cross,17,point,34,17,17,17,0
p17_s125_cross,17,point,35,17,17,17,0
p17_s125_cross,17,point,36,17,17,17,0
p17_s125_cross,17,point,37,17,17,17,0
p17_s125_cross,17,point,38,17,17,17,0
p17_s125_cross,17,point,39,17,17,17,0
p17_s125_cross,17,point,40,17,17,17,0
p17_s125_cross,17,point,41,17,17,17,0
p17_s125_cross,17,point,42,17,17,17,0
p17_s125_cross,17,point,43,17,17,17,0
p17_s125_cross,17,point,44,17,17,17,0
p17_s125_cross,17,point,45,17,17,17,0
p17_s125_cross,17,point,46,17,17,17,0
p17_s125_cross,17,point,47,17,17,17,0
p17_s125_cross,17,point,48,17,17,17,0
p17_s125_cross,17,point,49,17,17,17,0
p17_s125_cross,17,point,50,17,17,17,0
p17_s125_cross,17,point,51,17,17,17,0
p17_s125_cross,17,point,52,17,17,17,0
p17_s125_cross,17,point,53,17,17,17,0
p17_s125_cross,17,point,54,17,17,17,0
p17_s125_cross,17,point,55,17,17,17,0
p17_s125_cross,17,point,56,17,17,17,0
p17_s125_cross,17,point,57,17,17,17,0
p17_s125_cross,17,point,58,17,17,17,0
p17_s125_cross,17,point,59,17,17,17,0
p17_s125_cross,17,profile,0,1,1,1,1
p17_s125_cross,17,profile,1,1,1,1,1
p17_s125_cross,17,profile,2,1,1,1,1
p17_s125_cross,17,profile,3,1,1,1,1
p17_s125_cross,17,profile,4,1,1,1,1
p17_s125_cross,17,profile,5,1,1,1,1
p17_s125_cross,17,profile,6,1,1,1,1
p17_s125_cross,17,profile,7,1,1,1,1
p17_s125_cross,17,profile,8,1,1,1,0
p17_s125_cross,17,profile,9,1,1,1,0
p17_s125_cross,17,profile,10,1,1,1,0
p17_s125_cross,17,profile,11,1,1,1,0
p17_s125_cross,17,profile,12,1,1,1,0
p17_s125_cross,17,profile,13,1,1,1,0
p17_s125_cross,17,profile,14,1,1,1,0
p17_s125_cross,17,profile,15,1,1,1,0
p17_s125_cross,17,profile,16,1,1,1,0
p17_s125_cross,17,profile,17,1,1,1,0
p17_s125_cross,17,profile,18,1,1,1,0
p17_s125_cross,17,profile,19,1,1,1,0
p17_s125_cross,17,profile,20,1,1,1,0
p17_s125_cross,17,profile,21,1,1,1,0
p17_s125_cross,17,profile,22,1,1,1,0
p17_s125_cross,17,profile,23,1,1,1,0
p17_s125_cross,17,profile,24,1,1,1,0
p17_s125_cross,17,profile,25,1,1,1,0
p17_s125_cross,17,profile,26,1,1,1,0
p17_s125_cross,17,profile,27,1,1,1,0
p17_s125_cross,17,profile,28,1,1,1,0
p17_s125_cross,17,profile,29,1,1,1,0
p17_s125_cross,17,profile,30,1,1,1,0
p17_s125_cross,17,profile,31,1,1,1,0
p17_s125_cross,17,profile,32,1,1,1,0
p17_s125_cross,17,profile,33,1,1,1,0
p17_s125_cross,17,profile,34,1,1,1,0
p17_s125_cross,17,profile,35,1,1,1,0
p17_s125_cross,17,profile,36,1,1,1,0
p17_s125_cross,17,profile,37,1,1,1,0
p17_s125_cross,17,profile,38,1,1,1,0
p17_s125_cross,17,profile,39,1,1,1,0
p17_s125_cross,17,profile,40,1,1,1,0
p17_s125_cross,17,profile,41,1,1,1,0
p17_s125_cross,17,profile,42,1,1,1,0
p17_s125_cross,17,profile,43,1,1,1,0
p17_s125_cross,17,profile,44,1,1,1,0
p17_s125_cross,17,profile,45,1,1,1,0
p17_s125_cross,17,profile,46,1,1,1,0
p17_s125_cross,17,profile,47,1,1,1,0
p17_s125_cross,17,profile,48,1,1,1,0
p17_s125_cross,17,profile,49,1,1,1,0
p17_s125_cross,17,profile,50,1,1,1,0
p17_s125_cross,17,profile,51,1,1,1,0
p17_s125_cross,17,profile,52,1,1,1,0
p17_s125_cross,17,profile,53,1,1,1,0
p17_s125_cross,17,profile,54,1,1,1,0
p17_s125_cross,17,profile,55,1,1,1,0
p17_s125_cross,17,profile,56,1,1,1,0
p17_s125_cross,17,profile,57,1,1,1,0
p17_s125_cross,17,profile,58,1,1,1,0
p17_s125_cross,17,profile,59,1,1,1,0
p17_s126_cross,17,point,0,17,17,17,17
p17_s126_cross,17,point,1,17,17,17,17
p17_s126_cross,17,point,2,17,17,17,17
p17_s126_cross,17,point,3,17,17,17,17
p17_s126_cross,17,point,4,17,17,17,17
p17_s126_cross,17,point,5,17,17,17,17
p17_s126_cross,17,point,6,17,17,17,17
p17_s126_cross,17,point,7,17,17,17,17
p17_s126_cross,17,point,8,17,17,17,17
p17_s126_cross,17,point,9,17,17,17,0
p17_s126_cross,17,point,10,17,17,17,0
p17_s126_cross,17,point,11,17,17,17,0
p17_s126_cross,17,point,12,17,17,17,0
p17_s126_cross,17,point,13,17,17,17,0
p17_s126_cross,17,point,14,17,17,17,0
p17_s126_cross,17,point,15,17,17,17,0
p17_s126_cross,17,point,16,17,17,17,0
p17_s126_cross,17,point,17,17,17,17,0
p17_s126_cross,17,point,18,17,17,17,0
p17_s126_cross,17,point,19,17,17,17,0
p17_s126_cross,17,point,20,17,17,17,0
p17_s126_cross,17,point,21,17,17,17,0
p17_s126_cross,17,point,22,17,17,17,0
p17_s126_cross,17,point,23,17,17,17,0
p17_s126_cross,17,point,24,17,17,17,0
p17_s126_cross,17,point,25,17,17,17,0
p17_s126_cross,17,point,26,17,17,17,0
p17_s126_cross,17,point,27,17,17,17,0
p17_s126_cross,17,point,28,17,17,17,0
p17_s126_cross,17,point,29,17,17,17,0
p17_s126_cross,17,point,30,17,17,17,0
p17_s126_cross,17,point,31,17,17,17,0
p17_s126_cross,17,point,32,17,17,17,0
p17_s126_cross,17,point,33,17,17,17,0
p17_s126_cross,17,point,34,17,17,17,0
p17_s126_cross,17,point,35,17,17,17,0
p17_s126_cross,17,point,36,17,17,17,0
p17_s126_cross,17,point,37,17,17,17,0
p17_s126_cross,17,point,38,17,17,17,0
p17_s126_cross,17,point,39,17,17,17,0
p17_s126_cross,17,point,40,17,17,17,0
p17_s126_cross,17,point,41,17,17,17,0
p17_s126_cross,17,point,42,17,17,17,0
p17_s126_cross,17,point,43,17,17,17,0
p17_s126_cross,17,point,44,17,17,17,0
p17_s126_cross,17,point,45,17,17,17,0
p17_s126_cross,17,point,46,17,17,17,0
p17_s126_cross,17,point,47,17,17,17,0
p17_s126_cross,17,point,48,17,17,17,0
p17_s126_cross,17,point,49,17,17,17,0
p17_s126_cross,17,point,50,17,17,17,0
p17_s126_cross,17,point,51,17,17,17,0
p17_s126_cross,17,point,52,17,17,17,0
p17_s126_cross,17,point,53,17,17,17,0
p17_s126_cross,17,point,54,17,17,17,0
p17_s126_cross,17,point,55,17,17,17,0
p17_s126_cross,17,point,56,17,17,17,0
p17_s126_cross,17,point,57,17,17,17,0
p17_s126_cross,17,point,58,17,17,17,0
p17_s126_cross,17,point,59,17,17,17,0
p17_s126_cross,17,profile,0,1,1,1,1
p17_s126_cross,17,profile,1,1,1,1,1
p17_s126_cross,17,profile,2,1,1,1,1
p17_s126_cross,17,profile,3,1,1,1,1
p17_s126_cross,17,profile,4,1,1,1,1
p17_s126_cross,17,profile,5,1,1,1,1
p17_s126_cross,17,profile,6,1,1,1,1
p17_s126_cross,17,profile,7,1,1,1,1
p17_s126_cross,17,profile,8,1,1,1,1
p17_s126_cross,17,profile,9,1,1,1,0
p17_s126_cross,17,profile,10,1,1,1,0
p17_s126_cross,17,profile,11,1,1,1,0
p17_s126_cross,17,profile,12,1,1,1,0
p17_s126_cross,17,profile,13,1,1,1,0
p17_s126_cross,17,profile,14,1,1,1,0
p17_s126_cross,17,profile,15,1,1,1,0
p17_s126_cross,17,profile,16,1,1,1,0
p17_s126_cross,17,profile,17,1,1,1,0
p17_s126_cross,17,profile,18,1,1,1,0
p17_s126_cross,17,profile,19,1,1,1,0
p17_s126_cross,17,profile,20,1,1,1,0
p17_s126_cross,17,profile,21,1,1,1,0
p17_s126_cross,17,profile,22,1,1,1,0
p17_s126_cross,17,profile,23,1,1,1,0
p17_s126_cross,17,profile,24,1,1,1,0
p17_s126_cross,17,profile,25,1,1,1,0
p17_s126_cross,17,profile,26,1,1,1,0
p17_s126_cross,17,profile,27,1,1,1,0
p17_s126_cross,17,profile,28,1,1,1,0
p17_s126_cross,17,profile,29,1,1,1,0
p17_s126_cross,17,profile,30,1,1,1,0
p17_s126_cross,17,profile,31,1,1,1,0
p17_s126_cross,17,profile,32,1,1,1,0
p17_s126_cross,17,profile,33,1,1,1,0
p17_s126_cross,17,profile,34,1,1,1,0
p17_s126_cross,17,profile,35,1,1,1,0
p17_s126_cross,17,profile,36,1,1,1,0
p17_s126_cross,17,profile,37,1,1,1,0
p17_s126_cross,17,profile,38,1,1,1,0
p17_s126_cross,17,profile,39,1,1,1,0
p17_s126_cross,17,profile,40,1,1,1,0
p17_s126_cross,17,profile,41,1,1,1,0
p17_s126_cross,17,profile,42,1,1,1,0
p17_s126_cross,17,profile,43,1,1,1,0
p17_s126_cross,17,profile,44,1,1,1,0
p17_s126_cross,17,profile,45,1,1,1,0
p17_s126_cross,17,profile,46,1,1,1,0
p17_s126_cross,17,profile,47,1,1,1,0
p17_s126_cross,17,profile,48,1,1,1,0
p17_s126_cross,17,profile,49,1,1,1,0
p17_s126_cross,17,profile,50,1,1,1,0
p17_s126_cross,17,profile,51,1,1,1,0
p17_s126_cross,17,profile,52,1,1,1,0
p17_s126_cross,17,profile,53,1,1,1,0
p17_s126_cross,17,profile,54,1,1,1,0
p17_s126_cross,17,profile,55,1,1,1,0
p17_s126_cross,17,profile,56,1,1,1,0
p17_s126_cross,17,profile,57,1,1,1,0
p17_s126_cross,17,profile,58,1,1,1,0
p17_s126_cross,17,profile,59,1,1,1,0
p17_s127_cross,17,point,0,17,17,17,17
p17_s127_cross,17,point,1,17,17,17,17
p17_s127_cross,17,point,2,17,17,17,17
p17_s127_cross,17,point,3,17,17,17,17
p17_s127_cross,17,point,4,17,17,17,17
p17_s127_cross,17,point,5,17,17,17,17
p17_s127_cross,17,point,6,17,17,17,17
p17_s127_cross,17,point,7,17,17,17,16
p17_s127_cross,17,point,8,17,17,17,16
p17_s127_cross,17,point,9,17,17,17,0
p17_s127_cross,17,point,10,17,17,17,0
p17_s127_cross,17,point,11,17,17,17,0
p17_s127_cross,17,point,12,17,17,17,0
p17_s127_cross,17,point,13,17,17,17,0
p17_s127_cross,17,point,14,17,17,17,0
p17_s127_cross,17,point,15,17,17,17,0
p17_s127_cross,17,point,16,17,17,17,0
p17_s127_cross,17,point,17,17,17,17,0
p17_s127_cross,17,point,18,17,17,17,0
p17_s127_cross,17,point,19,17,17,17,0
p17_s127_cross,17,point,20,17,17,17,0
p17_s127_cross,17,point,21,17,17,17,0
p17_s127_cross,17,point,22,17,17,17,0
p17_s127_cross,17,point,23,17,17,17,0
p17_s127_cross,17,point,24,17,17,17,0
p17_s127_cross,17,point,25,17,17,17,0
p17_s127_cross,17,point,26,17,17,17,0
p17_s127_cross,17,point,27,17,17,17,0
p17_s127_cross,17,point,28,17,17,17,0
p17_s127_cross,17,point,29,17,17,17,0
p17_s127_cross,17,point,30,17,17,17,0
p17_s127_cross,17,point,31,17,17,17,0
p17_s127_cross,17,point,32,17,17,17,0
p17_s127_cross,17,point,33,17,17,17,0
p17_s127_cross,17,point,34,17,17,17,0
p17_s127_cross,17,point,35,17,17,17,0
p17_s127_cross,17,point,36,17,17,17,0
p17_s127_cross,17,point,37,17,17,17,0
p17_s127_cross,17,point,38,17,17,17,0
p17_s127_cross,17,point,39,17,17,17,0
p17_s127_cross,17,point,40,17,17,17,0
p17_s127_cross,17,point,41,17,17,17,0
p17_s127_cross,17,point,42,17,17,17,0
p17_s127_cross,17,point,43,17,17,17,0
p17_s127_cross,17,point,44,17,17,17,0
p17_s127_cross,17,point,45,17,17,17,0
p17_s127_cross,17,point,46,17,17,17,0
p17_s127_cross,17,point,47,17,17,17,0
p17_s127_cross,17,point,48,17,17,17,0
p17_s127_cross,17,point,49,17,17,17,0
p17_s127_cross,17,point,50,17,17,17,0
p17_s127_cross,17,point,51,17,17,17,0
p17_s127_cross,17,point,52,17,17,17,0
p17_s127_cross,17,point,53,17,17,17,0
p17_s127_cross,17,point,54,17,17,17,0
p17_s127_cross,17,point,55,17,17,17,0
p17_s127_cross,17,point,56,17,17,17,0
p17_s127_cross,17,point,57,17,17,17,0
p17_s127_cross,17,point,58,17,17,17,0
p17_s127_cross,17,point,59,17,17,17,0
p17_s127_cross,17,profile,0,1,1,1,1
p17_s127_cross,17,profile,1,1,1,1,1
p17_s127_cross,17,profile,2,1,1,1,1
p17_s127_cross,17,profile,3,1,1,1,1
p17_s127_cross,17,profile,4,1,1,1,1
p17_s127_cross,17,profile,5,1,1,1,1
p17_s127_cross,17,profile,6,1,1,1,1
p17_s127_cross,17,profile,7,1,1,1,1
p17_s127_cross,17,profile,8,1,1,1,1
p17_s127_cross,17,profile,9,1,1,1,0
p17_s127_cross,17,profile,10,1,1,1,0
p17_s127_cross,17,profile,11,1,1,1,0
p17_s127_cross,17,profile,12,1,1,1,0
p17_s127_cross,17,profile,13,1,1,1,0
p17_s127_cross,17,profile,14,1,1,1,0
p17_s127_cross,17,profile,15,1,1,1,0
p17_s127_cross,17,profile,16,1,1,1,0
p17_s127_cross,17,profile,17,1,1,1,0
p17_s127_cross,17,profile,18,1,1,1,0
p17_s127_cross,17,profile,19,1,1,1,0
p17_s127_cross,17,profile,20,1,1,1,0
p17_s127_cross,17,profile,21,1,1,1,0
p17_s127_cross,17,profile,22,1,1,1,0
p17_s127_cross,17,profile,23,1,1,1,0
p17_s127_cross,17,profile,24,1,1,1,0
p17_s127_cross,17,profile,25,1,1,1,0
p17_s127_cross,17,profile,26,1,1,1,0
p17_s127_cross,17,profile,27,1,1,1,0
p17_s127_cross,17,profile,28,1,1,1,0
p17_s127_cross,17,profile,29,1,1,1,0
p17_s127_cross,17,profile,30,1,1,1,0
p17_s127_cross,17,profile,31,1,1,1,0
p17_s127_cross,17,profile,32,1,1,1,0
p17_s127_cross,17,profile,33,1,1,1,0
p17_s127_cross,17,profile,34,1,1,1,0
p17_s127_cross,17,profile,35,1,1,1,0
p17_s127_cross,17,profile,36,1,1,1,0
p17_s127_cross,17,profile,37,1,1,1,0
p17_s127_cross,17,profile,38,1,1,1,0
p17_s127_cross,17,profile,39,1,1,1,0
p17_s127_cross,17,profile,40,1,1,1,0
p17_s127_cross,17,profile,41,1,1,1,0
p17_s127_cross,17,profile,42,1,1,1,0
p17_s127_cross,17,profile,43,1,1,1,0
p17_s127_cross,17,profile,44,1,1,1,0
p17_s127_cross,17,profile,45,1,1,1,0
p17_s127_cross,17,profile,46,1,1,1,0
p17_s127_cross,17,profile,47,1,1,1,0
p17_s127_cross,17,profile,48,1,1,1,0
p17_s127_cross,17,profile,49,1,1,1,0
p17_s127_cross,17,profile,50,1,1,1,0
p17_s127_cross,17,profile,51,1,1,1,0
p17_s127_cross,17,profile,52,1,1,1,0
p17_s127_cross,17,profile,53,1,1,1,0
p17_s127_cross,17,profile,54,1,1,1,0
p17_s127_cross,17,profile,55,1,1,1,0
p17_s127_cross,17,profile,56,1,1,1,0
p17_s127_cross,17,profile,57,1,1,1,0
p17_s127_cross,17,profile,58,1,1,1,0
p17_s127_cross,17,profile,59,1,1,1,0
p17_s128_cross,17,point,0,17,17,17,16
p17_s128_cross,17,point,1,17,17,17,16
p17_s128_cross,17,point,2,17,17,17,13
p17_s128_cross,17,point,3,17,17,17,9
p17_s128_cross,17,point,4,17,17,17,5
p17_s128_cross,17,point,5,17,17,17,4
p17_s128_cross,17,point,6,17,17,17,3
p17_s128_cross,17,point,7,17,17,17,1
p17_s128_cross,17,point,8,17,17,17,0
p17_s128_cross,17,point,9,17,17,17,0
p17_s128_cross,17,point,10,17,17,17,0
p17_s128_cross,17,point,11,17,17,17,0
p17_s128_cross,17,point,12,17,17,17,0
p17_s128_cross,17,point,13,17,17,17,0
p17_s128_cross,17,point,14,17,17,17,0
p17_s128_cross,17,point,15,17,17,17,0
p17_s128_cross,17,point,16,17,17,17,0
p17_s128_cross,17,point,17,17,17,17,0
p17_s128_cross,17,point,18,17,17,17,0
p17_s128_cross,17,point,19,17,17,17,0
p17_s128_cross,17,point,20,17,17,17,0
p17_s128_cross,17,point,21,17,17,17,0
p17_s128_cross,17,point,22,17,17,17,0
p17_s128_cross,17,point,23,17,17,17,0
p17_s128_cross,17,point,24,17,17,17,0
p17_s128_cross,17,point,25,17,17,17,0
p17_s128_cross,17,point,26,17,17,17,0
p17_s128_cross,17,point,27,17,17,17,0
p17_s128_cross,17,point,28,17,17,17,0
p17_s128_cross,17,point,29,17,17,17,0
p17_s128_cross,17,point,30,17,17,17,0
p17_s128_cross,17,point,31,17,17,17,0
p17_s128_cross,17,point,32,17,17,17,0
p17_s128_cross,17,point,33,17,17,17,0
p17_s128_cross,17,point,34,17,17,17,0
p17_s128_cross,17,point,35,17,17,17,0
p17_s128_cross,17,point,36,17,17,17,0
p17_s128_cross,17,point,37,17,17,17,0
p17_s128_cross,17,point,38,17,17,17,0
p17_s128_cross,17,point,39,17,17,17,0
p17_s128_cross,17,point,40,17,17,17,0
p17_s128_cross,17,point,41,17,17,17,0
p17_s128_cross,17,point,42,17,17,17,0
p17_s128_cross,17,point,43,17,17,17,0
p17_s128_cross,17,point,44,17,17,17,0
p17_s128_cross,17,point,45,17,17,17,0
p17_s128_cross,17,point,46,17,17,17,0
p17_s128_cross,17,point,47,17,17,17,0
p17_s128_cross,17,point,48,17,17,17,0
p17_s128_cross,17,point,49,17,17,17,0
p17_s128_cross,17,point,50,17,17,17,0
p17_s128_cross,17,point,51,17,17,17,0
p17_s128_cross,17,point,52,17,17,17,0
p17_s128_cross,17,point,53,17,17,17,0
p17_s128_cross,17,point,54,17,17,17,0
p17_s128_cross,17,point,55,17,17,17,0
p17_s128_cross,17,point,56,17,17,17,0
p17_s128_cross,17,point,57,17,17,17,0
p17_s128_cross,17,point,58,17,17,17,0
p17_s128_cross,17,point,59,17,17,17,0
p17_s128_cross,17,profile,0,1,1,1,1
p17_s128_cross,17,profile,1,1,1,1,0
p17_s128_cross,17,profile,2,1,1,1,0
p17_s128_cross,17,profile,3,1,1,1,0
p17_s128_cross,17,profile,4,1,1,1,0
p17_s128_cross,17,profile,5,1,1,1,0
p17_s128_cross,17,profile,6,1,1,1,0
p17_s128_cross,17,profile,7,1,1,1,0
p17_s128_cross,17,profile,8,1,1,1,0
p17_s128_cross,17,profile,9,1,1,1,0
p17_s128_cross,17,profile,10,1,1,1,0
p17_s128_cross,17,profile,11,1,1,1,0
p17_s128_cross,17,profile,12,1,1,1,0
p17_s128_cross,17,profile,13,1,1,1,0
p17_s128_cross,17,profile,14,1,1,1,0
p17_s128_cross,17,profile,15,1,1,1,0
p17_s128_cross,17,profile,16,1,1,1,0
p17_s128_cross,17,profile,17,1,1,1,0
p17_s128_cross,17,profile,18,1,1,1,0
p17_s128_cross,17,profile,19,1,1,1,0
p17_s128_cross,17,profile,20,1,1,1,0
p17_s128_cross,17,profile,21,1,1,1,0
p17_s128_cross,17,profile,22,1,1,1,0
p17_s128_cross,17,profile,23,1,1,1,0
p17_s128_cross,17,profile,24,1,1,1,0
p17_s128_cross,17,profile,25,1,1,1,0
p17_s128_cross,17,profile,26,1,1,1,0
p17_s128_cross,17,profile,27,1,1,1,0
p17_s128_cross,17,profile,28,1,1,1,0
p17_s128_cross,17,profile,29,1,1,1,0
p17_s128_cross,17,profile,30,1,1,1,0
p17_s128_cross,17,profile,31,1,1,1,0
p17_s128_cross,17,profile,32,1,1,1,0
p17_s128_cross,17,profile,33,1,1,1,0
p17_s128_cross,17,profile,34,1,1,1,0
p17_s128_cross,17,profile,35,1,1,1,0
p17_s128_cross,17,profile,36,1,1,1,0
p17_s128_cross,17,profile,37,1,1,1,0
p17_s128_cross,17,profile,38,1,1,1,0
p17_s128_cross,17,profile,39,1,1,1,0
p17_s128_cross,17,profile,40,1,1,1,0
p17_s128_cross,17,profile,41,1,1,1,0
p17_s128_cross,17,profile,42,1,1,1,0
p17_s128_cross,17,profile,43,1,1,1,0
p17_s128_cross,17,profile,44,1,1,1,0
p17_s128_cross,17,profile,45,1,1,1,0
p17_s128_cross,17,profile,46,1,1,1,0
p17_s128_cross,17,profile,47,1,1,1,0
p17_s128_cross,17,profile,48,1,1,1,0
p17_s128_cross,17,profile,49,1,1,1,0
p17_s128_cross,17,profile,50,1,1,1,0
p17_s128_cross,17,profile,51,1,1,1,0
p17_s128_cross,17,profile,52,1,1,1,0
p17_s128_cross,17,profile,53,1,1,1,0
p17_s128_cross,17,profile,54,1,1,1,0
p17_s128_cross,17,profile,55,1,1,1,0
p17_s128_cross,17,profile,56,1,1,1,0
p17_s128_cross,17,profile,57,1,1,1,0
p17_s128_cross,17,profile,58,1,1,1,0
p17_s128_cross,17,profile,59,1,1,1,0
p17_s129_cross,17,point,0,17,17,17,17
p17_s129_cross,17,point,1,17,17,17,17
p17_s129_cross,17,point,2,17,17,17,17
p17_s129_cross,17,point,3,17,17,17,17
p17_s129_cross,17,point,4,17,17,17,17
p17_s129_cross,17,point,5,17,17,17,17
p17_s129_cross,17,point,6,17,17,17,17
p17_s129_cross,17,point,7,17,17,17,17
p17_s129_cross,17,point,8,17,17,17,0
p17_s129_cross,17,point,9,17,17,17,0
p17_s129_cross,17,point,10,17,17,17,0
p17_s129_cross,17,point,11,17,17,17,0
p17_s129_cross,17,point,12,17,17,17,0
p17_s129_cross,17,point,13,17,17,17,0
p17_s129_cross,17,point,14,17,17,17,0
p17_s129_cross,17,point,15,17,17,17,0
p17_s129_cross,17,point,16,17,17,17,0
p17_s129_cross,17,point,17,17,17,17,0
p17_s129_cross,17,point,18,17,17,17,0
p17_s129_cross,17,point,19,17,17,17,0
p17_s129_cross,17,point,20,17,17,17,0
p17_s129_cross,17,point,21,17,17,17,0
p17_s129_cross,17,point,22,17,17,17,0
p17_s129_cross,17,point,23,17,17,17,0
p17_s129_cross,17,point,24,17,17,17,0
p17_s129_cross,17,point,25,17,17,17,0
p17_s129_cross,17,point,26,17,17,17,0
p17_s129_cross,17,point,27,17,17,17,0
p17_s129_cross,17,point,28,17,17,17,0
p17_s129_cross,17,point,29,17,17,17,0
p17_s129_cross,17,point,30,17,17,17,0
p17_s129_cross,17,point,31,17,17,17,0
p17_s129_cross,17,point,32,17,17,17,0
p17_s129_cross,17,point,33,17,17,17,0
p17_s129_cross,17,point,34,17,17,17,0
p17_s129_cross,17,point,35,17,17,17,0
p17_s129_cross,17,point,36,17,17,17,0
p17_s129_cross,17,point,37,17,17,17,0
p17_s129_cross,17,point,38,17,17,17,0
p17_s129_cross,17,point,39,17,17,17,0
p17_s129_cross,17,point,40,17,17,17,0
p17_s129_cross,17,point,41,17,17,17,0
p17_s129_cross,17,point,42,17,17,17,0
p17_s129_cross,17,point,43,17,17,17,0
p17_s129_cross,17,point,44,17,17,17,0
p17_s129_cross,17,point,45,17,17,17,0
p17_s129_cross,17,point,46,17,17,17,0
p17_s129_cross,17,point,47,17,17,17,0
p17_s129_cross,17,point,48,17,17,17,0
p17_s129_cross,17,point,49,17,17,17,0
p17_s129_cross,17,point,50,17,17,17,0
p17_s129_cross,17,point,51,17,17,17,0
p17_s129_cross,17,point,52,17,17,17,0
p17_s129_cross,17,point,53,17,17,17,0
p17_s129_cross,17,point,54,17,17,17,0
p17_s129_cross,17,point,55,17,17,17,0
p17_s129_cross,17,point,56,17,17,17,0
p17_s129_cross,17,point,57,17,17,17,0
p17_s129_cross,17,point,58,17,17,17,0
p17_s129_cross,17,point,59,17,17,17,0
p17_s129_cross,17,profile,0,1,1,1,1
p17_s129_cross,17,profile,1,1,1,1,1
p17_s129_cross,17,profile,2,1,1,1,1
p17_s129_cross,17,profile,3,1,1,1,1
p17_s129_cross,17,profile,4,1,1,1,1
p17_s129_cross,17,profile,5,1,1,1,1
p17_s129_cross,17,profile,6,1,1,1,1
p17_s129_cross,17,profile,7,1,1,1,1
p17_s129_cross,17,profile,8,1,1,1,0
p17_s129_cross,17,profile,9,1,1,1,0
p17_s129_cross,17,profile,10,1,1,1,0
p17_s129_cross,17,profile,11,1,1,1,0
p17_s129_cross,17,profile,12,1,1,1,0
p17_s129_cross,17,profile,13,1,1,1,0
p17_s129_cross,17,profile,14,1,1,1,0
p17_s129_cross,17,profile,15,1,1,1,0
p17_s129_cross,17,profile,16,1,1,1,0
p17_s129_cross,17,profile,17,1,1,1,0
p17_s129_cross,17,profile,18,1,1,1,0
p17_s129_cross,17,profile,19,1,1,1,0
p17_s129_cross,17,profile,20,1,1,1,0
p17_s129_cross,17,profile,21,1,1,1,0
p17_s129_cross,17,profile,22,1,1,1,0
p17_s129_cross,17,profile,23,1,1,1,0
p17_s129_cross,17,profile,24,1,1,1,0
p17_s129_cross,17,profile,25,1,1,1,0
p17_s129_cross,17,profile,26,1,1,1,0
p17_s129_cross,17,profile,27,1,1,1,0
p17_s129_cross,17,profile,28,1,1,1,0
p17_s129_cross,17,profile,29,1,1,1,0
p17_s129_cross,17,profile,30,1,1,1,0
p17_s129_cross,17,profile,31,1,1,1,0
p17_s129_cross,17,profile,32,1,1,1,0
p17_s129_cross,17,profile,33,1,1,1,0
p17_s129_cross,17,profile,34,1,1,1,0
p17_s129_cross,17,profile,35,1,1,1,0
p17_s129_cross,17,profile,36,1,1,1,0
p17_s129_cross,17,profile,37,1,1,1,0
p17_s129_cross,17,profile,38,1,1,1,0
p17_s129_cross,17,profile,39,1,1,1,0
p17_s129_cross,17,profile,40,1,1,1,0
p17_s129_cross,17,profile,41,1,1,1,0
p17_s129_cross,17,profile,42,1,1,1,0
p17_s129_cross,17,profile,43,1,1,1,0
p17_s129_cross,17,profile,44,1,1,1,0
p17_s129_cross,17,profile,45,1,1,1,0
p17_s129_cross,17,profile,46,1,1,1,0
p17_s129_cross,17,profile,47,1,1,1,0
p17_s129_cross,17,profile,48,1,1,1,0
p17_s129_cross,17,profile,49,1,1,1,0
p17_s129_cross,17,profile,50,1,1,1,0
p17_s129_cross,17,profile,51,1,1,1,0
p17_s129_cross,17,profile,52,1,1,1,0
p17_s129_cross,17,profile,53,1,1,1,0
p17_s129_cross,17,profile,54,1,1,1,0
p17_s129_cross,17,profile,55,1,1,1,0
p17_s129_cross,17,profile,56,1,1,1,0
p17_s129_cross,17,profile,57,1,1,1,0
p17_s129_cross,17,profile,58,1,1,1,0
p17_s129_cross,17,profile,59,1,1,1,0
p17_s130_cross,17,point,0,17,17,17,17
p17_s130_cross,17,point,1,17,17,17,17
p17_s130_cross,17,point,2,17,17,17,17
p17_s130_cross,17,point,3,17,17,17,16
p17_s130_cross,17,point,4,17,17,17,16
p17_s130_cross,17,point,5,17,17,17,16
p17_s130_cross,17,point,6,17,17,17,16
p17_s130_cross,17,point,7,17,17,17,9
p17_s130_cross,17,point,8,17,17,17,9
p17_s130_cross,17,point,9,17,17,17,5
p17_s130_cross,17,point,10,17,17,17,0
p17_s130_cross,17,point,11,17,17,17,0
p17_s130_cross,17,point,12,17,17,17,0
p17_s130_cross,17,point,13,17,17,17,0
p17_s130_cross,17,point,14,17,17,17,0
p17_s130_cross,17,point,15,17,17,17,0
p17_s130_cross,17,point,16,17,17,17,0
p17_s130_cross,17,point,17,17,17,17,0
p17_s130_cross,17,point,18,17,17,17,0
p17_s130_cross,17,point,19,17,17,17,0
p17_s130_cross,17,point,20,17,17,17,0
p17_s130_cross,17,point,21,17,17,17,0
p17_s130_cross,17,point,22,17,17,17,0
p17_s130_cross,17,point,23,17,17,17,0
p17_s130_cross,17,point,24,17,17,17,0
p17_s130_cross,17,point,25,17,17,17,0
p17_s130_cross,17,point,26,17,17,17,0
p17_s130_cross,17,point,27,17,17,17,0
p17_s130_cross,17,point,28,17,17,17,0
p17_s130_cross,17,point,29,17,17,17,0
p17_s130_cross,17,point,30,17,17,17,0
p17_s130_cross,17,point,31,17,17,17,0
p17_s130_cross,17,point,32,17,17,17,0
p17_s130_cross,17,point,33,17,17,17,0
p17_s130_cross,17,point,34,17,17,17,0
p17_s130_cross,17,point,35,17,17,17,0
p17_s130_cross,17,point,36,17,17,17,0
p17_s130_cross,17,point,37,17,17,17,0
p17_s130_cross,17,point,38,17,17,17,0
p17_s130_cross,17,point,39,17,17,17,0
p17_s130_cross,17,point,40,17,17,17,0
p17_s130_cross,17,point,41,17,17,17,0
p17_s130_cross,17,point,42,17,17,17,0
p17_s130_cross,17,point,43,17,17,17,0
p17_s130_cross,17,point,44,17,17,17,0
p17_s130_cross,17,point,45,17,17,17,0
p17_s130_cross,17,point,46,17,17,17,0
p17_s130_cross,17,point,47,17,17,17,0
p17_s130_cross,17,point,48,17,17,17,0
p17_s130_cross,17,point,49,17,17,17,0
p17_s130_cross,17,point,50,17,17,17,0
p17_s130_cross,17,point,51,17,17,17,0
p17_s130_cross,17,point,52,17,17,17,0
p17_s130_cross,17,point,53,17,17,17,0
p17_s130_cross,17,point,54,17,17,17,0
p17_s130_cross,17,point,55,17,17,17,0
p17_s130_cross,17,point,56,17,17,17,0
p17_s130_cross,17,point,57,17,17,17,0
p17_s130_cross,17,point,58,17,17,17,0
p17_s130_cross,17,point,59,17,17,17,0
p17_s130_cross,17,profile,0,1,1,1,1
p17_s130_cross,17,profile,1,1,1,1,1
p17_s130_cross,17,profile,2,1,1,1,1
p17_s130_cross,17,profile,3,1,1,1,1
p17_s130_cross,17,profile,4,1,1,1,1
p17_s130_cross,17,profile,5,1,1,1,1
p17_s130_cross,17,profile,6,1,1,1,1
p17_s130_cross,17,profile,7,1,1,1,1
p17_s130_cross,17,profile,8,1,1,1,1
p17_s130_cross,17,profile,9,1,1,1,1
p17_s130_cross,17,profile,10,1,1,1,0
p17_s130_cross,17,profile,11,1,1,1,0
p17_s130_cross,17,profile,12,1,1,1,0
p17_s130_cross,17,profile,13,1,1,1,0
p17_s130_cross,17,profile,14,1,1,1,0
p17_s130_cross,17,profile,15,1,1,1,0
p17_s130_cross,17,profile,16,1,1,1,0
p17_s130_cross,17,profile,17,1,1,1,0
p17_s130_cross,17,profile,18,1,1,1,0
p17_s130_cross,17,profile,19,1,1,1,0
p17_s130_cross,17,profile,20,1,1,1,0
p17_s130_cross,17,profile,21,1,1,1,0
p17_s130_cross,17,profile,22,1,1,1,0
p17_s130_cross,17,profile,23,1,1,1,0
p17_s130_cross,17,profile,24,1,1,1,0
p17_s130_cross,17,profile,25,1,1,1,0
p17_s130_cross,17,profile,26,1,1,1,0
p17_s130_cross,17,profile,27,1,1,1,0
p17_s130_cross,17,profile,28,1,1,1,0
p17_s130_cross,17,profile,29,1,1,1,0
p17_s130_cross,17,profile,30,1,1,1,0
p17_s130_cross,17,profile,31,1,1,1,0
p17_s130_cross,17,profile,32,1,1,1,0
p17_s130_cross,17,profile,33,1,1,1,0
p17_s130_cross,17,profile,34,1,1,1,0
p17_s130_cross,17,profile,35,1,1,1,0
p17_s130_cross,17,profile,36,1,1,1,0
p17_s130_cross,17,profile,37,1,1,1,0
p17_s130_cross,17,profile,38,1,1,1,0
p17_s130_cross,17,profile,39,1,1,1,0
p17_s130_cross,17,profile,40,1,1,1,0
p17_s130_cross,17,profile,41,1,1,1,0
p17_s130_cross,17,profile,42,1,1,1,0
p17_s130_cross,17,profile,43,1,1,1,0
p17_s130_cross,17,profile,44,1,1,1,0
p17_s130_cross,17,profile,45,1,1,1,0
p17_s130_cross,17,profile,46,1,1,1,0
p17_s130_cross,17,profile,47,1,1,1,0
p17_s130_cross,17,profile,48,1,1,1,0
p17_s130_cross,17,profile,49,1,1,1,0
p17_s130_cross,17,profile,50,1,1,1,0
p17_s130_cross,17,profile,51,1,1,1,0
p17_s130_cross,17,profile,52,1,1,1,0
p17_s130_cross,17,profile,53,1,1,1,0
p17_s130_cross,17,profile,54,1,1,1,0
p17_s130_cross,17,profile,55,1,1,1,0
p17_s130_cross,17,profile,56,1,1,1,0
p17_s130_cross,17,profile,57,1,1,1,0
p17_s130_cross,17,profile,58,1,1,1,0
p17_s130_cross,17,profile,59,1,1,1,0
p17_s131_cross,17,point,0,17,17,17,17
p17_s131_cross,17,point,1,17,17,17,17
p17_s131_cross,17,point,2,17,17,17,17
p17_s131_cross,17,point,3,17,17,17,17
p17_s131_cross,17,point,4,17,17,17,17
p17_s131_cross,17,point,5,17,17,17,17
p17_s131_cross,17,point,6,17,17,17,17
p17_s131_cross,17,point,7,17,17,17,17
p17_s131_cross,17,point,8,17,17,17,16
p17_s131_cross,17,point,9,17,17,17,0
p17_s131_cross,17,point,10,17,17,17,0
p17_s131_cross,17,point,11,17,17,17,0
p17_s131_cross,17,point,12,17,17,17,0
p17_s131_cross,17,point,13,17,17,17,0
p17_s131_cross,17,point,14,17,17,17,0
p17_s131_cross,17,point,15,17,17,17,0
p17_s131_cross,17,point,16,17,17,17,0
p17_s131_cross,17,point,17,17,17,17,0
p17_s131_cross,17,point,18,17,17,17,0
p17_s131_cross,17,point,19,17,17,17,0
p17_s131_cross,17,point,20,17,17,17,0
p17_s131_cross,17,point,21,17,17,17,0
p17_s131_cross,17,point,22,17,17,17,0
p17_s131_cross,17,point,23,17,17,17,0
p17_s131_cross,17,point,24,17,17,17,0
p17_s131_cross,17,point,25,17,17,17,0
p17_s131_cross,17,point,26,17,17,17,0
p17_s131_cross,17,point,27,17,17,17,0
p17_s131_cross,17,point,28,17,17,17,0
p17_s131_cross,17,point,29,17,17,17,0
p17_s131_cross,17,point,30,17,17,17,0
p17_s131_cross,17,point,31,17,17,17,0
p17_s131_cross,17,point,32,17,17,17,0
p17_s131_cross,17,point,33,17,17,17,0
p17_s131_cross,17,point,34,17,17,17,0
p17_s131_cross,17,point,35,17,17,17,0
p17_s131_cross,17,point,36,17,17,17,0
p17_s131_cross,17,point,37,17,17,17,0
p17_s131_cross,17,point,38,17,17,17,0
p17_s131_cross,17,point,39,17,17,17,0
p17_s131_cross,17,point,40,17,17,17,0
p17_s131_cross,17,point,41,17,17,17,0
p17_s131_cross,17,point,42,17,17,17,0
p17_s131_cross,17,point,43,17,17,17,0
p17_s131_cross,17,point,44,17,17,17,0
p17_s131_cross,17,point,45,17,17,17,0
p17_s131_cross,17,point,46,17,17,17,0
p17_s131_cross,17,point,47,17,17,17,0
p17_s131_cross,17,point,48,17,17,17,0
p17_s131_cross,17,point,49,17,17,17,0
p17_s131_cross,17,point,50,17,17,17,0
p17_s131_cross,17,point,51,17,17,17,0
p17_s131_cross,17,point,52,17,17,17,0
p17_s131_cross,17,point,53,17,17,17,0
p17_s131_cross,17,point,54,17,17,17,0
p17_s131_cross,17,point,55,17,17,17,0
p17_s131_cross,17,point,56,17,17,17,0
p17_s131_cross,17,point,57,17,17,17,0
p17_s131_cross,17,point,58,17,17,17,0
p17_s131_cross,17,point,59,17,17,17,0
p17_s131_cross,17,profile,0,1,1,1,1
p17_s131_cross,17,profile,1,1,1,1,1
p17_s131_cross,17,profile,2,1,1,1,1
p17_s131_cross,17,profile,3,1,1,1,1
p17_s131_cross,17,profile,4,1,1,1,1
p17_s131_cross,17,profile,5,1,1,1,1
p17_s131_cross,17,profile,6,1,1,1,1
p17_s131_cross,17,profile,7,1,1,1,1
p17_s131_cross,17,profile,8,1,1,1,1
p17_s131_cross,17,profile,9,1,1,1,0
p17_s131_cross,17,profile,10,1,1,1,0
p17_s131_cross,17,profile,11,1,1,1,0
p17_s131_cross,17,profile,12,1,1,1,0
p17_s131_cross,17,profile,13,1,1,1,0
p17_s131_cross,17,profile,14,1,1,1,0
p17_s131_cross,17,profile,15,1,1,1,0
p17_s131_cross,17,profile,16,1,1,1,0
p17_s131_cross,17,profile,17,1,1,1,0
p17_s131_cross,17,profile,18,1,1,1,0
p17_s131_cross,17,profile,19,1,1,1,0
p17_s131_cross,17,profile,20,1,1,1,0
p17_s131_cross,17,profile,21,1,1,1,0
p17_s131_cross,17,profile,22,1,1,1,0
p17_s131_cross,17,profile,23,1,1,1,0
p17_s131_cross,17,profile,24,1,1,1,0
p17_s131_cross,17,profile,25,1,1,1,0
p17_s131_cross,17,profile,26,1,1,1,0
p17_s131_cross,17,profile,27,1,1,1,0
p17_s131_cross,17,profile,28,1,1,1,0
p17_s131_cross,17,profile,29,1,1,1,0
p17_s131_cross,17,profile,30,1,1,1,0
p17_s131_cross,17,profile,31,1,1,1,0
p17_s131_cross,17,profile,32,1,1,1,0
p17_s131_cross,17,profile,33,1,1,1,0
p17_s131_cross,17,profile,34,1,1,1,0
p17_s131_cross,17,profile,35,1,1,1,0
p17_s131_cross,17,profile,36,1,1,1,0
p17_s131_cross,17,profile,37,1,1,1,0
p17_s131_cross,17,profile,38,1,1,1,0
p17_s131_cross,17,profile,39,1,1,1,0
p17_s131_cross,17,profile,40,1,1,1,0
p17_s131_cross,17,profile,41,1,1,1,0
p17_s131_cross,17,profile,42,1,1,1,0
p17_s131_cross,17,profile,43,1,1,1,0
p17_s131_cross,17,profile,44,1,1,1,0
p17_s131_cross,17,profile,45,1,1,1,0
p17_s131_cross,17,profile,46,1,1,1,0
p17_s131_cross,17,profile,47,1,1,1,0
p17_s131_cross,17,profile,48,1,1,1,0
p17_s131_cross,17,profile,49,1,1,1,0
p17_s131_cross,17,profile,50,1,1,1,0
p17_s131_cross,17,profile,51,1,1,1,0
p17_s131_cross,17,profile,52,1,1,1,0
p17_s131_cross,17,profile,53,1,1,1,0
p17_s131_cross,17,profile,54,1,1,1,0
p17_s131_cross,17,profile,55,1,1,1,0
p17_s131_cross,17,profile,56,1,1,1,0
p17_s131_cross,17,profile,57,1,1,1,0
p17_s131_cross,17,profile,58,1,1,1,0
p17_s131_cross,17,profile,59,1,1,1,0
p17_s132_cross,17,point,0,17,17,17,17
p17_s132_cross,17,point,1,17,17,17,17
p17_s132_cross,17,point,2,17,17,17,17
p17_s132_cross,17,point,3,17,17,17,16
p17_s132_cross,17,point,4,17,17,17,16
p17_s132_cross,17,point,5,17,17,17,16
p17_s132_cross,17,point,6,17,17,17,16
p17_s132_cross,17,point,7,17,17,17,16
p17_s132_cross,17,point,8,17,17,17,16
p17_s132_cross,17,point,9,17,17,17,4
p17_s132_cross,17,point,10,17,17,17,0
p17_s132_cross,17,point,11,17,17,17,0
p17_s132_cross,17,point,12,17,17,17,0
p17_s132_cross,17,point,13,17,17,17,0
p17_s132_cross,17,point,14,17,17,17,0
p17_s132_cross,17,point,15,17,17,17,0
p17_s132_cross,17,point,16,17,17,17,0
p17_s132_cross,17,point,17,17,17,17,0
p17_s132_cross,17,point,18,17,17,17,0
p17_s132_cross,17,point,19,17,17,17,0
p17_s132_cross,17,point,20,17,17,17,0
p17_s132_cross,17,point,21,17,17,17,0
p17_s132_cross,17,point,22,17,17,17,0
p17_s132_cross,17,point,23,17,17,17,0
p17_s132_cross,17,point,24,17,17,17,0
p17_s132_cross,17,point,25,17,17,17,0
p17_s132_cross,17,point,26,17,17,17,0
p17_s132_cross,17,point,27,17,17,17,0
p17_s132_cross,17,point,28,17,17,17,0
p17_s132_cross,17,point,29,17,17,17,0
p17_s132_cross,17,point,30,17,17,17,0
p17_s132_cross,17,point,31,17,17,17,0
p17_s132_cross,17,point,32,17,17,17,0
p17_s132_cross,17,point,33,17,17,17,0
p17_s132_cross,17,point,34,17,17,17,0
p17_s132_cross,17,point,35,17,17,17,0
p17_s132_cross,17,point,36,17,17,17,0
p17_s132_cross,17,point,37,17,17,17,0
p17_s132_cross,17,point,38,17,17,17,0
p17_s132_cross,17,point,39,17,17,17,0
p17_s132_cross,17,point,40,17,17,17,0
p17_s132_cross,17,point,41,17,17,17,0
p17_s132_cross,17,point,42,17,17,17,0
p17_s132_cross,17,point,43,17,17,17,0
p17_s132_cross,17,point,44,17,17,17,0
p17_s132_cross,17,point,45,17,17,17,0
p17_s132_cross,17,point,46,17,17,17,0
p17_s132_cross,17,point,47,17,17,17,0
p17_s132_cross,17,point,48,17,17,17,0
p17_s132_cross,17,point,49,17,17,17,0
p17_s132_cross,17,point,50,17,17,17,0
p17_s132_cross,17,point,51,17,17,17,0
p17_s132_cross,17,point,52,17,17,17,0
p17_s132_cross,17,point,53,17,17,17,0
p17_s132_cross,17,point,54,17,17,17,0
p17_s132_cross,17,point,55,17,17,17,0
p17_s132_cross,17,point,56,17,17,17,0
p17_s132_cross,17,point,57,17,17,17,0
p17_s132_cross,17,point,58,17,17,17,0
p17_s132_cross,17,point,59,17,17,17,0
p17_s132_cross,17,profile,0,1,1,1,1
p17_s132_cross,17,profile,1,1,1,1,1
p17_s132_cross,17,profile,2,1,1,1,1
p17_s132_cross,17,profile,3,1,1,1,1
p17_s132_cross,17,profile,4,1,1,1,1
p17_s132_cross,17,profile,5,1,1,1,1
p17_s132_cross,17,profile,6,1,1,1,1
p17_s132_cross,17,profile,7,1,1,1,1
p17_s132_cross,17,profile,8,1,1,1,1
p17_s132_cross,17,profile,9,1,1,1,0
p17_s132_cross,17,profile,10,1,1,1,0
p17_s132_cross,17,profile,11,1,1,1,0
p17_s132_cross,17,profile,12,1,1,1,0
p17_s132_cross,17,profile,13,1,1,1,0
p17_s132_cross,17,profile,14,1,1,1,0
p17_s132_cross,17,profile,15,1,1,1,0
p17_s132_cross,17,profile,16,1,1,1,0
p17_s132_cross,17,profile,17,1,1,1,0
p17_s132_cross,17,profile,18,1,1,1,0
p17_s132_cross,17,profile,19,1,1,1,0
p17_s132_cross,17,profile,20,1,1,1,0
p17_s132_cross,17,profile,21,1,1,1,0
p17_s132_cross,17,profile,22,1,1,1,0
p17_s132_cross,17,profile,23,1,1,1,0
p17_s132_cross,17,profile,24,1,1,1,0
p17_s132_cross,17,profile,25,1,1,1,0
p17_s132_cross,17,profile,26,1,1,1,0
p17_s132_cross,17,profile,27,1,1,1,0
p17_s132_cross,17,profile,28,1,1,1,0
p17_s132_cross,17,profile,29,1,1,1,0
p17_s132_cross,17,profile,30,1,1,1,0
p17_s132_cross,17,profile,31,1,1,1,0
p17_s132_cross,17,profile,32,1,1,1,0
p17_s132_cross,17,profile,33,1,1,1,0
p17_s132_cross,17,profile,34,1,1,1,0
p17_s132_cross,17,profile,35,1,1,1,0
p17_s132_cross,17,profile,36,1,1,1,0
p17_s132_cross,17,profile,37,1,1,1,0
p17_s132_cross,17,profile,38,1,1,1,0
p17_s132_cross,17,profile,39,1,1,1,0
p17_s132_cross,17,profile,40,1,1,1,0
p17_s132_cross,17,profile,41,1,1,1,0
p17_s132_cross,17,profile,42,1,1,1,0
p17_s132_cross,17,profile,43,1,1,1,0
p17_s132_cross,17,profile,44,1,1,1,0
p17_s132_cross,17,profile,45,1,1,1,0
p17_s132_cross,17,profile,46,1,1,1,0
p17_s132_cross,17,profile,47,1,1,1,0
p17_s132_cross,17,profile,48,1,1,1,0
p17_s132_cross,17,profile,49,1,1,1,0
p17_s132_cross,17,profile,50,1,1,1,0
p17_s132_cross,17,profile,51,1,1,1,0
p17_s132_cross,17,profile,52,1,1,1,0
p17_s132_cross,17,profile,53,1,1,1,0
p17_s132_cross,17,profile,54,1,1,1,0
p17_s132_cross,17,profile,55,1,1,1,0
p17_s132_cross,17,profile,56,1,1,1,0
p17_s132_cross,17,profile,57,1,1,1,0
p17_s132_cross,17,profile,58,1,1,1,0
p17_s132_cross,17,profile,59,1,1,1,0
p17_s133_cross,17,point,0,17,17,17,17
p17_s133_cross,17,point,1,17,17,17,17
p17_s133_cross,17,point,2,17,17,17,17
p17_s133_cross,17,point,3,17,17,17,17
p17_s133_cross,17,point,4,17,17,17,17
p17_s133_cross,17,point,5,17,17,17,17
p17_s133_cross,17,point,6,17,17,17,17
p17_s133_cross,17,point,7,17,17,17,17
p17_s133_cross,17,point,8,17,17,17,0
p17_s133_cross,17,point,9,17,17,17,0
p17_s133_cross,17,point,10,17,17,17,0
p17_s133_cross,17,point,11,17,17,17,0
p17_s133_cross,17,point,12,17,17,17,0
p17_s133_cross,17,point,13,17,17,17,0
p17_s133_cross,17,point,14,17,17,17,0
p17_s133_cross,17,point,15,17,17,17,0
p17_s133_cross,17,point,16,17,17,17,0
p17_s133_cross,17,point,17,17,17,17,0
p17_s133_cross,17,point,18,17,17,17,0
p17_s133_cross,17,point,19,17,17,17,0
p17_s133_cross,17,point,20,17,17,17,0
p17_s133_cross,17,point,21,17,17,17,0
p17_s133_cross,17,point,22,17,17,17,0
p17_s133_cross,17,point,23,17,17,17,0
p17_s133_cross,17,point,24,17,17,17,0
p17_s133_cross,17,point,25,17,17,17,0
p17_s133_cross,17,point,26,17,17,17,0
p17_s133_cross,17,point,27,17,17,17,0
p17_s133_cross,17,point,28,17,17,17,0
p17_s133_cross,17,point,29,17,17,17,0
p17_s133_cross,17,point,30,17,17,17,0
p17_s133_cross,17,point,31,17,17,17,0
p17_s133_cross,17,point,32,17,17,17,0
p17_s133_cross,17,point,33,17,17,17,0
p17_s133_cross,17,point,34,17,17,17,0
p17_s133_cross,17,point,35,17,17,17,0
p17_s133_cross,17,point,36,17,17,17,0
p17_s133_cross,17,point,37,17,17,17,0
p17_s133_cross,17,point,38,17,17,17,0
p17_s133_cross,17,point,39,17,17,17,0
p17_s133_cross,17,point,40,17,17,17,0
p17_s133_cross,17,point,41,17,17,17,0
p17_s133_cross,17,point,42,17,17,17,0
p17_s133_cross,17,point,43,17,17,17,0
p17_s133_cross,17,point,44,17,17,17,0
p17_s133_cross,17,point,45,17,17,17,0
p17_s133_cross,17,point,46,17,17,17,0
p17_s133_cross,17,point,47,17,17,17,0
p17_s133_cross,17,point,48,17,17,17,0
p17_s133_cross,17,point,49,17,17,17,0
p17_s133_cross,17,point,50,17,17,17,0
p17_s133_cross,17,point,51,17,17,17,0
p17_s133_cross,17,point,52,17,17,17,0
p17_s133_cross,17,point,53,17,17,17,0
p17_s133_cross,17,point,54,17,17,17,0
p17_s133_cross,17,point,55,17,17,17,0
p17_s133_cross,17,point,56,17,17,17,0
p17_s133_cross,17,point,57,17,17,17,0
p17_s133_cross,17,point,58,17,17,17,0
p17_s133_cross,17,point,59,17,17,17,0
p17_s133_cross,17,profile,0,1,1,1,1
p17_s133_cross,17,profile,1,1,1,1,1
p17_s133_cross,17,profile,2,1,1,1,1
p17_s133_cross,17,profile,3,1,1,1,1
p17_s133_cross,17,profile,4,1,1,1,1
p17_s133_cross,17,profile,5,1,1,1,1
p17_s133_cross,17,profile,6,1,1,1,1
p17_s133_cross,17,profile,7,1,1,1,1
p17_s133_cross,17,profile,8,1,1,1,0
p17_s133_cross,17,profile,9,1,1,1,0
p17_s133_cross,17,profile,10,1,1,1,0
p17_s133_cross,17,profile,11,1,1,1,0
p17_s133_cross,17,profile,12,1,1,1,0
p17_s133_cross,17,profile,13,1,1,1,0
p17_s133_cross,17,profile,14,1,1,1,0
p17_s133_cross,17,profile,15,1,1,1,0
p17_s133_cross,17,profile,16,1,1,1,0
p17_s133_cross,17,profile,17,1,1,1,0
p17_s133_cross,17,profile,18,1,1,1,0
p17_s133_cross,17,profile,19,1,1,1,0
p17_s133_cross,17,profile,20,1,1,1,0
p17_s133_cross,17,profile,21,1,1,1,0
p17_s133_cross,17,profile,22,1,1,1,0
p17_s133_cross,17,profile,23,1,1,1,0
p17_s133_cross,17,profile,24,1,1,1,0
p17_s133_cross,17,profile,25,1,1,1,0
p17_s133_cross,17,profile,26,1,1,1,0
p17_s133_cross,17,profile,27,1,1,1,0
p17_s133_cross,17,profile,28,1,1,1,0
p17_s133_cross,17,profile,29,1,1,1,0
p17_s133_cross,17,profile,30,1,1,1,0
p17_s133_cross,17,profile,31,1,1,1,0
p17_s133_cross,17,profile,32,1,1,1,0
p17_s133_cross,17,profile,33,1,1,1,0
p17_s133_cross,17,profile,34,1,1,1,0
p17_s133_cross,17,profile,35,1,1,1,0
p17_s133_cross,17,profile,36,1,1,1,0
p17_s133_cross,17,profile,37,1,1,1,0
p17_s133_cross,17,profile,38,1,1,1,0
p17_s133_cross,17,profile,39,1,1,1,0
p17_s133_cross,17,profile,40,1,1,1,0
p17_s133_cross,17,profile,41,1,1,1,0
p17_s133_cross,17,profile,42,1,1,1,0
p17_s133_cross,17,profile,43,1,1,1,0
p17_s133_cross,17,profile,44,1,1,1,0
p17_s133_cross,17,profile,45,1,1,1,0
p17_s133_cross,17,profile,46,1,1,1,0
p17_s133_cross,17,profile,47,1,1,1,0
p17_s133_cross,17,profile,48,1,1,1,0
p17_s133_cross,17,profile,49,1,1,1,0
p17_s133_cross,17,profile,50,1,1,1,0
p17_s133_cross,17,profile,51,1,1,1,0
p17_s133_cross,17,profile,52,1,1,1,0
p17_s133_cross,17,profile,53,1,1,1,0
p17_s133_cross,17,profile,54,1,1,1,0
p17_s133_cross,17,profile,55,1,1,1,0
p17_s133_cross,17,profile,56,1,1,1,0
p17_s133_cross,17,profile,57,1,1,1,0
p17_s133_cross,17,profile,58,1,1,1,0
p17_s133_cross,17,profile,59,1,1,1,0
p17_s134_cross,17,point,0,17,17,17,17
p17_s134_cross,17,point,1,17,17,17,17
p17_s134_cross,17,point,2,17,17,17,17
p17_s134_cross,17,point,3,17,17,17,17
p17_s134_cross,17,point,4,17,17,17,17
p17_s134_cross,17,point,5,17,17,17,17
p17_s134_cross,17,point,6,17,17,17,17
p17_s134_cross,17,point,7,17,17,17,17
p17_s134_cross,17,point,8,17,17,17,17
p17_s134_cross,17,point,9,17,17,17,0
p17_s134_cross,17,point,10,17,17,17,0
p17_s134_cross,17,point,11,17,17,17,0
p17_s134_cross,17,point,12,17,17,17,0
p17_s134_cross,17,point,13,17,17,17,0
p17_s134_cross,17,point,14,17,17,17,0
p17_s134_cross,17,point,15,17,17,17,0
p17_s134_cross,17,point,16,17,17,17,0
p17_s134_cross,17,point,17,17,17,17,0
p17_s134_cross,17,point,18,17,17,17,0
p17_s134_cross,17,point,19,17,17,17,0
p17_s134_cross,17,point,20,17,17,17,0
p17_s134_cross,17,point,21,17,17,17,0
p17_s134_cross,17,point,22,17,17,17,0
p17_s134_cross,17,point,23,17,17,17,0
p17_s134_cross,17,point,24,17,17,17,0
p17_s134_cross,17,point,25,17,17,17,0
p17_s134_cross,17,point,26,17,17,17,0
p17_s134_cross,17,point,27,17,17,17,0
p17_s134_cross,17,point,28,17,17,17,0
p17_s134_cross,17,point,29,17,17,17,0
p17_s134_cross,17,point,30,17,17,17,0
p17_s134_cross,17,point,31,17,17,17,0
p17_s134_cross,17,point,32,17,17,17,0
p17_s134_cross,17,point,33,17,17,17,0
p17_s134_cross,17,point,34,17,17,17,0
p17_s134_cross,17,point,35,17,17,17,0
p17_s134_cross,17,point,36,17,17,17,0
p17_s134_cross,17,point,37,17,17,17,0
p17_s134_cross,17,point,38,17,17,17,0
p17_s134_cross,17,point,39,17,17,17,0
p17_s134_cross,17,point,40,17,17,17,0
p17_s134_cross,17,point,41,17,17,17,0
p17_s134_cross,17,point,42,17,17,17,0
p17_s134_cross,17,point,43,17,17,17,0
p17_s134_cross,17,point,44,17,17,17,0
p17_s134_cross,17,point,45,17,17,17,0
p17_s134_cross,17,point,46,17,17,17,0
p17_s134_cross,17,point,47,17,17,17,0
p17_s134_cross,17,point,48,17,17,17,0
p17_s134_cross,17,point,49,17,17,17,0
p17_s134_cross,17,point,50,17,17,17,0
p17_s134_cross,17,point,51,17,17,17,0
p17_s134_cross,17,point,52,17,17,17,0
p17_s134_cross,17,point,53,17,17,17,0
p17_s134_cross,17,point,54,17,17,17,0
p17_s134_cross,17,point,55,17,17,17,0
p17_s134_cross,17,point,56,17,17,17,0
p17_s134_cross,17,point,57,17,17,17,0
p17_s134_cross,17,point,58,17,17,17,0
p17_s134_cross,17,point,59,17,17,17,0
p17_s134_cross,17,profile,0,1,1,1,1
p17_s134_cross,17,profile,1,1,1,1,1
p17_s134_cross,17,profile,2,1,1,1,1
p17_s134_cross,17,profile,3,1,1,1,1
p17_s134_cross,17,profile,4,1,1,1,1
p17_s134_cross,17,profile,5,1,1,1,1
p17_s134_cross,17,profile,6,1,1,1,1
p17_s134_cross,17,profile,7,1,1,1,1
p17_s134_cross,17,profile,8,1,1,1,1
p17_s134_cross,17,profile,9,1,1,1,0
p17_s134_cross,17,profile,10,1,1,1,0
p17_s134_cross,17,profile,11,1,1,1,0
p17_s134_cross,17,profile,12,1,1,1,0
p17_s134_cross,17,profile,13,1,1,1,0
p17_s134_cross,17,profile,14,1,1,1,0
p17_s134_cross,17,profile,15,1,1,1,0
p17_s134_cross,17,profile,16,1,1,1,0
p17_s134_cross,17,profile,17,1,1,1,0
p17_s134_cross,17,profile,18,1,1,1,0
p17_s134_cross,17,profile,19,1,1,1,0
p17_s134_cross,17,profile,20,1,1,1,0
p17_s134_cross,17,profile,21,1,1,1,0
p17_s134_cross,17,profile,22,1,1,1,0
p17_s134_cross,17,profile,23,1,1,1,0
p17_s134_cross,17,profile,24,1,1,1,0
p17_s134_cross,17,profile,25,1,1,1,0
p17_s134_cross,17,profile,26,1,1,1,0
p17_s134_cross,17,profile,27,1,1,1,0
p17_s134_cross,17,profile,28,1,1,1,0
p17_s134_cross,17,profile,29,1,1,1,0
p17_s134_cross,17,profile,30,1,1,1,0
p17_s134_cross,17,profile,31,1,1,1,0
p17_s134_cross,17,profile,32,1,1,1,0
p17_s134_cross,17,profile,33,1,1,1,0
p17_s134_cross,17,profile,34,1,1,1,0
p17_s134_cross,17,profile,35,1,1,1,0
p17_s134_cross,17,profile,36,1,1,1,0
p17_s134_cross,17,profile,37,1,1,1,0
p17_s134_cross,17,profile,38,1,1,1,0
p17_s134_cross,17,profile,39,1,1,1,0
p17_s134_cross,17,profile,40,1,1,1,0
p17_s134_cross,17,profile,41,1,1,1,0
p17_s134_cross,17,profile,42,1,1,1,0
p17_s134_cross,17,profile,43,1,1,1,0
p17_s134_cross,17,profile,44,1,1,1,0
p17_s134_cross,17,profile,45,1,1,1,0
p17_s134_cross,17,profile,46,1,1,1,0
p17_s134_cross,17,profile,47,1,1,1,0
p17_s134_cross,17,profile,48,1,1,1,0
p17_s134_cross,17,profile,49,1,1,1,0
p17_s134_cross,17,profile,50,1,1,1,0
p17_s134_cross,17,profile,51,1,1,1,0
p17_s134_cross,17,profile,52,1,1,1,0
p17_s134_cross,17,profile,53,1,1,1,0
p17_s134_cross,17,profile,54,1,1,1,0
p17_s134_cross,17,profile,55,1,1,1,0
p17_s134_cross,17,profile,56,1,1,1,0
p17_s134_cross,17,profile,57,1,1,1,0
p17_s134_cross,17,profile,58,1,1,1,0
p17_s134_cross,17,profile,59,1,1,1,0
p17_s135_cross,17,point,0,17,17,17,17
p17_s135_cross,17,point,1,17,17,17,17
p17_s135_cross,17,point,2,17,17,17,17
p17_s135_cross,17,point,3,17,17,17,17
p17_s135_cross,17,point,4,17,17,17,17
p17_s135_cross,17,point,5,17,17,17,17
p17_s135_cross,17,point,6,17,17,17,17
p17_s135_cross,17,point,7,17,17,17,17
p17_s135_cross,17,point,8,17,17,17,13
p17_s135_cross,17,point,9,17,17,17,0
p17_s135_cross,17,point,10,17,17,17,0
p17_s135_cross,17,point,11,17,17,17,0
p17_s135_cross,17,point,12,17,17,17,0
p17_s135_cross,17,point,13,17,17,17,0
p17_s135_cross,17,point,14,17,17,17,0
p17_s135_cross,17,point,15,17,17,17,0
p17_s135_cross,17,point,16,17,17,17,0
p17_s135_cross,17,point,17,17,17,17,0
p17_s135_cross,17,point,18,17,17,17,0
p17_s135_cross,17,point,19,17,17,17,0
p17_s135_cross,17,point,20,17,17,17,0
p17_s135_cross,17,point,21,17,17,17,0
p17_s135_cross,17,point,22,17,17,17,0
p17_s135_cross,17,point,23,17,17,17,0
p17_s135_cross,17,point,24,17,17,17,0
p17_s135_cross,17,point,25,17,17,17,0
p17_s135_cross,17,point,26,17,17,17,0
p17_s135_cross,17,point,27,17,17,17,0
p17_s135_cross,17,point,28,17,17,17,0
p17_s135_cross,17,point,29,17,17,17,0
p17_s135_cross,17,point,30,17,17,17,0
p17_s135_cross,17,point,31,17,17,17,0
p17_s135_cross,17,point,32,17,17,17,0
p17_s135_cross,17,point,33,17,17,17,0
p17_s135_cross,17,point,34,17,17,17,0
p17_s135_cross,17,point,35,17,17,17,0
p17_s135_cross,17,point,36,17,17,17,0
p17_s135_cross,17,point,37,17,17,17,0
p17_s135_cross,17,point,38,17,17,17,0
p17_s135_cross,17,point,39,17,17,17,0
p17_s135_cross,17,point,40,17,17,17,0
p17_s135_cross,17,point,41,17,17,17,0
p17_s135_cross,17,point,42,17,17,17,0
p17_s135_cross,17,point,43,17,17,17,0
p17_s135_cross,17,point,44,17,17,17,0
p17_s135_cross,17,point,45,17,17,17,0
p17_s135_cross,17,point,46,17,17,17,0
p17_s135_cross,17,point,47,17,17,17,0
p17_s135_cross,17,point,48,17,17,17,0
p17_s135_cross,17,point,49,17,17,17,0
p17_s135_cross,17,point,50,17,17,17,0
p17_s135_cross,17,point,51,17,17,17,0
p17_s135_cross,17,point,52,17,17,17,0
p17_s135_cross,17,point,53,17,17,17,0
p17_s135_cross,17,point,54,17,17,17,0
p17_s135_cross,17,point,55,17,17,17,0
p17_s135_cross,17,point,56,17,17,17,0
p17_s135_cross,17,point,57,17,17,17,0
p17_s135_cross,17,point,58,17,17,17,0
p17_s135_cross,17,point,59,17,17,17,0
p17_s135_cross,17,profile,0,1,1,1,1
p17_s135_cross,17,profile,1,1,1,1,1
p17_s135_cross,17,profile,2,1,1,1,1
p17_s135_cross,17,profile,3,1,1,1,1
p17_s135_cross,17,profile,4,1,1,1,1
p17_s135_cross,17,profile,5,1,1,1,1
p17_s135_cross,17,profile,6,1,1,1,1
p17_s135_cross,17,profile,7,1,1,1,1
p17_s135_cross,17,profile,8,1,1,1,0
p17_s135_cross,17,profile,9,1,1,1,0
p17_s135_cross,17,profile,10,1,1,1,0
p17_s135_cross,17,profile,11,1,1,1,0
p17_s135_cross,17,profile,12,1,1,1,0
p17_s135_cross,17,profile,13,1,1,1,0
p17_s135_cross,17,profile,14,1,1,1,0
p17_s135_cross,17,profile,15,1,1,1,0
p17_s135_cross,17,profile,16,1,1,1,0
p17_s135_cross,17,profile,17,1,1,1,0
p17_s135_cross,17,profile,18,1,1,1,0
p17_s135_cross,17,profile,19,1,1,1,0
p17_s135_cross,17,profile,20,1,1,1,0
p17_s135_cross,17,profile,21,1,1,1,0
p17_s135_cross,17,profile,22,1,1,1,0
p17_s135_cross,17,profile,23,1,1,1,0
p17_s135_cross,17,profile,24,1,1,1,0
p17_s135_cross,17,profile,25,1,1,1,0
p17_s135_cross,17,profile,26,1,1,1,0
p17_s135_cross,17,profile,27,1,1,1,0
p17_s135_cross,17,profile,28,1,1,1,0
p17_s135_cross,17,profile,29,1,1,1,0
p17_s135_cross,17,profile,30,1,1,1,0
p17_s135_cross,17,profile,31,1,1,1,0
p17_s135_cross,17,profile,32,1,1,1,0
p17_s135_cross,17,profile,33,1,1,1,0
p17_s135_cross,17,profile,34,1,1,1,0
p17_s135_cross,17,profile,35,1,1,1,0
p17_s135_cross,17,profile,36,1,1,1,0
p17_s135_cross,17,profile,37,1,1,1,0
p17_s135_cross,17,profile,38,1,1,1,0
p17_s135_cross,17,profile,39,1,1,1,0
p17_s135_cross,17,profile,40,1,1,1,0
p17_s135_cross,17,profile,41,1,1,1,0
p17_s135_cross,17,profile,42,1,1,1,0
p17_s135_cross,17,profile,43,1,1,1,0
p17_s135_cross,17,profile,44,1,1,1,0
p17_s135_cross,17,profile,45,1,1,1,0
p17_s135_cross,17,profile,46,1,1,1,0
p17_s135_cross,17,profile,47,1,1,1,0
p17_s135_cross,17,profile,48,1,1,1,0
p17_s135_cross,17,profile,49,1,1,1,0
p17_s135_cross,17,profile,50,1,1,1,0
p17_s135_cross,17,profile,51,1,1,1,0
p17_s135_cross,17,profile,52,1,1,1,0
p17_s135_cross,17,profile,53,1,1,1,0
p17_s135_cross,17,profile,54,1,1,1,0
p17_s135_cross,17,profile,55,1,1,1,0
p17_s135_cross,17,profile,56,1,1,1,0
p17_s135_cross,17,profile,57,1,1,1,0
p17_s135_cross,17,profile,58,1,1,1,0
p17_s135_cross,17,profile,59,1,1,1,0
p17_s136_cross,17,point,0,17,17,17,17
p17_s136_cross,17,point,1,17,17,17,17
p17_s136_cross,17,point,2,17,17,17,17
p17_s136_cross,17,point,3,17,17,17,17
p17_s136_cross,17,point,4,17,17,17,17
p17_s136_cross,17,point,5,17,17,17,17
p17_s136_cross,17,point,6,17,17,17,17
p17_s136_cross,17,point,7,17,17,17,17
p17_s136_cross,17,point,8,17,17,17,0
p17_s136_cross,17,point,9,17,17,17,0
p17_s136_cross,17,point,10,17,17,17,0
p17_s136_cross,17,point,11,17,17,17,0
p17_s136_cross,17,point,12,17,17,17,0
p17_s136_cross,17,point,13,17,17,17,0
p17_s136_cross,17,point,14,17,17,17,0
p17_s136_cross,17,point,15,17,17,17,0
p17_s136_cross,17,point,16,17,17,17,0
p17_s136_cross,17,point,17,17,17,17,0
p17_s136_cross,17,point,18,17,17,17,0
p17_s136_cross,17,point,19,17,17,17,0
p17_s136_cross,17,point,20,17,17,17,0
p17_s136_cross,17,point,21,17,17,17,0
p17_s136_cross,17,point,22,17,17,17,0
p17_s136_cross,17,point,23,17,17,17,0
p17_s136_cross,17,point,24,17,17,17,0
p17_s136_cross,17,point,25,17,17,17,0
p17_s136_cross,17,point,26,17,17,17,0
p17_s136_cross,17,point,27,17,17,17,0
p17_s136_cross,17,point,28,17,17,17,0
p17_s136_cross,17,point,29,17,17,17,0
p17_s136_cross,17,point,30,17,17,17,0
p17_s136_cross,17,point,31,17,17,17,0
p17_s136_cross,17,point,32,17,17,17,0
p17_s136_cross,17,point,33,17,17,17,0
p17_s136_cross,17,point,34,17,17,17,0
p17_s136_cross,17,point,35,17,17,17,0
p17_s136_cross,17,point,36,17,17,17,0
p17_s136_cross,17,point,37,17,17,17,0
p17_s136_cross,17,point,38,17,17,17,0
p17_s136_cross,17,point,39,17,17,17,0
p17_s136_cross,17,point,40,17,17,17,0
p17_s136_cross,17,point,41,17,17,17,0
p17_s136_cross,17,point,42,17,17,17,0
p17_s136_cross,17,point,43,17,17,17,0
p17_s136_cross,17,point,44,17,17,17,0
p17_s136_cross,17,point,45,17,17,17,0
p17_s136_cross,17,point,46,17,17,17,0
p17_s136_cross,17,point,47,17,17,17,0
p17_s136_cross,17,point,48,17,17,17,0
p17_s136_cross,17,point,49,17,17,17,0
p17_s136_cross,17,point,50,17,17,17,0
p17_s136_cross,17,point,51,17,17,17,0
p17_s136_cross,17,point,52,17,17,17,0
p17_s136_cross,17,point,53,17,17,17,0
p17_s136_cross,17,point,54,17,17,17,0
p17_s136_cross,17,point,55,17,17,17,0
p17_s136_cross,17,point,56,17,17,17,0
p17_s136_cross,17,point,57,17,17,17,0
p17_s136_cross,17,point,58,17,17,17,0
p17_s136_cross,17,point,59,17,17,17,0
p17_s136_cross,17,profile,0,1,1,1,1
p17_s136_cross,17,profile,1,1,1,1,1
p17_s136_cross,17,profile,2,1,1,1,1
p17_s136_cross,17,profile,3,1,1,1,1
p17_s136_cross,17,profile,4,1,1,1,1
p17_s136_cross,17,profile,5,1,1,1,1
p17_s136_cross,17,profile,6,1,1,1,1
p17_s136_cross,17,profile,7,1,1,1,1
p17_s136_cross,17,profile,8,1,1,1,0
p17_s136_cross,17,profile,9,1,1,1,0
p17_s136_cross,17,profile,10,1,1,1,0
p17_s136_cross,17,profile,11,1,1,1,0
p17_s136_cross,17,profile,12,1,1,1,0
p17_s136_cross,17,profile,13,1,1,1,0
p17_s136_cross,17,profile,14,1,1,1,0
p17_s136_cross,17,profile,15,1,1,1,0
p17_s136_cross,17,profile,16,1,1,1,0
p17_s136_cross,17,profile,17,1,1,1,0
p17_s136_cross,17,profile,18,1,1,1,0
p17_s136_cross,17,profile,19,1,1,1,0
p17_s136_cross,17,profile,20,1,1,1,0
p17_s136_cross,17,profile,21,1,1,1,0
p17_s136_cross,17,profile,22,1,1,1,0
p17_s136_cross,17,profile,23,1,1,1,0
p17_s136_cross,17,profile,24,1,1,1,0
p17_s136_cross,17,profile,25,1,1,1,0
p17_s136_cross,17,profile,26,1,1,1,0
p17_s136_cross,17,profile,27,1,1,1,0
p17_s136_cross,17,profile,28,1,1,1,0
p17_s136_cross,17,profile,29,1,1,1,0
p17_s136_cross,17,profile,30,1,1,1,0
p17_s136_cross,17,profile,31,1,1,1,0
p17_s136_cross,17,profile,32,1,1,1,0
p17_s136_cross,17,profile,33,1,1,1,0
p17_s136_cross,17,profile,34,1,1,1,0
p17_s136_cross,17,profile,35,1,1,1,0
p17_s136_cross,17,profile,36,1,1,1,0
p17_s136_cross,17,profile,37,1,1,1,0
p17_s136_cross,17,profile,38,1,1,1,0
p17_s136_cross,17,profile,39,1,1,1,0
p17_s136_cross,17,profile,40,1,1,1,0
p17_s136_cross,17,profile,41,1,1,1,0
p17_s136_cross,17,profile,42,1,1,1,0
p17_s136_cross,17,profile,43,1,1,1,0
p17_s136_cross,17,profile,44,1,1,1,0
p17_s136_cross,17,profile,45,1,1,1,0
p17_s136_cross,17,profile,46,1,1,1,0
p17_s136_cross,17,profile,47,1,1,1,0
p17_s136_cross,17,profile,48,1,1,1,0
p17_s136_cross,17,profile,49,1,1,1,0
p17_s136_cross,17,profile,50,1,1,1,0
p17_s136_cross,17,profile,51,1,1,1,0
p17_s136_cross,17,profile,52,1,1,1,0
p17_s136_cross,17,profile,53,1,1,1,0
p17_s136_cross,17,profile,54,1,1,1,0
p17_s136_cross,17,profile,55,1,1,1,0
p17_s136_cross,17,profile,56,1,1,1,0
p17_s136_cross,17,profile,57,1,1,1,0
p17_s136_cross,17,profile,58,1,1,1,0
p17_s136_cross,17,profile,59,1,1,1,0
p17_s137_cross,17,point,0,17,17,17,17
p17_s137_cross,17,point,1,17,17,17,17
p17_s137_cross,17,point,2,17,17,17,17
p17_s137_cross,17,point,3,17,17,17,17
p17_s137_cross,17,point,4,17,17,17,17
p17_s137_cross,17,point,5,17,17,17,17
p17_s137_cross,17,point,6,17,17,17,17
p17_s137_cross,17,point,7,17,17,17,17
p17_s137_cross,17,point,8,17,17,17,3
p17_s137_cross,17,point,9,17,17,17,0
p17_s137_cross,17,point,10,17,17,17,0
p17_s137_cross,17,point,11,17,17,17,0
p17_s137_cross,17,point,12,17,17,17,0
p17_s137_cross,17,point,13,17,17,17,0
p17_s137_cross,17,point,14,17,17,17,0
p17_s137_cross,17,point,15,17,17,17,0
p17_s137_cross,17,point,16,17,17,17,0
p17_s137_cross,17,point,17,17,17,17,0
p17_s137_cross,17,point,18,17,17,17,0
p17_s137_cross,17,point,19,17,17,17,0
p17_s137_cross,17,point,20,17,17,17,0
p17_s137_cross,17,point,21,17,17,17,0
p17_s137_cross,17,point,22,17,17,17,0
p17_s137_cross,17,point,23,17,17,17,0
p17_s137_cross,17,point,24,17,17,17,0
p17_s137_cross,17,point,25,17,17,17,0
p17_s137_cross,17,point,26,17,17,17,0
p17_s137_cross,17,point,27,17,17,17,0
p17_s137_cross,17,point,28,17,17,17,0
p17_s137_cross,17,point,29,17,17,17,0
p17_s137_cross,17,point,30,17,17,17,0
p17_s137_cross,17,point,31,17,17,17,0
p17_s137_cross,17,point,32,17,17,17,0
p17_s137_cross,17,point,33,17,17,17,0
p17_s137_cross,17,point,34,17,17,17,0
p17_s137_cross,17,point,35,17,17,17,0
p17_s137_cross,17,point,36,17,17,17,0
p17_s137_cross,17,point,37,17,17,17,0
p17_s137_cross,17,point,38,17,17,17,0
p17_s137_cross,17,point,39,17,17,17,0
p17_s137_cross,17,point,40,17,17,17,0
p17_s137_cross,17,point,41,17,17,17,0
p17_s137_cross,17,point,42,17,17,17,0
p17_s137_cross,17,point,43,17,17,17,0
p17_s137_cross,17,point,44,17,17,17,0
p17_s137_cross,17,point,45,17,17,17,0
p17_s137_cross,17,point,46,17,17,17,0
p17_s137_cross,17,point,47,17,17,17,0
p17_s137_cross,17,point,48,17,17,17,0
p17_s137_cross,17,point,49,17,17,17,0
p17_s137_cross,17,point,50,17,17,17,0
p17_s137_cross,17,point,51,17,17,17,0
p17_s137_cross,17,point,52,17,17,17,0
p17_s137_cross,17,point,53,17,17,17,0
p17_s137_cross,17,point,54,17,17,17,0
p17_s137_cross,17,point,55,17,17,17,0
p17_s137_cross,17,point,56,17,17,17,0
p17_s137_cross,17,point,57,17,17,17,0
p17_s137_cross,17,point,58,17,17,17,0
p17_s137_cross,17,point,59,17,17,17,0
p17_s137_cross,17,profile,0,1,1,1,1
p17_s137_cross,17,profile,1,1,1,1,1
p17_s137_cross,17,profile,2,1,1,1,1
p17_s137_cross,17,profile,3,1,1,1,1
p17_s137_cross,17,profile,4,1,1,1,1
p17_s137_cross,17,profile,5,1,1,1,1
p17_s137_cross,17,profile,6,1,1,1,1
p17_s137_cross,17,profile,7,1,1,1,1
p17_s137_cross,17,profile,8,1,1,1,0
p17_s137_cross,17,profile,9,1,1,1,0
p17_s137_cross,17,profile,10,1,1,1,0
p17_s137_cross,17,profile,11,1,1,1,0
p17_s137_cross,17,profile,12,1,1,1,0
p17_s137_cross,17,profile,13,1,1,1,0
p17_s137_cross,17,profile,14,1,1,1,0
p17_s137_cross,17,profile,15,1,1,1,0
p17_s137_cross,17,profile,16,1,1,1,0
p17_s137_cross,17,profile,17,1,1,1,0
p17_s137_cross,17,profile,18,1,1,1,0
p17_s137_cross,17,profile,19,1,1,1,0
p17_s137_cross,17,profile,20,1,1,1,0
p17_s137_cross,17,profile,21,1,1,1,0
p17_s137_cross,17,profile,22,1,1,1,0
p17_s137_cross,17,profile,23,1,1,1,0
p17_s137_cross,17,profile,24,1,1,1,0
p17_s137_cross,17,profile,25,1,1,1,0
p17_s137_cross,17,profile,26,1,1,1,0
p17_s137_cross,17,profile,27,1,1,1,0
p17_s137_cross,17,profile,28,1,1,1,0
p17_s137_cross,17,profile,29,1,1,1,0
p17_s137_cross,17,profile,30,1,1,1,0
p17_s137_cross,17,profile,31,1,1,1,0
p17_s137_cross,17,profile,32,1,1,1,0
p17_s137_cross,17,profile,33,1,1,1,0
p17_s137_cross,17,profile,34,1,1,1,0
p17_s137_cross,17,profile,35,1,1,1,0
p17_s137_cross,17,profile,36,1,1,1,0
p17_s137_cross,17,profile,37,1,1,1,0
p17_s137_cross,17,profile,38,1,1,1,0
p17_s137_cross,17,profile,39,1,1,1,0
p17_s137_cross,17,profile,40,1,1,1,0
p17_s137_cross,17,profile,41,1,1,1,0
p17_s137_cross,17,profile,42,1,1,1,0
p17_s137_cross,17,profile,43,1,1,1,0
p17_s137_cross,17,profile,44,1,1,1,0
p17_s137_cross,17,profile,45,1,1,1,0
p17_s137_cross,17,profile,46,1,1,1,0
p17_s137_cross,17,profile,47,1,1,1,0
p17_s137_cross,17,profile,48,1,1,1,0
p17_s137_cross,17,profile,49,1,1,1,0
p17_s137_cross,17,profile,50,1,1,1,0
p17_s137_cross,17,profile,51,1,1,1,0
p17_s137_cross,17,profile,52,1,1,1,0
p17_s137_cross,17,profile,53,1,1,1,0
p17_s137_cross,17,profile,54,1,1,1,0
p17_s137_cross,17,profile,55,1,1,1,0
p17_s137_cross,17,profile,56,1,1,1,0
p17_s137_cross,17,profile,57,1,1,1,0
p17_s137_cross,17,profile,58,1,1,1,0
p17_s137_cross,17,profile,59,1,1,1,0
p17_s138_cross,17,point,0,17,17,17,17
p17_s138_cross,17,point,1,17,17,17,17
p17_s138_cross,17,point,2,17,17,17,16
p17_s138_cross,17,point,3,17,17,17,15
p17_s138_cross,17,point,4,17,17,17,15
p17_s138_cross,17,point,5,17,17,17,14
p17_s138_cross,17,point,6,17,17,17,12
p17_s138_cross,17,point,7,17,17,17,11
p17_s138_cross,17,point,8,17,17,17,11
p17_s138_cross,17,point,9,17,17,17,1
p17_s138_cross,17,point,10,17,17,17,0
p17_s138_cross,17,point,11,17,17,17,0
p17_s138_cross,17,point,12,17,17,17,0
p17_s138_cross,17,point,13,17,17,17,0
p17_s138_cross,17,point,14,17,17,17,0
p17_s138_cross,17,point,15,17,17,17,0
p17_s138_cross,17,point,16,17,17,17,0
p17_s138_cross,17,point,17,17,17,17,0
p17_s138_cross,17,point,18,17,17,17,0
p17_s138_cross,17,point,19,17,17,17,0
p17_s138_cross,17,point,20,17,17,17,0
p17_s138_cross,17,point,21,17,17,17,0
p17_s138_cross,17,point,22,17,17,17,0
p17_s138_cross,17,point,23,17,17,17,0
p17_s138_cross,17,point,24,17,17,17,0
p17_s138_cross,17,point,25,17,17,17,0
p17_s138_cross,17,point,26,17,17,17,0
p17_s138_cross,17,point,27,17,17,17,0
p17_s138_cross,17,point,28,17,17,17,0
p17_s138_cross,17,point,29,17,17,17,0
p17_s138_cross,17,point,30,17,17,17,0
p17_s138_cross,17,point,31,17,17,17,0
p17_s138_cross,17,point,32,17,17,17,0
p17_s138_cross,17,point,33,17,17,17,0
p17_s138_cross,17,point,34,17,17,17,0
p17_s138_cross,17,point,35,17,17,17,0
p17_s138_cross,17,point,36,17,17,17,0
p17_s138_cross,17,point,37,17,17,17,0
p17_s138_cross,17,point,38,17,17,17,0
p17_s138_cross,17,point,39,17,17,17,0
p17_s138_cross,17,point,40,17,17,17,0
p17_s138_cross,17,point,41,17,17,17,0
p17_s138_cross,17,point,42,17,17,17,0
p17_s138_cross,17,point,43,17,17,17,0
p17_s138_cross,17,point,44,17,17,17,0
p17_s138_cross,17,point,45,17,17,17,0
p17_s138_cross,17,point,46,17,17,17,0
p17_s138_cross,17,point,47,17,17,17,0
p17_s138_cross,17,point,48,17,17,17,0
p17_s138_cross,17,point,49,17,17,17,0
p17_s138_cross,17,point,50,17,17,17,0
p17_s138_cross,17,point,51,17,17,17,0
p17_s138_cross,17,point,52,17,17,17,0
p17_s138_cross,17,point,53,17,17,17,0
p17_s138_cross,17,point,54,17,17,17,0
p17_s138_cross,17,point,55,17,17,17,0
p17_s138_cross,17,point,56,17,17,17,0
p17_s138_cross,17,point,57,17,17,17,0
p17_s138_cross,17,point,58,17,17,17,0
p17_s138_cross,17,point,59,17,17,17,0
p17_s138_cross,17,profile,0,1,1,1,1
p17_s138_cross,17,profile,1,1,1,1,1
p17_s138_cross,17,profile,2,1,1,1,1
p17_s138_cross,17,profile,3,1,1,1,1
p17_s138_cross,17,profile,4,1,1,1,1
p17_s138_cross,17,profile,5,1,1,1,1
p17_s138_cross,17,profile,6,1,1,1,1
p17_s138_cross,17,profile,7,1,1,1,1
p17_s138_cross,17,profile,8,1,1,1,1
p17_s138_cross,17,profile,9,1,1,1,0
p17_s138_cross,17,profile,10,1,1,1,0
p17_s138_cross,17,profile,11,1,1,1,0
p17_s138_cross,17,profile,12,1,1,1,0
p17_s138_cross,17,profile,13,1,1,1,0
p17_s138_cross,17,profile,14,1,1,1,0
p17_s138_cross,17,profile,15,1,1,1,0
p17_s138_cross,17,profile,16,1,1,1,0
p17_s138_cross,17,profile,17,1,1,1,0
p17_s138_cross,17,profile,18,1,1,1,0
p17_s138_cross,17,profile,19,1,1,1,0
p17_s138_cross,17,profile,20,1,1,1,0
p17_s138_cross,17,profile,21,1,1,1,0
p17_s138_cross,17,profile,22,1,1,1,0
p17_s138_cross,17,profile,23,1,1,1,0
p17_s138_cross,17,profile,24,1,1,1,0
p17_s138_cross,17,profile,25,1,1,1,0
p17_s138_cross,17,profile,26,1,1,1,0
p17_s138_cross,17,profile,27,1,1,1,0
p17_s138_cross,17,profile,28,1,1,1,0
p17_s138_cross,17,profile,29,1,1,1,0
p17_s138_cross,17,profile,30,1,1,1,0
p17_s138_cross,17,profile,31,1,1,1,0
p17_s138_cross,17,profile,32,1,1,1,0
p17_s138_cross,17,profile,33,1,1,1,0
p17_s138_cross,17,profile,34,1,1,1,0
p17_s138_cross,17,profile,35,1,1,1,0
p17_s138_cross,17,profile,36,1,1,1,0
p17_s138_cross,17,profile,37,1,1,1,0
p17_s138_cross,17,profile,38,1,1,1,0
p17_s138_cross,17,profile,39,1,1,1,0
p17_s138_cross,17,profile,40,1,1,1,0
p17_s138_cross,17,profile,41,1,1,1,0
p17_s138_cross,17,profile,42,1,1,1,0
p17_s138_cross,17,profile,43,1,1,1,0
p17_s138_cross,17,profile,44,1,1,1,0
p17_s138_cross,17,profile,45,1,1,1,0
p17_s138_cross,17,profile,46,1,1,1,0
p17_s138_cross,17,profile,47,1,1,1,0
p17_s138_cross,17,profile,48,1,1,1,0
p17_s138_cross,17,profile,49,1,1,1,0
p17_s138_cross,17,profile,50,1,1,1,0
p17_s138_cross,17,profile,51,1,1,1,0
p17_s138_cross,17,profile,52,1,1,1,0
p17_s138_cross,17,profile,53,1,1,1,0
p17_s138_cross,17,profile,54,1,1,1,0
p17_s138_cross,17,profile,55,1,1,1,0
p17_s138_cross,17,profile,56,1,1,1,0
p17_s138_cross,17,profile,57,1,1,1,0
p17_s138_cross,17,profile,58,1,1,1,0
p17_s138_cross,17,profile,59,1,1,1,0
p17_s139_cross,17,point,0,17,17,17,17
p17_s139_cross,17,point,1,17,17,17,17
p17_s139_cross,17,point,2,17,17,17,17
p17_s139_cross,17,point,3,17,17,17,17
p17_s139_cross,17,point,4,17,17,17,17
p17_s139_cross,17,point,5,17,17,17,17
p17_s139_cross,17,point,6,17,17,17,17
p17_s139_cross,17,point,7,17,17,17,17
p17_s139_cross,17,point,8,17,17,17,0
p17_s139_cross,17,point,9,17,17,17,0
p17_s139_cross,17,point,10,17,17,17,0
p17_s139_cross,17,point,11,17,17,17,0
p17_s139_cross,17,point,12,17,17,17,0
p17_s139_cross,17,point,13,17,17,17,0
p17_s139_cross,17,point,14,17,17,17,0
p17_s139_cross,17,point,15,17,17,17,0
p17_s139_cross,17,point,16,17,17,17,0
p17_s139_cross,17,point,17,17,17,17,0
p17_s139_cross,17,point,18,17,17,17,0
p17_s139_cross,17,point,19,17,17,17,0
p17_s139_cross,17,point,20,17,17,17,0
p17_s139_cross,17,point,21,17,17,17,0
p17_s139_cross,17,point,22,17,17,17,0
p17_s139_cross,17,point,23,17,17,17,0
p17_s139_cross,17,point,24,17,17,17,0
p17_s139_cross,17,point,25,17,17,17,0
p17_s139_cross,17,point,26,17,17,17,0
p17_s139_cross,17,point,27,17,17,17,0
p17_s139_cross,17,point,28,17,17,17,0
p17_s139_cross,17,point,29,17,17,17,0
p17_s139_cross,17,point,30,17,17,17,0
p17_s139_cross,17,point,31,17,17,17,0
p17_s139_cross,17,point,32,17,17,17,0
p17_s139_cross,17,point,33,17,17,17,0
p17_s139_cross,17,point,34,17,17,17,0
p17_s139_cross,17,point,35,17,17,17,0
p17_s139_cross,17,point,36,17,17,17,0
p17_s139_cross,17,point,37,17,17,17,0
p17_s139_cross,17,point,38,17,17,17,0
p17_s139_cross,17,point,39,17,17,17,0
p17_s139_cross,17,point,40,17,17,17,0
p17_s139_cross,17,point,41,17,17,17,0
p17_s139_cross,17,point,42,17,17,17,0
p17_s139_cross,17,point,43,17,17,17,0
p17_s139_cross,17,point,44,17,17,17,0
p17_s139_cross,17,point,45,17,17,17,0
p17_s139_cross,17,point,46,17,17,17,0
p17_s139_cross,17,point,47,17,17,17,0
p17_s139_cross,17,point,48,17,17,17,0
p17_s139_cross,17,point,49,17,17,17,0
p17_s139_cross,17,point,50,17,17,17,0
p17_s139_cross,17,point,51,17,17,17,0
p17_s139_cross,17,point,52,17,17,17,0
p17_s139_cross,17,point,53,17,17,17,0
p17_s139_cross,17,point,54,17,17,17,0
p17_s139_cross,17,point,55,17,17,17,0
p17_s139_cross,17,point,56,17,17,17,0
p17_s139_cross,17,point,57,17,17,17,0
p17_s139_cross,17,point,58,17,17,17,0
p17_s139_cross,17,point,59,17,17,17,0
p17_s139_cross,17,profile,0,1,1,1,1
p17_s139_cross,17,profile,1,1,1,1,1
p17_s139_cross,17,profile,2,1,1,1,1
p17_s139_cross,17,profile,3,1,1,1,1
p17_s139_cross,17,profile,4,1,1,1,1
p17_s139_cross,17,profile,5,1,1,1,1
p17_s139_cross,17,profile,6,1,1,1,1
p17_s139_cross,17,profile,7,1,1,1,1
p17_s139_cross,17,profile,8,1,1,1,0
p17_s139_cross,17,profile,9,1,1,1,0
p17_s139_cross,17,profile,10,1,1,1,0
p17_s139_cross,17,profile,11,1,1,1,0
p17_s139_cross,17,profile,12,1,1,1,0
p17_s139_cross,17,profile,13,1,1,1,0
p17_s139_cross,17,profile,14,1,1,1,0
p17_s139_cross,17,profile,15,1,1,1,0
p17_s139_cross,17,profile,16,1,1,1,0
p17_s139_cross,17,profile,17,1,1,1,0
p17_s139_cross,17,profile,18,1,1,1,0
p17_s139_cross,17,profile,19,1,1,1,0
p17_s139_cross,17,profile,20,1,1,1,0
p17_s139_cross,17,profile,21,1,1,1,0
p17_s139_cross,17,profile,22,1,1,1,0
p17_s139_cross,17,profile,23,1,1,1,0
p17_s139_cross,17,profile,24,1,1,1,0
p17_s139_cross,17,profile,25,1,1,1,0
p17_s139_cross,17,profile,26,1,1,1,0
p17_s139_cross,17,profile,27,1,1,1,0
p17_s139_cross,17,profile,28,1,1,1,0
p17_s139_cross,17,profile,29,1,1,1,0
p17_s139_cross,17,profile,30,1,1,1,0
p17_s139_cross,17,profile,31,1,1,1,0
p17_s139_cross,17,profile,32,1,1,1,0
p17_s139_cross,17,profile,33,1,1,1,0
p17_s139_cross,17,profile,34,1,1,1,0
p17_s139_cross,17,profile,35,1,1,1,0
p17_s139_cross,17,profile,36,1,1,1,0
p17_s139_cross,17,profile,37,1,1,1,0
p17_s139_cross,17,profile,38,1,1,1,0
p17_s139_cross,17,profile,39,1,1,1,0
p17_s139_cross,17,profile,40,1,1,1,0
p17_s139_cross,17,profile,41,1,1,1,0
p17_s139_cross,17,profile,42,1,1,1,0
p17_s139_cross,17,profile,43,1,1,1,0
p17_s139_cross,17,profile,44,1,1,1,0
p17_s139_cross,17,profile,45,1,1,1,0
p17_s139_cross,17,profile,46,1,1,1,0
p17_s139_cross,17,profile,47,1,1,1,0
p17_s139_cross,17,profile,48,1,1,1,0
p17_s139_cross,17,profile,49,1,1,1,0
p17_s139_cross,17,profile,50,1,1,1,0
p17_s139_cross,17,profile,51,1,1,1,0
p17_s139_cross,17,profile,52,1,1,1,0
p17_s139_cross,17,profile,53,1,1,1,0
p17_s139_cross,17,profile,54,1,1,1,0
p17_s139_cross,17,profile,55,1,1,1,0
p17_s139_cross,17,profile,56,1,1,1,0
p17_s139_cross,17,profile,57,1,1,1,0
p17_s139_cross,17,profile,58,1,1,1,0
p17_s139_cross,17,profile,59,1,1,1,0
p17_s140_cross,17,point,0,17,17,17,17
p17_s140_cross,17,point,1,17,17,17,16
p17_s140_cross,17,point,2,17,17,17,16
p17_s140_cross,17,point,3,17,17,17,16
p17_s140_cross,17,point,4,17,17,17,14
p17_s140_cross,17,point,5,17,17,17,12
p17_s140_cross,17,point,6,17,17,17,12
p17_s140_cross,17,point,7,17,17,17,12
p17_s140_cross,17,point,8,17,17,17,12
p17_s140_cross,17,point,9,17,17,17,2
p17_s140_cross,17,point,10,17,17,17,0
p17_s140_cross,17,point,11,17,17,17,0
p17_s140_cross,17,point,12,17,17,17,0
p17_s140_cross,17,point,13,17,17,17,0
p17_s140_cross,17,point,14,17,17,17,0
p17_s140_cross,17,point,15,17,17,17,0
p17_s140_cross,17,point,16,17,17,17,0
p17_s140_cross,17,point,17,17,17,17,0
p17_s140_cross,17,point,18,17,17,17,0
p17_s140_cross,17,point,19,17,17,17,0
p17_s140_cross,17,point,20,17,17,17,0
p17_s140_cross,17,point,21,17,17,17,0
p17_s140_cross,17,point,22,17,17,17,0
p17_s140_cross,17,point,23,17,17,17,0
p17_s140_cross,17,point,24,17,17,17,0
p17_s140_cross,17,point,25,17,17,17,0
p17_s140_cross,17,point,26,17,17,17,0
p17_s140_cross,17,point,27,17,17,17,0
p17_s140_cross,17,point,28,17,17,17,0
p17_s140_cross,17,point,29,17,17,17,0
p17_s140_cross,17,point,30,17,17,17,0
p17_s140_cross,17,point,31,17,17,17,0
p17_s140_cross,17,point,32,17,17,17,0
p17_s140_cross,17,point,33,17,17,17,0
p17_s140_cross,17,point,34,17,17,17,0
p17_s140_cross,17,point,35,17,17,17,0
p17_s140_cross,17,point,36,17,17,17,0
p17_s140_cross,17,point,37,17,17,17,0
p17_s140_cross,17,point,38,17,17,17,0
p17_s140_cross,17,point,39,17,17,17,0
p17_s140_cross,17,point,40,17,17,17,0
p17_s140_cross,17,point,41,17,17,17,0
p17_s140_cross,17,point,42,17,17,17,0
p17_s140_cross,17,point,43,17,17,17,0
p17_s140_cross,17,point,44,17,17,17,0
p17_s140_cross,17,point,45,17,17,17,0
p17_s140_cross,17,point,46,17,17,17,0
p17_s140_cross,17,point,47,17,17,17,0
p17_s140_cross,17,point,48,17,17,17,0
p17_s140_cross,17,point,49,17,17,17,0
p17_s140_cross,17,point,50,17,17,17,0
p17_s140_cross,17,point,51,17,17,17,0
p17_s140_cross,17,point,52,17,17,17,0
p17_s140_cross,17,point,53,17,17,17,0
p17_s140_cross,17,point,54,17,17,17,0
p17_s140_cross,17,point,55,17,17,17,0
p17_s140_cross,17,point,56,17,17,17,0
p17_s140_cross,17,point,57,17,17,17,0
p17_s140_cross,17,point,58,17,17,17,0
p17_s140_cross,17,point,59,17,17,17,0
p17_s140_cross,17,profile,0,1,1,1,1
p17_s140_cross,17,profile,1,1,1,1,1
p17_s140_cross,17,profile,2,1,1,1,1
p17_s140_cross,17,profile,3,1,1,1,1
p17_s140_cross,17,profile,4,1,1,1,1
p17_s140_cross,17,profile,5,1,1,1,1
p17_s140_cross,17,profile,6,1,1,1,1
p17_s140_cross,17,profile,7,1,1,1,1
p17_s140_cross,17,profile,8,1,1,1,1
p17_s140_cross,17,profile,9,1,1,1,0
p17_s140_cross,17,profile,10,1,1,1,0
p17_s140_cross,17,profile,11,1,1,1,0
p17_s140_cross,17,profile,12,1,1,1,0
p17_s140_cross,17,profile,13,1,1,1,0
p17_s140_cross,17,profile,14,1,1,1,0
p17_s140_cross,17,profile,15,1,1,1,0
p17_s140_cross,17,profile,16,1,1,1,0
p17_s140_cross,17,profile,17,1,1,1,0
p17_s140_cross,17,profile,18,1,1,1,0
p17_s140_cross,17,profile,19,1,1,1,0
p17_s140_cross,17,profile,20,1,1,1,0
p17_s140_cross,17,profile,21,1,1,1,0
p17_s140_cross,17,profile,22,1,1,1,0
p17_s140_cross,17,profile,23,1,1,1,0
p17_s140_cross,17,profile,24,1,1,1,0
p17_s140_cross,17,profile,25,1,1,1,0
p17_s140_cross,17,profile,26,1,1,1,0
p17_s140_cross,17,profile,27,1,1,1,0
p17_s140_cross,17,profile,28,1,1,1,0
p17_s140_cross,17,profile,29,1,1,1,0
p17_s140_cross,17,profile,30,1,1,1,0
p17_s140_cross,17,profile,31,1,1,1,0
p17_s140_cross,17,profile,32,1,1,1,0
p17_s140_cross,17,profile,33,1,1,1,0
p17_s140_cross,17,profile,34,1,1,1,0
p17_s140_cross,17,profile,35,1,1,1,0
p17_s140_cross,17,profile,36,1,1,1,0
p17_s140_cross,17,profile,37,1,1,1,0
p17_s140_cross,17,profile,38,1,1,1,0
p17_s140_cross,17,profile,39,1,1,1,0
p17_s140_cross,17,profile,40,1,1,1,0
p17_s140_cross,17,profile,41,1,1,1,0
p17_s140_cross,17,profile,42,1,1,1,0
p17_s140_cross,17,profile,43,1,1,1,0
p17_s140_cross,17,profile,44,1,1,1,0
p17_s140_cross,17,profile,45,1,1,1,0
p17_s140_cross,17,profile,46,1,1,1,0
p17_s140_cross,17,profile,47,1,1,1,0
p17_s140_cross,17,profile,48,1,1,1,0
p17_s140_cross,17,profile,49,1,1,1,0
p17_s140_cross,17,profile,50,1,1,1,0
p17_s140_cross,17,profile,51,1,1,1,0
p17_s140_cross,17,profile,52,1,1,1,0
p17_s140_cross,17,profile,53,1,1,1,0
p17_s140_cross,17,profile,54,1,1,1,0
p17_s140_cross,17,profile,55,1,1,1,0
p17_s140_cross,17,profile,56,1,1,1,0
p17_s140_cross,17,profile,57,1,1,1,0
p17_s140_cross,17,profile,58,1,1,1,0
p17_s140_cross,17,profile,59,1,1,1,0
p17_s141_cross,17,point,0,17,17,17,17
p17_s141_cross,17,point,1,17,17,17,17
p17_s141_cross,17,point,2,17,17,17,16
p17_s141_cross,17,point,3,17,17,17,16
p17_s141_cross,17,point,4,17,17,17,16
p17_s141_cross,17,point,5,17,17,17,16
p17_s141_cross,17,point,6,17,17,17,16
p17_s141_cross,17,point,7,17,17,17,16
p17_s141_cross,17,point,8,17,17,17,16
p17_s141_cross,17,point,9,17,17,17,1
p17_s141_cross,17,point,10,17,17,17,0
p17_s141_cross,17,point,11,17,17,17,0
p17_s141_cross,17,point,12,17,17,17,0
p17_s141_cross,17,point,13,17,17,17,0
p17_s141_cross,17,point,14,17,17,17,0
p17_s141_cross,17,point,15,17,17,17,0
p17_s141_cross,17,point,16,17,17,17,0
p17_s141_cross,17,point,17,17,17,17,0
p17_s141_cross,17,point,18,17,17,17,0
p17_s141_cross,17,point,19,17,17,17,0
p17_s141_cross,17,point,20,17,17,17,0
p17_s141_cross,17,point,21,17,17,17,0
p17_s141_cross,17,point,22,17,17,17,0
p17_s141_cross,17,point,23,17,17,17,0
p17_s141_cross,17,point,24,17,17,17,0
p17_s141_cross,17,point,25,17,17,17,0
p17_s141_cross,17,point,26,17,17,17,0
p17_s141_cross,17,point,27,17,17,17,0
p17_s141_cross,17,point,28,17,17,17,0
p17_s141_cross,17,point,29,17,17,17,0
p17_s141_cross,17,point,30,17,17,17,0
p17_s141_cross,17,point,31,17,17,17,0
p17_s141_cross,17,point,32,17,17,17,0
p17_s141_cross,17,point,33,17,17,17,0
p17_s141_cross,17,point,34,17,17,17,0
p17_s141_cross,17,point,35,17,17,17,0
p17_s141_cross,17,point,36,17,17,17,0
p17_s141_cross,17,point,37,17,17,17,0
p17_s141_cross,17,point,38,17,17,17,0
p17_s141_cross,17,point,39,17,17,17,0
p17_s141_cross,17,point,40,17,17,17,0
p17_s141_cross,17,point,41,17,17,17,0
p17_s141_cross,17,point,42,17,17,17,0
p17_s141_cross,17,point,43,17,17,17,0
p17_s141_cross,17,point,44,17,17,17,0
p17_s141_cross,17,point,45,17,17,17,0
p17_s141_cross,17,point,46,17,17,17,0
p17_s141_cross,17,point,47,17,17,17,0
p17_s141_cross,17,point,48,17,17,17,0
p17_s141_cross,17,point,49,17,17,17,0
p17_s141_cross,17,point,50,17,17,17,0
p17_s141_cross,17,point,51,17,17,17,0
p17_s141_cross,17,point,52,17,17,17,0
p17_s141_cross,17,point,53,17,17,17,0
p17_s141_cross,17,point,54,17,17,17,0
p17_s141_cross,17,point,55,17,17,17,0
p17_s141_cross,17,point,56,17,17,17,0
p17_s141_cross,17,point,57,17,17,17,0
p17_s141_cross,17,point,58,17,17,17,0
p17_s141_cross,17,point,59,17,17,17,0
p17_s141_cross,17,profile,0,1,1,1,1
p17_s141_cross,17,profile,1,1,1,1,1
p17_s141_cross,17,profile,2,1,1,1,1
p17_s141_cross,17,profile,3,1,1,1,1
p17_s141_cross,17,profile,4,1,1,1,1
p17_s141_cross,17,profile,5,1,1,1,1
p17_s141_cross,17,profile,6,1,1,1,1
p17_s141_cross,17,profile,7,1,1,1,1
p17_s141_cross,17,profile,8,1,1,1,1
p17_s141_cross,17,profile,9,1,1,1,0
p17_s141_cross,17,profile,10,1,1,1,0
p17_s141_cross,17,profile,11,1,1,1,0
p17_s141_cross,17,profile,12,1,1,1,0
p17_s141_cross,17,profile,13,1,1,1,0
p17_s141_cross,17,profile,14,1,1,1,0
p17_s141_cross,17,profile,15,1,1,1,0
p17_s141_cross,17,profile,16,1,1,1,0
p17_s141_cross,17,profile,17,1,1,1,0
p17_s141_cross,17,profile,18,1,1,1,0
p17_s141_cross,17,profile,19,1,1,1,0
p17_s141_cross,17,profile,20,1,1,1,0
p17_s141_cross,17,profile,21,1,1,1,0
p17_s141_cross,17,profile,22,1,1,1,0
p17_s141_cross,17,profile,23,1,1,1,0
p17_s141_cross,17,profile,24,1,1,1,0
p17_s141_cross,17,profile,25,1,1,1,0
p17_s141_cross,17,profile,26,1,1,1,0
p17_s141_cross,17,profile,27,1,1,1,0
p17_s141_cross,17,profile,28,1,1,1,0
p17_s141_cross,17,profile,29,1,1,1,0
p17_s141_cross,17,profile,30,1,1,1,0
p17_s141_cross,17,profile,31,1,1,1,0
p17_s141_cross,17,profile,32,1,1,1,0
p17_s141_cross,17,profile,33,1,1,1,0
p17_s141_cross,17,profile,34,1,1,1,0
p17_s141_cross,17,profile,35,1,1,1,0
p17_s141_cross,17,profile,36,1,1,1,0
p17_s141_cross,17,profile,37,1,1,1,0
p17_s141_cross,17,profile,38,1,1,1,0
p17_s141_cross,17,profile,39,1,1,1,0
p17_s141_cross,17,profile,40,1,1,1,0
p17_s141_cross,17,profile,41,1,1,1,0
p17_s141_cross,17,profile,42,1,1,1,0
p17_s141_cross,17,profile,43,1,1,1,0
p17_s141_cross,17,profile,44,1,1,1,0
p17_s141_cross,17,profile,45,1,1,1,0
p17_s141_cross,17,profile,46,1,1,1,0
p17_s141_cross,17,profile,47,1,1,1,0
p17_s141_cross,17,profile,48,1,1,1,0
p17_s141_cross,17,profile,49,1,1,1,0
p17_s141_cross,17,profile,50,1,1,1,0
p17_s141_cross,17,profile,51,1,1,1,0
p17_s141_cross,17,profile,52,1,1,1,0
p17_s141_cross,17,profile,53,1,1,1,0
p17_s141_cross,17,profile,54,1,1,1,0
p17_s141_cross,17,profile,55,1,1,1,0
p17_s141_cross,17,profile,56,1,1,1,0
p17_s141_cross,17,profile,57,1,1,1,0
p17_s141_cross,17,profile,58,1,1,1,0
p17_s141_cross,17,profile,59,1,1,1,0
p17_s142_cross,17,point,0,17,17,17,17
p17_s142_cross,17,point,1,17,17,17,17
p17_s142_cross,17,point,2,17,17,17,17
p17_s142_cross,17,point,3,17,17,17,17
p17_s142_cross,17,point,4,17,17,17,17
p17_s142_cross,17,point,5,17,17,17,17
p17_s142_cross,17,point,6,17,17,17,17
p17_s142_cross,17,point,7,17,17,17,17
p17_s142_cross,17,point,8,17,17,17,15
p17_s142_cross,17,point,9,17,17,17,0
p17_s142_cross,17,point,10,17,17,17,0
p17_s142_cross,17,point,11,17,17,17,0
p17_s142_cross,17,point,12,17,17,17,0
p17_s142_cross,17,point,13,17,17,17,0
p17_s142_cross,17,point,14,17,17,17,0
p17_s142_cross,17,point,15,17,17,17,0
p17_s142_cross,17,point,16,17,17,17,0
p17_s142_cross,17,point,17,17,17,17,0
p17_s142_cross,17,point,18,17,17,17,0
p17_s142_cross,17,point,19,17,17,17,0
p17_s142_cross,17,point,20,17,17,17,0
p17_s142_cross,17,point,21,17,17,17,0
p17_s142_cross,17,point,22,17,17,17,0
p17_s142_cross,17,point,23,17,17,17,0
p17_s142_cross,17,point,24,17,17,17,0
p17_s142_cross,17,point,25,17,17,17,0
p17_s142_cross,17,point,26,17,17,17,0
p17_s142_cross,17,point,27,17,17,17,0
p17_s142_cross,17,point,28,17,17,17,0
p17_s142_cross,17,point,29,17,17,17,0
p17_s142_cross,17,point,30,17,17,17,0
p17_s142_cross,17,point,31,17,17,17,0
p17_s142_cross,17,point,32,17,17,17,0
p17_s142_cross,17,point,33,17,17,17,0
p17_s142_cross,17,point,34,17,17,17,0
p17_s142_cross,17,point,35,17,17,17,0
p17_s142_cross,17,point,36,17,17,17,0
p17_s142_cross,17,point,37,17,17,17,0
p17_s142_cross,17,point,38,17,17,17,0
p17_s142_cross,17,point,39,17,17,17,0
p17_s142_cross,17,point,40,17,17,17,0
p17_s142_cross,17,point,41,17,17,17,0
p17_s142_cross,17,point,42,17,17,17,0
p17_s142_cross,17,point,43,17,17,17,0
p17_s142_cross,17,point,44,17,17,17,0
p17_s142_cross,17,point,45,17,17,17,0
p17_s142_cross,17,point,46,17,17,17,0
p17_s142_cross,17,point,47,17,17,17,0
p17_s142_cross,17,point,48,17,17,17,0
p17_s142_cross,17,point,49,17,17,17,0
p17_s142_cross,17,point,50,17,17,17,0
p17_s142_cross,17,point,51,17,17,17,0
p17_s142_cross,17,point,52,17,17,17,0
p17_s142_cross,17,point,53,17,17,17,0
p17_s142_cross,17,point,54,17,17,17,0
p17_s142_cross,17,point,55,17,17,17,0
p17_s142_cross,17,point,56,17,17,17,0
p17_s142_cross,17,point,57,17,17,17,0
p17_s142_cross,17,point,58,17,17,17,0
p17_s142_cross,17,point,59,17,17,17,0
p17_s142_cross,17,profile,0,1,1,1,1
p17_s142_cross,17,profile,1,1,1,1,1
p17_s142_cross,17,profile,2,1,1,1,1
p17_s142_cross,17,profile,3,1,1,1,1
p17_s142_cross,17,profile,4,1,1,1,1
p17_s142_cross,17,profile,5,1,1,1,1
p17_s142_cross,17,profile,6,1,1,1,1
p17_s142_cross,17,profile,7,1,1,1,1
p17_s142_cross,17,profile,8,1,1,1,1
p17_s142_cross,17,profile,9,1,1,1,0
p17_s142_cross,17,profile,10,1,1,1,0
p17_s142_cross,17,profile,11,1,1,1,0
p17_s142_cross,17,profile,12,1,1,1,0
p17_s142_cross,17,profile,13,1,1,1,0
p17_s142_cross,17,profile,14,1,1,1,0
p17_s142_cross,17,profile,15,1,1,1,0
p17_s142_cross,17,profile,16,1,1,1,0
p17_s142_cross,17,profile,17,1,1,1,0
p17_s142_cross,17,profile,18,1,1,1,0
p17_s142_cross,17,profile,19,1,1,1,0
p17_s142_cross,17,profile,20,1,1,1,0
p17_s142_cross,17,profile,21,1,1,1,0
p17_s142_cross,17,profile,22,1,1,1,0
p17_s142_cross,17,profile,23,1,1,1,0
p17_s142_cross,17,profile,24,1,1,1,0
p17_s142_cross,17,profile,25,1,1,1,0
p17_s142_cross,17,profile,26,1,1,1,0
p17_s142_cross,17,profile,27,1,1,1,0
p17_s142_cross,17,profile,28,1,1,1,0
p17_s142_cross,17,profile,29,1,1,1,0
p17_s142_cross,17,profile,30,1,1,1,0
p17_s142_cross,17,profile,31,1,1,1,0
p17_s142_cross,17,profile,32,1,1,1,0
p17_s142_cross,17,profile,33,1,1,1,0
p17_s142_cross,17,profile,34,1,1,1,0
p17_s142_cross,17,profile,35,1,1,1,0
p17_s142_cross,17,profile,36,1,1,1,0
p17_s142_cross,17,profile,37,1,1,1,0
p17_s142_cross,17,profile,38,1,1,1,0
p17_s142_cross,17,profile,39,1,1,1,0
p17_s142_cross,17,profile,40,1,1,1,0
p17_s142_cross,17,profile,41,1,1,1,0
p17_s142_cross,17,profile,42,1,1,1,0
p17_s142_cross,17,profile,43,1,1,1,0
p17_s142_cross,17,profile,44,1,1,1,0
p17_s142_cross,17,profile,45,1,1,1,0
p17_s142_cross,17,profile,46,1,1,1,0
p17_s142_cross,17,profile,47,1,1,1,0
p17_s142_cross,17,profile,48,1,1,1,0
p17_s142_cross,17,profile,49,1,1,1,0
p17_s142_cross,17,profile,50,1,1,1,0
p17_s142_cross,17,profile,51,1,1,1,0
p17_s142_cross,17,profile,52,1,1,1,0
p17_s142_cross,17,profile,53,1,1,1,0
p17_s142_cross,17,profile,54,1,1,1,0
p17_s142_cross,17,profile,55,1,1,1,0
p17_s142_cross,17,profile,56,1,1,1,0
p17_s142_cross,17,profile,57,1,1,1,0
p17_s142_cross,17,profile,58,1,1,1,0
p17_s142_cross,17,profile,59,1,1,1,0
p17_s143_cross,17,point,0,17,17,17,17
p17_s143_cross,17,point,1,17,17,17,16
p17_s143_cross,17,point,2,17,17,17,14
p17_s143_cross,17,point,3,17,17,17,10
p17_s143_cross,17,point,4,17,17,17,9
p17_s143_cross,17,point,5,17,17,17,9
p17_s143_cross,17,point,6,17,17,17,5
p17_s143_cross,17,point,7,17,17,17,1
p17_s143_cross,17,point,8,17,17,17,1
p17_s143_cross,17,point,9,17,17,17,1
p17_s143_cross,17,point,10,17,17,17,0
p17_s143_cross,17,point,11,17,17,17,0
p17_s143_cross,17,point,12,17,17,17,0
p17_s143_cross,17,point,13,17,17,17,0
p17_s143_cross,17,point,14,17,17,17,0
p17_s143_cross,17,point,15,17,17,17,0
p17_s143_cross,17,point,16,17,17,17,0
p17_s143_cross,17,point,17,17,17,17,0
p17_s143_cross,17,point,18,17,17,17,0
p17_s143_cross,17,point,19,17,17,17,0
p17_s143_cross,17,point,20,17,17,17,0
p17_s143_cross,17,point,21,17,17,17,0
p17_s143_cross,17,point,22,17,17,17,0
p17_s143_cross,17,point,23,17,17,17,0
p17_s143_cross,17,point,24,17,17,17,0
p17_s143_cross,17,point,25,17,17,17,0
p17_s143_cross,17,point,26,17,17,17,0
p17_s143_cross,17,point,27,17,17,17,0
p17_s143_cross,17,point,28,17,17,17,0
p17_s143_cross,17,point,29,17,17,17,0
p17_s143_cross,17,point,30,17,17,17,0
p17_s143_cross,17,point,31,17,17,17,0
p17_s143_cross,17,point,32,17,17,17,0
p17_s143_cross,17,point,33,17,17,17,0
p17_s143_cross,17,point,34,17,17,17,0
p17_s143_cross,17,point,35,17,17,17,0
p17_s143_cross,17,point,36,17,17,17,0
p17_s143_cross,17,point,37,17,17,17,0
p17_s143_cross,17,point,38,17,17,17,0
p17_s143_cross,17,point,39,17,17,17,0
p17_s143_cross,17,point,40,17,17,17,0
p17_s143_cross,17,point,41,17,17,17,0
p17_s143_cross,17,point,42,17,17,17,0
p17_s143_cross,17,point,43,17,17,17,0
p17_s143_cross,17,point,44,17,17,17,0
p17_s143_cross,17,point,45,17,17,17,0
p17_s143_cross,17,point,46,17,17,17,0
p17_s143_cross,17,point,47,17,17,17,0
p17_s143_cross,17,point,48,17,17,17,0
p17_s143_cross,17,point,49,17,17,17,0
p17_s143_cross,17,point,50,17,17,17,0
p17_s143_cross,17,point,51,17,17,17,0
p17_s143_cross,17,point,52,17,17,17,0
p17_s143_cross,17,point,53,17,17,17,0
p17_s143_cross,17,point,54,17,17,17,0
p17_s143_cross,17,point,55,17,17,17,0
p17_s143_cross,17,point,56,17,17,17,0
p17_s143_cross,17,point,57,17,17,17,0
p17_s143_cross,17,point,58,17,17,17,0
p17_s143_cross,17,point,59,17,17,17,0
p17_s143_cross,17,profile,0,1,1,1,1
p17_s143_cross,17,profile,1,1,1,1,1
p17_s143_cross,17,profile,2,1,1,1,1
p17_s143_cross,17,profile,3,1,1,1,1
p17_s143_cross,17,profile,4,1,1,1,1
p17_s143_cross,17,profile,5,1,1,1,1
p17_s143_cross,17,profile,6,1,1,1,1
p17_s143_cross,17,profile,7,1,1,1,0
p17_s143_cross,17,profile,8,1,1,1,0
p17_s143_cross,17,profile,9,1,1,1,0
p17_s143_cross,17,profile,10,1,1,1,0
p17_s143_cross,17,profile,11,1,1,1,0
p17_s143_cross,17,profile,12,1,1,1,0
p17_s143_cross,17,profile,13,1,1,1,0
p17_s143_cross,17,profile,14,1,1,1,0
p17_s143_cross,17,profile,15,1,1,1,0
p17_s143_cross,17,profile,16,1,1,1,0
p17_s143_cross,17,profile,17,1,1,1,0
p17_s143_cross,17,profile,18,1,1,1,0
p17_s143_cross,17,profile,19,1,1,1,0
p17_s143_cross,17,profile,20,1,1,1,0
p17_s143_cross,17,profile,21,1,1,1,0
p17_s143_cross,17,profile,22,1,1,1,0
p17_s143_cross,17,profile,23,1,1,1,0
p17_s143_cross,17,profile,24,1,1,1,0
p17_s143_cross,17,profile,25,1,1,1,0
p17_s143_cross,17,profile,26,1,1,1,0
p17_s143_cross,17,profile,27,1,1,1,0
p17_s143_cross,17,profile,28,1,1,1,0
p17_s143_cross,17,profile,29,1,1,1,0
p17_s143_cross,17,profile,30,1,1,1,0
p17_s143_cross,17,profile,31,1,1,1,0
p17_s143_cross,17,profile,32,1,1,1,0
p17_s143_cross,17,profile,33,1,1,1,0
p17_s143_cross,17,profile,34,1,1,1,0
p17_s143_cross,17,profile,35,1,1,1,0
p17_s143_cross,17,profile,36,1,1,1,0
p17_s143_cross,17,profile,37,1,1,1,0
p17_s143_cross,17,profile,38,1,1,1,0
p17_s143_cross,17,profile,39,1,1,1,0
p17_s143_cross,17,profile,40,1,1,1,0
p17_s143_cross,17,profile,41,1,1,1,0
p17_s143_cross,17,profile,42,1,1,1,0
p17_s143_cross,17,profile,43,1,1,1,0
p17_s143_cross,17,profile,44,1,1,1,0
p17_s143_cross,17,profile,45,1,1,1,0
p17_s143_cross,17,profile,46,1,1,1,0
p17_s143_cross,17,profile,47,1,1,1,0
p17_s143_cross,17,profile,48,1,1,1,0
p17_s143_cross,17,profile,49,1,1,1,0
p17_s143_cross,17,profile,50,1,1,1,0
p17_s143_cross,17,profile,51,1,1,1,0
p17_s143_cross,17,profile,52,1,1,1,0
p17_s143_cross,17,profile,53,1,1,1,0
p17_s143_cross,17,profile,54,1,1,1,0
p17_s143_cross,17,profile,55,1,1,1,0
p17_s143_cross,17,profile,56,1,1,1,0
p17_s143_cross,17,profile,57,1,1,1,0
p17_s143_cross,17,profile,58,1,1,1,0
p17_s143_cross,17,profile,59,1,1,1,0
p17_s144_cross,17,point,0,17,17,17,17
p17_s144_cross,17,point,1,17,17,17,17
p17_s144_cross,17,point,2,17,17,17,17
p17_s144_cross,17,point,3,17,17,17,17
p17_s144_cross,17,point,4,17,17,17,17
p17_s144_cross,17,point,5,17,17,17,17
p17_s144_cross,17,point,6,17,17,17,17
p17_s144_cross,17,point,7,17,17,17,17
p17_s144_cross,17,point,8,17,17,17,16
p17_s144_cross,17,point,9,17,17,17,0
p17_s144_cross,17,point,10,17,17,17,0
p17_s144_cross,17,point,11,17,17,17,0
p17_s144_cross,17,point,12,17,17,17,0
p17_s144_cross,17,point,13,17,17,17,0
p17_s144_cross,17,point,14,17,17,17,0
p17_s144_cross,17,point,15,17,17,17,0
p17_s144_cross,17,point,16,17,17,17,0
p17_s144_cross,17,point,17,17,17,17,0
p17_s144_cross,17,point,18,17,17,17,0
p17_s144_cross,17,point,19,17,17,17,0
p17_s144_cross,17,point,20,17,17,17,0
p17_s144_cross,17,point,21,17,17,17,0
p17_s144_cross,17,point,22,17,17,17,0
p17_s144_cross,17,point,23,17,17,17,0
p17_s144_cross,17,point,24,17,17,17,0
p17_s144_cross,17,point,25,17,17,17,0
p17_s144_cross,17,point,26,17,17,17,0
p17_s144_cross,17,point,27,17,17,17,0
p17_s144_cross,17,point,28,17,17,17,0
p17_s144_cross,17,point,29,17,17,17,0
p17_s144_cross,17,point,30,17,17,17,0
p17_s144_cross,17,point,31,17,17,17,0
p17_s144_cross,17,point,32,17,17,17,0
p17_s144_cross,17,point,33,17,17,17,0
p17_s144_cross,17,point,34,17,17,17,0
p17_s144_cross,17,point,35,17,17,17,0
p17_s144_cross,17,point,36,17,17,17,0
p17_s144_cross,17,point,37,17,17,17,0
p17_s144_cross,17,point,38,17,17,17,0
p17_s144_cross,17,point,39,17,17,17,0
p17_s144_cross,17,point,40,17,17,17,0
p17_s144_cross,17,point,41,17,17,17,0
p17_s144_cross,17,point,42,17,17,17,0
p17_s144_cross,17,point,43,17,17,17,0
p17_s144_cross,17,point,44,17,17,17,0
p17_s144_cross,17,point,45,17,17,17,0
p17_s144_cross,17,point,46,17,17,17,0
p17_s144_cross,17,point,47,17,17,17,0
p17_s144_cross,17,point,48,17,17,17,0
p17_s144_cross,17,point,49,17,17,17,0
p17_s144_cross,17,point,50,17,17,17,0
p17_s144_cross,17,point,51,17,17,17,0
p17_s144_cross,17,point,52,17,17,17,0
p17_s144_cross,17,point,53,17,17,17,0
p17_s144_cross,17,point,54,17,17,17,0
p17_s144_cross,17,point,55,17,17,17,0
p17_s144_cross,17,point,56,17,17,17,0
p17_s144_cross,17,point,57,17,17,17,0
p17_s144_cross,17,point,58,17,17,17,0
p17_s144_cross,17,point,59,17,17,17,0
p17_s144_cross,17,profile,0,1,1,1,1
p17_s144_cross,17,profile,1,1,1,1,1
p17_s144_cross,17,profile,2,1,1,1,1
p17_s144_cross,17,profile,3,1,1,1,1
p17_s144_cross,17,profile,4,1,1,1,1
p17_s144_cross,17,profile,5,1,1,1,1
p17_s144_cross,17,profile,6,1,1,1,1
p17_s144_cross,17,profile,7,1,1,1,1
p17_s144_cross,17,profile,8,1,1,1,1
p17_s144_cross,17,profile,9,1,1,1,0
p17_s144_cross,17,profile,10,1,1,1,0
p17_s144_cross,17,profile,11,1,1,1,0
p17_s144_cross,17,profile,12,1,1,1,0
p17_s144_cross,17,profile,13,1,1,1,0
p17_s144_cross,17,profile,14,1,1,1,0
p17_s144_cross,17,profile,15,1,1,1,0
p17_s144_cross,17,profile,16,1,1,1,0
p17_s144_cross,17,profile,17,1,1,1,0
p17_s144_cross,17,profile,18,1,1,1,0
p17_s144_cross,17,profile,19,1,1,1,0
p17_s144_cross,17,profile,20,1,1,1,0
p17_s144_cross,17,profile,21,1,1,1,0
p17_s144_cross,17,profile,22,1,1,1,0
p17_s144_cross,17,profile,23,1,1,1,0
p17_s144_cross,17,profile,24,1,1,1,0
p17_s144_cross,17,profile,25,1,1,1,0
p17_s144_cross,17,profile,26,1,1,1,0
p17_s144_cross,17,profile,27,1,1,1,0
p17_s144_cross,17,profile,28,1,1,1,0
p17_s144_cross,17,profile,29,1,1,1,0
p17_s144_cross,17,profile,30,1,1,1,0
p17_s144_cross,17,profile,31,1,1,1,0
p17_s144_cross,17,profile,32,1,1,1,0
p17_s144_cross,17,profile,33,1,1,1,0
p17_s144_cross,17,profile,34,1,1,1,0
p17_s144_cross,17,profile,35,1,1,1,0
p17_s144_cross,17,profile,36,1,1,1,0
p17_s144_cross,17,profile,37,1,1,1,0
p17_s144_cross,17,profile,38,1,1,1,0
p17_s144_cross,17,profile,39,1,1,1,0
p17_s144_cross,17,profile,40,1,1,1,0
p17_s144_cross,17,profile,41,1,1,1,0
p17_s144_cross,17,profile,42,1,1,1,0
p17_s144_cross,17,profile,43,1,1,1,0
p17_s144_cross,17,profile,44,1,1,1,0
p17_s144_cross,17,profile,45,1,1,1,0
p17_s144_cross,17,profile,46,1,1,1,0
p17_s144_cross,17,profile,47,1,1,1,0
p17_s144_cross,17,profile,48,1,1,1,0
p17_s144_cross,17,profile,49,1,1,1,0
p17_s144_cross,17,profile,50,1,1,1,0
p17_s144_cross,17,profile,51,1,1,1,0
p17_s144_cross,17,profile,52,1,1,1,0
p17_s144_cross,17,profile,53,1,1,1,0
p17_s144_cross,17,profile,54,1,1,1,0
p17_s144_cross,17,profile,55,1,1,1,0
p17_s144_cross,17,profile,56,1,1,1,0
p17_s144_cross,17,profile,57,1,1,1,0
p17_s144_cross,17,profile,58,1,1,1,0
p17_s144_cross,17,profile,59,1,1,1,0
p17_s145_cross,17,point,0,17,17,17,17
p17_s145_cross,17,point,1,17,17,17,17
p17_s145_cross,17,point,2,17,17,17,17
p17_s145_cross,17,point,3,17,17,17,17
p17_s145_cross,17,point,4,17,17,17,17
p17_s145_cross,17,point,5,17,17,17,15
p17_s145_cross,17,point,6,17,17,17,7
p17_s145_cross,17,point,7,17,17,17,1
p17_s145_cross,17,point,8,17,17,17,1
p17_s145_cross,17,point,9,17,17,17,1
p17_s145_cross,17,point,10,17,17,17,0
p17_s145_cross,17,point,11,17,17,17,0
p17_s145_cross,17,point,12,17,17,17,0
p17_s145_cross,17,point,13,17,17,17,0
p17_s145_cross,17,point,14,17,17,17,0
p17_s145_cross,17,point,15,17,17,17,0
p17_s145_cross,17,point,16,17,17,17,0
p17_s145_cross,17,point,17,17,17,17,0
p17_s145_cross,17,point,18,17,17,17,0
p17_s145_cross,17,point,19,17,17,17,0
p17_s145_cross,17,point,20,17,17,17,0
p17_s145_cross,17,point,21,17,17,17,0
p17_s145_cross,17,point,22,17,17,17,0
p17_s145_cross,17,point,23,17,17,17,0
p17_s145_cross,17,point,24,17,17,17,0
p17_s145_cross,17,point,25,17,17,17,0
p17_s145_cross,17,point,26,17,17,17,0
p17_s145_cross,17,point,27,17,17,17,0
p17_s145_cross,17,point,28,17,17,17,0
p17_s145_cross,17,point,29,17,17,17,0
p17_s145_cross,17,point,30,17,17,17,0
p17_s145_cross,17,point,31,17,17,17,0
p17_s145_cross,17,point,32,17,17,17,0
p17_s145_cross,17,point,33,17,17,17,0
p17_s145_cross,17,point,34,17,17,17,0
p17_s145_cross,17,point,35,17,17,17,0
p17_s145_cross,17,point,36,17,17,17,0
p17_s145_cross,17,point,37,17,17,17,0
p17_s145_cross,17,point,38,17,17,17,0
p17_s145_cross,17,point,39,17,17,17,0
p17_s145_cross,17,point,40,17,17,17,0
p17_s145_cross,17,point,41,17,17,17,0
p17_s145_cross,17,point,42,17,17,17,0
p17_s145_cross,17,point,43,17,17,17,0
p17_s145_cross,17,point,44,17,17,17,0
p17_s145_cross,17,point,45,17,17,17,0
p17_s145_cross,17,point,46,17,17,17,0
p17_s145_cross,17,point,47,17,17,17,0
p17_s145_cross,17,point,48,17,17,17,0
p17_s145_cross,17,point,49,17,17,17,0
p17_s145_cross,17,point,50,17,17,17,0
p17_s145_cross,17,point,51,17,17,17,0
p17_s145_cross,17,point,52,17,17,17,0
p17_s145_cross,17,point,53,17,17,17,0
p17_s145_cross,17,point,54,17,17,17,0
p17_s145_cross,17,point,55,17,17,17,0
p17_s145_cross,17,point,56,17,17,17,0
p17_s145_cross,17,point,57,17,17,17,0
p17_s145_cross,17,point,58,17,17,17,0
p17_s145_cross,17,point,59,17,17,17,0
p17_s145_cross,17,profile,0,1,1,1,1
p17_s145_cross,17,profile,1,1,1,1,1
p17_s145_cross,17,profile,2,1,1,1,1
p17_s145_cross,17,profile,3,1,1,1,1
p17_s145_cross,17,profile,4,1,1,1,1
p17_s145_cross,17,profile,5,1,1,1,1
p17_s145_cross,17,profile,6,1,1,1,0
p17_s145_cross,17,profile,7,1,1,1,0
p17_s145_cross,17,profile,8,1,1,1,0
p17_s145_cross,17,profile,9,1,1,1,0
p17_s145_cross,17,profile,10,1,1,1,0
p17_s145_cross,17,profile,11,1,1,1,0
p17_s145_cross,17,profile,12,1,1,1,0
p17_s145_cross,17,profile,13,1,1,1,0
p17_s145_cross,17,profile,14,1,1,1,0
p17_s145_cross,17,profile,15,1,1,1,0
p17_s145_cross,17,profile,16,1,1,1,0
p17_s145_cross,17,profile,17,1,1,1,0
p17_s145_cross,17,profile,18,1,1,1,0
p17_s145_cross,17,profile,19,1,1,1,0
p17_s145_cross,17,profile,20,1,1,1,0
p17_s145_cross,17,profile,21,1,1,1,0
p17_s145_cross,17,profile,22,1,1,1,0
p17_s145_cross,17,profile,23,1,1,1,0
p17_s145_cross,17,profile,24,1,1,1,0
p17_s145_cross,17,profile,25,1,1,1,0
p17_s145_cross,17,profile,26,1,1,1,0
p17_s145_cross,17,profile,27,1,1,1,0
p17_s145_cross,17,profile,28,1,1,1,0
p17_s145_cross,17,profile,29,1,1,1,0
p17_s145_cross,17,profile,30,1,1,1,0
p17_s145_cross,17,profile,31,1,1,1,0
p17_s145_cross,17,profile,32,1,1,1,0
p17_s145_cross,17,profile,33,1,1,1,0
p17_s145_cross,17,profile,34,1,1,1,0
p17_s145_cross,17,profile,35,1,1,1,0
p17_s145_cross,17,profile,36,1,1,1,0
p17_s145_cross,17,profile,37,1,1,1,0
p17_s145_cross,17,profile,38,1,1,1,0
p17_s145_cross,17,profile,39,1,1,1,0
p17_s145_cross,17,profile,40,1,1,1,0
p17_s145_cross,17,profile,41,1,1,1,0
p17_s145_cross,17,profile,42,1,1,1,0
p17_s145_cross,17,profile,43,1,1,1,0
p17_s145_cross,17,profile,44,1,1,1,0
p17_s145_cross,17,profile,45,1,1,1,0
p17_s145_cross,17,profile,46,1,1,1,0
p17_s145_cross,17,profile,47,1,1,1,0
p17_s145_cross,17,profile,48,1,1,1,0
p17_s145_cross,17,profile,49,1,1,1,0
p17_s145_cross,17,profile,50,1,1,1,0
p17_s145_cross,17,profile,51,1,1,1,0
p17_s145_cross,17,profile,52,1,1,1,0
p17_s145_cross,17,profile,53,1,1,1,0
p17_s145_cross,17,profile,54,1,1,1,0
p17_s145_cross,17,profile,55,1,1,1,0
p17_s145_cross,17,profile,56,1,1,1,0
p17_s145_cross,17,profile,57,1,1,1,0
p17_s145_cross,17,profile,58,1,1,1,0
p17_s145_cross,17,profile,59,1,1,1,0
p17_s146_cross,17,point,0,17,17,17,17
p17_s146_cross,17,point,1,17,17,17,17
p17_s146_cross,17,point,2,17,17,17,17
p17_s146_cross,17,point,3,17,17,17,17
p17_s146_cross,17,point,4,17,17,17,17
p17_s146_cross,17,point,5,17,17,17,17
p17_s146_cross,17,point,6,17,17,17,17
p17_s146_cross,17,point,7,17,17,17,17
p17_s146_cross,17,point,8,17,17,17,10
p17_s146_cross,17,point,9,17,17,17,0
p17_s146_cross,17,point,10,17,17,17,0
p17_s146_cross,17,point,11,17,17,17,0
p17_s146_cross,17,point,12,17,17,17,0
p17_s146_cross,17,point,13,17,17,17,0
p17_s146_cross,17,point,14,17,17,17,0
p17_s146_cross,17,point,15,17,17,17,0
p17_s146_cross,17,point,16,17,17,17,0
p17_s146_cross,17,point,17,17,17,17,0
p17_s146_cross,17,point,18,17,17,17,0
p17_s146_cross,17,point,19,17,17,17,0
p17_s146_cross,17,point,20,17,17,17,0
p17_s146_cross,17,point,21,17,17,17,0
p17_s146_cross,17,point,22,17,17,17,0
p17_s146_cross,17,point,23,17,17,17,0
p17_s146_cross,17,point,24,17,17,17,0
p17_s146_cross,17,point,25,17,17,17,0
p17_s146_cross,17,point,26,17,17,17,0
p17_s146_cross,17,point,27,17,17,17,0
p17_s146_cross,17,point,28,17,17,17,0
p17_s146_cross,17,point,29,17,17,17,0
p17_s146_cross,17,point,30,17,17,17,0
p17_s146_cross,17,point,31,17,17,17,0
p17_s146_cross,17,point,32,17,17,17,0
p17_s146_cross,17,point,33,17,17,17,0
p17_s146_cross,17,point,34,17,17,17,0
p17_s146_cross,17,point,35,17,17,17,0
p17_s146_cross,17,point,36,17,17,17,0
p17_s146_cross,17,point,37,17,17,17,0
p17_s146_cross,17,point,38,17,17,17,0
p17_s146_cross,17,point,39,17,17,17,0
p17_s146_cross,17,point,40,17,17,17,0
p17_s146_cross,17,point,41,17,17,17,0
p17_s146_cross,17,point,42,17,17,17,0
p17_s146_cross,17,point,43,17,17,17,0
p17_s146_cross,17,point,44,17,17,17,0
p17_s146_cross,17,point,45,17,17,17,0
p17_s146_cross,17,point,46,17,17,17,0
p17_s146_cross,17,point,47,17,17,17,0
p17_s146_cross,17,point,48,17,17,17,0
p17_s146_cross,17,point,49,17,17,17,0
p17_s146_cross,17,point,50,17,17,17,0
p17_s146_cross,17,point,51,17,17,17,0
p17_s146_cross,17,point,52,17,17,17,0
p17_s146_cross,17,point,53,17,17,17,0
p17_s146_cross,17,point,54,17,17,17,0
p17_s146_cross,17,point,55,17,17,17,0
p17_s146_cross,17,point,56,17,17,17,0
p17_s146_cross,17,point,57,17,17,17,0
p17_s146_cross,17,point,58,17,17,17,0
p17_s146_cross,17,point,59,17,17,17,0
p17_s146_cross,17,profile,0,1,1,1,1
p17_s146_cross,17,profile,1,1,1,1,1
p17_s146_cross,17,profile,2,1,1,1,1
p17_s146_cross,17,profile,3,1,1,1,1
p17_s146_cross,17,profile,4,1,1,1,1
p17_s146_cross,17,profile,5,1,1,1,1
p17_s146_cross,17,profile,6,1,1,1,1
p17_s146_cross,17,profile,7,1,1,1,1
p17_s146_cross,17,profile,8,1,1,1,0
p17_s146_cross,17,profile,9,1,1,1,0
p17_s146_cross,17,profile,10,1,1,1,0
p17_s146_cross,17,profile,11,1,1,1,0
p17_s146_cross,17,profile,12,1,1,1,0
p17_s146_cross,17,profile,13,1,1,1,0
p17_s146_cross,17,profile,14,1,1,1,0
p17_s146_cross,17,profile,15,1,1,1,0
p17_s146_cross,17,profile,16,1,1,1,0
p17_s146_cross,17,profile,17,1,1,1,0
p17_s146_cross,17,profile,18,1,1,1,0
p17_s146_cross,17,profile,19,1,1,1,0
p17_s146_cross,17,profile,20,1,1,1,0
p17_s146_cross,17,profile,21,1,1,1,0
p17_s146_cross,17,profile,22,1,1,1,0
p17_s146_cross,17,profile,23,1,1,1,0
p17_s146_cross,17,profile,24,1,1,1,0
p17_s146_cross,17,profile,25,1,1,1,0
p17_s146_cross,17,profile,26,1,1,1,0
p17_s146_cross,17,profile,27,1,1,1,0
p17_s146_cross,17,profile,28,1,1,1,0
p17_s146_cross,17,profile,29,1,1,1,0
p17_s146_cross,17,profile,30,1,1,1,0
p17_s146_cross,17,profile,31,1,1,1,0
p17_s146_cross,17,profile,32,1,1,1,0
p17_s146_cross,17,profile,33,1,1,1,0
p17_s146_cross,17,profile,34,1,1,1,0
p17_s146_cross,17,profile,35,1,1,1,0
p17_s146_cross,17,profile,36,1,1,1,0
p17_s146_cross,17,profile,37,1,1,1,0
p17_s146_cross,17,profile,38,1,1,1,0
p17_s146_cross,17,profile,39,1,1,1,0
p17_s146_cross,17,profile,40,1,1,1,0
p17_s146_cross,17,profile,41,1,1,1,0
p17_s146_cross,17,profile,42,1,1,1,0
p17_s146_cross,17,profile,43,1,1,1,0
p17_s146_cross,17,profile,44,1,1,1,0
p17_s146_cross,17,profile,45,1,1,1,0
p17_s146_cross,17,profile,46,1,1,1,0
p17_s146_cross,17,profile,47,1,1,1,0
p17_s146_cross,17,profile,48,1,1,1,0
p17_s146_cross,17,profile,49,1,1,1,0
p17_s146_cross,17,profile,50,1,1,1,0
p17_s146_cross,17,profile,51,1,1,1,0
p17_s146_cross,17,profile,52,1,1,1,0
p17_s146_cross,17,profile,53,1,1,1,0
p17_s146_cross,17,profile,54,1,1,1,0
p17_s146_cross,17,profile,55,1,1,1,0
p17_s146_cross,17,profile,56,1,1,1,0
p17_s146_cross,17,profile,57,1,1,1,0
p17_s146_cross,17,profile,58,1,1,1,0
p17_s146_cross,17,profile,59,1,1,1,0
p17_s147_cross,17,point,0,17,17,17,14
p17_s147_cross,17,point,1,17,17,17,14
p17_s147_cross,17,point,2,17,17,17,14
p17_s147_cross,17,point,3,17,17,17,14
p17_s147_cross,17,point,4,17,17,17,12
p17_s147_cross,17,point,5,17,17,17,11
p17_s147_cross,17,point,6,17,17,17,11
p17_s147_cross,17,point,7,17,17,17,6
p17_s147_cross,17,point,8,17,17,17,5
p17_s147_cross,17,point,9,17,17,17,3
p17_s147_cross,17,point,10,17,17,17,0
p17_s147_cross,17,point,11,17,17,17,0
p17_s147_cross,17,point,12,17,17,17,0
p17_s147_cross,17,point,13,17,17,17,0
p17_s147_cross,17,point,14,17,17,17,0
p17_s147_cross,17,point,15,17,17,17,0
p17_s147_cross,17,point,16,17,17,17,0
p17_s147_cross,17,point,17,17,17,17,0
p17_s147_cross,17,point,18,17,17,17,0
p17_s147_cross,17,point,19,17,17,17,0
p17_s147_cross,17,point,20,17,17,17,0
p17_s147_cross,17,point,21,17,17,17,0
p17_s147_cross,17,point,22,17,17,17,0
p17_s147_cross,17,point,23,17,17,17,0
p17_s147_cross,17,point,24,17,17,17,0
p17_s147_cross,17,point,25,17,17,17,0
p17_s147_cross,17,point,26,17,17,17,0
p17_s147_cross,17,point,27,17,17,17,0
p17_s147_cross,17,point,28,17,17,17,0
p17_s147_cross,17,point,29,17,17,17,0
p17_s147_cross,17,point,30,17,17,17,0
p17_s147_cross,17,point,31,17,17,17,0
p17_s147_cross,17,point,32,17,17,17,0
p17_s147_cross,17,point,33,17,17,17,0
p17_s147_cross,17,point,34,17,17,17,0
p17_s147_cross,17,point,35,17,17,17,0
p17_s147_cross,17,point,36,17,17,17,0
p17_s147_cross,17,point,37,17,17,17,0
p17_s147_cross,17,point,38,17,17,17,0
p17_s147_cross,17,point,39,17,17,17,0
p17_s147_cross,17,point,40,17,17,17,0
p17_s147_cross,17,point,41,17,17,17,0
p17_s147_cross,17,point,42,17,17,17,0
p17_s147_cross,17,point,43,17,17,17,0
p17_s147_cross,17,point,44,17,17,17,0
p17_s147_cross,17,point,45,17,17,17,0
p17_s147_cross,17,point,46,17,17,17,0
p17_s147_cross,17,point,47,17,17,17,0
p17_s147_cross,17,point,48,17,17,17,0
p17_s147_cross,17,point,49,17,17,17,0
p17_s147_cross,17,point,50,17,17,17,0
p17_s147_cross,17,point,51,17,17,17,0
p17_s147_cross,17,point,52,17,17,17,0
p17_s147_cross,17,point,53,17,17,17,0
p17_s147_cross,17,point,54,17,17,17,0
p17_s147_cross,17,point,55,17,17,17,0
p17_s147_cross,17,point,56,17,17,17,0
p17_s147_cross,17,point,57,17,17,17,0
p17_s147_cross,17,point,58,17,17,17,0
p17_s147_cross,17,point,59,17,17,17,0
p17_s147_cross,17,profile,0,1,1,1,1
p17_s147_cross,17,profile,1,1,1,1,1
p17_s147_cross,17,profile,2,1,1,1,1
p17_s147_cross,17,profile,3,1,1,1,1
p17_s147_cross,17,profile,4,1,1,1,1
p17_s147_cross,17,profile,5,1,1,1,1
p17_s147_cross,17,profile,6,1,1,1,0
p17_s147_cross,17,profile,7,1,1,1,0
p17_s147_cross,17,profile,8,1,1,1,0
p17_s147_cross,17,profile,9,1,1,1,0
p17_s147_cross,17,profile,10,1,1,1,0
p17_s147_cross,17,profile,11,1,1,1,0
p17_s147_cross,17,profile,12,1,1,1,0
p17_s147_cross,17,profile,13,1,1,1,0
p17_s147_cross,17,profile,14,1,1,1,0
p17_s147_cross,17,profile,15,1,1,1,0
p17_s147_cross,17,profile,16,1,1,1,0
p17_s147_cross,17,profile,17,1,1,1,0
p17_s147_cross,17,profile,18,1,1,1,0
p17_s147_cross,17,profile,19,1,1,1,0
p17_s147_cross,17,profile,20,1,1,1,0
p17_s147_cross,17,profile,21,1,1,1,0
p17_s147_cross,17,profile,22,1,1,1,0
p17_s147_cross,17,profile,23,1,1,1,0
p17_s147_cross,17,profile,24,1,1,1,0
p17_s147_cross,17,profile,25,1,1,1,0
p17_s147_cross,17,profile,26,1,1,1,0
p17_s147_cross,17,profile,27,1,1,1,0
p17_s147_cross,17,profile,28,1,1,1,0
p17_s147_cross,17,profile,29,1,1,1,0
p17_s147_cross,17,profile,30,1,1,1,0
p17_s147_cross,17,profile,31,1,1,1,0
p17_s147_cross,17,profile,32,1,1,1,0
p17_s147_cross,17,profile,33,1,1,1,0
p17_s147_cross,17,profile,34,1,1,1,0
p17_s147_cross,17,profile,35,1,1,1,0
p17_s147_cross,17,profile,36,1,1,1,0
p17_s147_cross,17,profile,37,1,1,1,0
p17_s147_cross,17,profile,38,1,1,1,0
p17_s147_cross,17,profile,39,1,1,1,0
p17_s147_cross,17,profile,40,1,1,1,0
p17_s147_cross,17,profile,41,1,1,1,0
p17_s147_cross,17,profile,42,1,1,1,0
p17_s147_cross,17,profile,43,1,1,1,0
p17_s147_cross,17,profile,44,1,1,1,0
p17_s147_cross,17,profile,45,1,1,1,0
p17_s147_cross,17,profile,46,1,1,1,0
p17_s147_cross,17,profile,47,1,1,1,0
p17_s147_cross,17,profile,48,1,1,1,0
p17_s147_cross,17,profile,49,1,1,1,0
p17_s147_cross,17,profile,50,1,1,1,0
p17_s147_cross,17,profile,51,1,1,1,0
p17_s147_cross,17,profile,52,1,1,1,0
p17_s147_cross,17,profile,53,1,1,1,0
p17_s147_cross,17,profile,54,1,1,1,0
p17_s147_cross,17,profile,55,1,1,1,0
p17_s147_cross,17,profile,56,1,1,1,0
p17_s147_cross,17,profile,57,1,1,1,0
p17_s147_cross,17,profile,58,1,1,1,0
p17_s147_cross,17,profile,59,1,1,1,0
p17_s148_cross,17,point,0,17,17,17,17
p17_s148_cross,17,point,1,17,17,17,17
p17_s148_cross,17,point,2,17,17,17,17
p17_s148_cross,17,point,3,17,17,17,17
p17_s148_cross,17,point,4,17,17,17,17
p17_s148_cross,17,point,5,17,17,17,17
p17_s148_cross,17,point,6,17,17,17,17
p17_s148_cross,17,point,7,17,17,17,17
p17_s148_cross,17,point,8,17,17,17,8
p17_s148_cross,17,point,9,17,17,17,0
p17_s148_cross,17,point,10,17,17,17,0
p17_s148_cross,17,point,11,17,17,17,0
p17_s148_cross,17,point,12,17,17,17,0
p17_s148_cross,17,point,13,17,17,17,0
p17_s148_cross,17,point,14,17,17,17,0
p17_s148_cross,17,point,15,17,17,17,0
p17_s148_cross,17,point,16,17,17,17,0
p17_s148_cross,17,point,17,17,17,17,0
p17_s148_cross,17,point,18,17,17,17,0
p17_s148_cross,17,point,19,17,17,17,0
p17_s148_cross,17,point,20,17,17,17,0
p17_s148_cross,17,point,21,17,17,17,0
p17_s148_cross,17,point,22,17,17,17,0
p17_s148_cross,17,point,23,17,17,17,0
p17_s148_cross,17,point,24,17,17,17,0
p17_s148_cross,17,point,25,17,17,17,0
p17_s148_cross,17,point,26,17,17,17,0
p17_s148_cross,17,point,27,17,17,17,0
p17_s148_cross,17,point,28,17,17,17,0
p17_s148_cross,17,point,29,17,17,17,0
p17_s148_cross,17,point,30,17,17,17,0
p17_s148_cross,17,point,31,17,17,17,0
p17_s148_cross,17,point,32,17,17,17,0
p17_s148_cross,17,point,33,17,17,17,0
p17_s148_cross,17,point,34,17,17,17,0
p17_s148_cross,17,point,35,17,17,17,0
p17_s148_cross,17,point,36,17,17,17,0
p17_s148_cross,17,point,37,17,17,17,0
p17_s148_cross,17,point,38,17,17,17,0
p17_s148_cross,17,point,39,17,17,17,0
p17_s148_cross,17,point,40,17,17,17,0
p17_s148_cross,17,point,41,17,17,17,0
p17_s148_cross,17,point,42,17,17,17,0
p17_s148_cross,17,point,43,17,17,17,0
p17_s148_cross,17,point,44,17,17,17,0
p17_s148_cross,17,point,45,17,17,17,0
p17_s148_cross,17,point,46,17,17,17,0
p17_s148_cross,17,point,47,17,17,17,0
p17_s148_cross,17,point,48,17,17,17,0
p17_s148_cross,17,point,49,17,17,17,0
p17_s148_cross,17,point,50,17,17,17,0
p17_s148_cross,17,point,51,17,17,17,0
p17_s148_cross,17,point,52,17,17,17,0
p17_s148_cross,17,point,53,17,17,17,0
p17_s148_cross,17,point,54,17,17,17,0
p17_s148_cross,17,point,55,17,17,17,0
p17_s148_cross,17,point,56,17,17,17,0
p17_s148_cross,17,point,57,17,17,17,0
p17_s148_cross,17,point,58,17,17,17,0
p17_s148_cross,17,point,59,17,17,17,0
p17_s148_cross,17,profile,0,1,1,1,1
p17_s148_cross,17,profile,1,1,1,1,1
p17_s148_cross,17,profile,2,1,1,1,1
p17_s148_cross,17,profile,3,1,1,1,1
p17_s148_cross,17,profile,4,1,1,1,1
p17_s148_cross,17,profile,5,1,1,1,1
p17_s148_cross,17,profile,6,1,1,1,1
p17_s148_cross,17,profile,7,1,1,1,1
p17_s148_cross,17,profile,8,1,1,1,0
p17_s148_cross,17,profile,9,1,1,1,0
p17_s148_cross,17,profile,10,1,1,1,0
p17_s148_cross,17,profile,11,1,1,1,0
p17_s148_cross,17,profile,12,1,1,1,0
p17_s148_cross,17,profile,13,1,1,1,0
p17_s148_cross,17,profile,14,1,1,1,0
p17_s148_cross,17,profile,15,1,1,1,0
p17_s148_cross,17,profile,16,1,1,1,0
p17_s148_cross,17,profile,17,1,1,1,0
p17_s148_cross,17,profile,18,1,1,1,0
p17_s148_cross,17,profile,19,1,1,1,0
p17_s148_cross,17,profile,20,1,1,1,0
p17_s148_cross,17,profile,21,1,1,1,0
p17_s148_cross,17,profile,22,1,1,1,0
p17_s148_cross,17,profile,23,1,1,1,0
p17_s148_cross,17,profile,24,1,1,1,0
p17_s148_cross,17,profile,25,1,1,1,0
p17_s148_cross,17,profile,26,1,1,1,0
p17_s148_cross,17,profile,27,1,1,1,0
p17_s148_cross,17,profile,28,1,1,1,0
p17_s148_cross,17,profile,29,1,1,1,0
p17_s148_cross,17,profile,30,1,1,1,0
p17_s148_cross,17,profile,31,1,1,1,0
p17_s148_cross,17,profile,32,1,1,1,0
p17_s148_cross,17,profile,33,1,1,1,0
p17_s148_cross,17,profile,34,1,1,1,0
p17_s148_cross,17,profile,35,1,1,1,0
p17_s148_cross,17,profile,36,1,1,1,0
p17_s148_cross,17,profile,37,1,1,1,0
p17_s148_cross,17,profile,38,1,1,1,0
p17_s148_cross,17,profile,39,1,1,1,0
p17_s148_cross,17,profile,40,1,1,1,0
p17_s148_cross,17,profile,41,1,1,1,0
p17_s148_cross,17,profile,42,1,1,1,0
p17_s148_cross,17,profile,43,1,1,1,0
p17_s148_cross,17,profile,44,1,1,1,0
p17_s148_cross,17,profile,45,1,1,1,0
p17_s148_cross,17,profile,46,1,1,1,0
p17_s148_cross,17,profile,47,1,1,1,0
p17_s148_cross,17,profile,48,1,1,1,0
p17_s148_cross,17,profile,49,1,1,1,0
p17_s148_cross,17,profile,50,1,1,1,0
p17_s148_cross,17,profile,51,1,1,1,0
p17_s148_cross,17,profile,52,1,1,1,0
p17_s148_cross,17,profile,53,1,1,1,0
p17_s148_cross,17,profile,54,1,1,1,0
p17_s148_cross,17,profile,55,1,1,1,0
p17_s148_cross,17,profile,56,1,1,1,0
p17_s148_cross,17,profile,57,1,1,1,0
p17_s148_cross,17,profile,58,1,1,1,0
p17_s148_cross,17,profile,59,1,1,1,0
p17_s149_cross,17,point,0,17,17,17,17
p17_s149_cross,17,point,1,17,17,17,17
p17_s149_cross,17,point,2,17,17,17,17
p17_s149_cross,17,point,3,17,17,17,17
p17_s149_cross,17,point,4,17,17,17,17
p17_s149_cross,17,point,5,17,17,17,17
p17_s149_cross,17,point,6,17,17,17,17
p17_s149_cross,17,point,7,17,17,17,17
p17_s149_cross,17,point,8,17,17,17,17
p17_s149_cross,17,point,9,17,17,17,0
p17_s149_cross,17,point,10,17,17,17,0
p17_s149_cross,17,point,11,17,17,17,0
p17_s149_cross,17,point,12,17,17,17,0
p17_s149_cross,17,point,13,17,17,17,0
p17_s149_cross,17,point,14,17,17,17,0
p17_s149_cross,17,point,15,17,17,17,0
p17_s149_cross,17,point,16,17,17,17,0
p17_s149_cross,17,point,17,17,17,17,0
p17_s149_cross,17,point,18,17,17,17,0
p17_s149_cross,17,point,19,17,17,17,0
p17_s149_cross,17,point,20,17,17,17,0
p17_s149_cross,17,point,21,17,17,17,0
p17_s149_cross,17,point,22,17,17,17,0
p17_s149_cross,17,point,23,17,17,17,0
p17_s149_cross,17,point,24,17,17,17,0
p17_s149_cross,17,point,25,17,17,17,0
p17_s149_cross,17,point,26,17,17,17,0
p17_s149_cross,17,point,27,17,17,17,0
p17_s149_cross,17,point,28,17,17,17,0
p17_s149_cross,17,point,29,17,17,17,0
p17_s149_cross,17,point,30,17,17,17,0
p17_s149_cross,17,point,31,17,17,17,0
p17_s149_cross,17,point,32,17,17,17,0
p17_s149_cross,17,point,33,17,17,17,0
p17_s149_cross,17,point,34,17,17,17,0
p17_s149_cross,17,point,35,17,17,17,0
p17_s149_cross,17,point,36,17,17,17,0
p17_s149_cross,17,point,37,17,17,17,0
p17_s149_cross,17,point,38,17,17,17,0
p17_s149_cross,17,point,39,17,17,17,0
p17_s149_cross,17,point,40,17,17,17,0
p17_s149_cross,17,point,41,17,17,17,0
p17_s149_cross,17,point,42,17,17,17,0
p17_s149_cross,17,point,43,17,17,17,0
p17_s149_cross,17,point,44,17,17,17,0
p17_s149_cross,17,point,45,17,17,17,0
p17_s149_cross,17,point,46,17,17,17,0
p17_s149_cross,17,point,47,17,17,17,0
p17_s149_cross,17,point,48,17,17,17,0
p17_s149_cross,17,point,49,17,17,17,0
p17_s149_cross,17,point,50,17,17,17,0
p17_s149_cross,17,point,51,17,17,17,0
p17_s149_cross,17,point,52,17,17,17,0
p17_s149_cross,17,point,53,17,17,17,0
p17_s149_cross,17,point,54,17,17,17,0
p17_s149_cross,17,point,55,17,17,17,0
p17_s149_cross,17,point,56,17,17,17,0
p17_s149_cross,17,point,57,17,17,17,0
p17_s149_cross,17,point,58,17,17,17,0
p17_s149_cross,17,point,59,17,17,17,0
p17_s149_cross,17,profile,0,1,1,1,1
p17_s149_cross,17,profile,1,1,1,1,1
p17_s149_cross,17,profile,2,1,1,1,1
p17_s149_cross,17,profile,3,1,1,1,1
p17_s149_cross,17,profile,4,1,1,1,1
p17_s149_cross,17,profile,5,1,1,1,1
p17_s149_cross,17,profile,6,1,1,1,1
p17_s149_cross,17,profile,7,1,1,1,1
p17_s149_cross,17,profile,8,1,1,1,1
p17_s149_cross,17,profile,9,1,1,1,0
p17_s149_cross,17,profile,10,1,1,1,0
p17_s149_cross,17,profile,11,1,1,1,0
p17_s149_cross,17,profile,12,1,1,1,0
p17_s149_cross,17,profile,13,1,1,1,0
p17_s149_cross,17,profile,14,1,1,1,0
p17_s149_cross,17,profile,15,1,1,1,0
p17_s149_cross,17,profile,16,1,1,1,0
p17_s149_cross,17,profile,17,1,1,1,0
p17_s149_cross,17,profile,18,1,1,1,0
p17_s149_cross,17,profile,19,1,1,1,0
p17_s149_cross,17,profile,20,1,1,1,0
p17_s149_cross,17,profile,21,1,1,1,0
p17_s149_cross,17,profile,22,1,1,1,0
p17_s149_cross,17,profile,23,1,1,1,0
p17_s149_cross,17,profile,24,1,1,1,0
p17_s149_cross,17,profile,25,1,1,1,0
p17_s149_cross,17,profile,26,1,1,1,0
p17_s149_cross,17,profile,27,1,1,1,0
p17_s149_cross,17,profile,28,1,1,1,0
p17_s149_cross,17,profile,29,1,1,1,0
p17_s149_cross,17,profile,30,1,1,1,0
p17_s149_cross,17,profile,31,1,1,1,0
p17_s149_cross,17,profile,32,1,1,1,0
p17_s149_cross,17,profile,33,1,1,1,0
p17_s149_cross,17,profile,34,1,1,1,0
p17_s149_cross,17,profile,35,1,1,1,0
p17_s149_cross,17,profile,36,1,1,1,0
p17_s149_cross,17,profile,37,1,1,1,0
p17_s149_cross,17,profile,38,1,1,1,0
p17_s149_cross,17,profile,39,1,1,1,0
p17_s149_cross,17,profile,40,1,1,1,0
p17_s149_cross,17,profile,41,1,1,1,0
p17_s149_cross,17,profile,42,1,1,1,0
p17_s149_cross,17,profile,43,1,1,1,0
p17_s149_cross,17,profile,44,1,1,1,0
p17_s149_cross,17,profile,45,1,1,1,0
p17_s149_cross,17,profile,46,1,1,1,0
p17_s149_cross,17,profile,47,1,1,1,0
p17_s149_cross,17,profile,48,1,1,1,0
p17_s149_cross,17,profile,49,1,1,1,0
p17_s149_cross,17,profile,50,1,1,1,0
p17_s149_cross,17,profile,51,1,1,1,0
p17_s149_cross,17,profile,52,1,1,1,0
p17_s149_cross,17,profile,53,1,1,1,0
p17_s149_cross,17,profile,54,1,1,1,0
p17_s149_cross,17,profile,55,1,1,1,0
p17_s149_cross,17,profile,56,1,1,1,0
p17_s149_cross,17,profile,57,1,1,1,0
p17_s149_cross,17,profile,58,1,1,1,0
p17_s149_cross,17,profile,59,1,1,1,0
p23_s100_cross,23,point,0,23,23,23,23
p23_s100_cross,23,point,1,23,23,23,23
p23_s100_cross,23,point,2,23,23,23,23
p23_s100_cross,23,point,3,23,23,23,23
p23_s100_cross,23,point,4,23,23,23,23
p23_s100_cross,23,point,5,23,23,23,23
p23_s100_cross,23,point,6,23,23,23,23
p23_s100_cross,23,point,7,23,23,23,23
p23_s100_cross,23,point,8,23,23,23,0
p23_s100_cross,23,point,9,23,23,23,0
p23_s100_cross,23,point,10,23,23,23,0
p23_s100_cross,23,point,11,23,23,23,0
p23_s100_cross,23,point,12,23,23,23,0
p23_s100_cross,23,point,13,23,23,23,0
p23_s100_cross,23,point,14,23,23,23,0
p23_s100_cross,23,point,15,23,23,23,0
p23_s100_cross,23,point,16,23,23,23,0
p23_s100_cross,23,point,17,23,23,23,0
p23_s100_cross,23,point,18,23,23,23,0
p23_s100_cross,23,point,19,23,23,23,0
p23_s100_cross,23,point,20,23,23,23,0
p23_s100_cross,23,point,21,23,23,23,0
p23_s100_cross,23,point,22,23,23,23,0
p23_s100_cross,23,point,23,23,23,23,0
p23_s100_cross,23,point,24,23,23,23,0
p23_s100_cross,23,point,25,23,23,23,0
p23_s100_cross,23,point,26,23,23,23,0
p23_s100_cross,23,point,27,23,23,23,0
p23_s100_cross,23,point,28,23,23,23,0
p23_s100_cross,23,point,29,23,23,23,0
p23_s100_cross,23,point,30,23,23,23,0
p23_s100_cross,23,point,31,23,23,23,0
p23_s100_cross,23,point,32,23,23,23,0
p23_s100_cross,23,point,33,23,23,23,0
p23_s100_cross,23,point,34,23,23,23,0
p23_s100_cross,23,point,35,23,23,23,0
p23_s100_cross,23,point,36,23,23,23,0
p23_s100_cross,23,point,37,23,23,23,0
p23_s100_cross,23,point,38,23,23,23,0
p23_s100_cross,23,point,39,23,23,23,0
p23_s100_cross,23,point,40,23,23,23,0
p23_s100_cross,23,point,41,23,23,23,0
p23_s100_cross,23,point,42,23,23,23,0
p23_s100_cross,23,point,43,23,23,23,0
p23_s100_cross,23,point,44,23,23,23,0
p23_s100_cross,23,point,45,23,23,23,0
p23_s100_cross,23,point,46,23,23,23,0
p23_s100_cross,23,point,47,23,23,23,0
p23_s100_cross,23,point,48,23,23,23,0
p23_s100_cross,23,point,49,23,23,23,0
p23_s100_cross,23,point,50,23,23,23,0
p23_s100_cross,23,point,51,23,23,23,0
p23_s100_cross,23,point,52,23,23,23,0
p23_s100_cross,23,point,53,23,23,23,0
p23_s100_cross,23,point,54,23,23,23,0
p23_s100_cross,23,point,55,23,23,23,0
p23_s100_cross,23,point,56,23,23,23,0
p23_s100_cross,23,point,57,23,23,23,0
p23_s100_cross,23,point,58,23,23,23,0
p23_s100_cross,23,point,59,23,23,23,0
p23_s100_cross,23,profile,0,1,1,1,1
p23_s100_cross,23,profile,1,1,1,1,1
p23_s100_cross,23,profile,2,1,1,1,1
p23_s100_cross,23,profile,3,1,1,1,1
p23_s100_cross,23,profile,4,1,1,1,1
p23_s100_cross,23,profile,5,1,1,1,1
p23_s100_cross,23,profile,6,1,1,1,1
p23_s100_cross,23,profile,7,1,1,1,1
p23_s100_cross,23,profile,8,1,1,1,0
p23_s100_cross,23,profile,9,1,1,1,0
p23_s100_cross,23,profile,10,1,1,1,0
p23_s100_cross,23,profile,11,1,1,1,0
p23_s100_cross,23,profile,12,1,1,1,0
p23_s100_cross,23,profile,13,1,1,1,0
p23_s100_cross,23,profile,14,1,1,1,0
p23_s100_cross,23,profile,15,1,1,1,0
p23_s100_cross,23,profile,16,1,1,1,0
p23_s100_cross,23,profile,17,1,1,1,0
p23_s100_cross,23,profile,18,1,1,1,0
p23_s100_cross,23,profile,19,1,1,1,0
p23_s100_cross,23,profile,20,1,1,1,0
p23_s100_cross,23,profile,21,1,1,1,0
p23_s100_cross,23,profile,22,1,1,1,0
p23_s100_cross,23,profile,23,1,1,1,0
p23_s100_cross,23,profile,24,1,1,1,0
p23_s100_cross,23,profile,25,1,1,1,0
p23_s100_cross,23,profile,26,1,1,1,0
p23_s100_cross,23,profile,27,1,1,1,0
p23_s100_cross,23,profile,28,1,1,1,0
p23_s100_cross,23,profile,29,1,1,1,0
p23_s100_cross,23,profile,30,1,1,1,0
p23_s100_cross,23,profile,31,1,1,1,0
p23_s100_cross,23,profile,32,1,1,1,0
p23_s100_cross,23,profile,33,1,1,1,0
p23_s100_cross,23,profile,34,1,1,1,0
p23_s100_cross,23,profile,35,1,1,1,0
p23_s100_cross,23,profile,36,1,1,1,0
p23_s100_cross,23,profile,37,1,1,1,0
p23_s100_cross,23,profile,38,1,1,1,0
p23_s100_cross,23,profile,39,1,1,1,0
p23_s100_cross,23,profile,40,1,1,1,0
p23_s100_cross,23,profile,41,1,1,1,0
p23_s100_cross,23,profile,42,1,1,1,0
p23_s100_cross,23,profile,43,1,1,1,0
p23_s100_cross,23,profile,44,1,1,1,0
p23_s100_cross,23,profile,45,1,1,1,0
p23_s100_cross,23,profile,46,1,1,1,0
p23_s100_cross,23,profile,47,1,1,1,0
p23_s100_cross,23,profile,48,1,1,1,0
p23_s100_cross,23,profile,49,1,1,1,0
p23_s100_cross,23,profile,50,1,1,1,0
p23_s100_cross,23,profile,51,1,1,1,0
p23_s100_cross,23,profile,52,1,1,1,0
p23_s100_cross,23,profile,53,1,1,1,0
p23_s100_cross,23,profile,54,1,1,1,0
p23_s100_cross,23,profile,55,1,1,1,0
p23_s100_cross,23,profile,56,1,1,1,0
p23_s100_cross,23,profile,57,1,1,1,0
p23_s100_cross,23,profile,58,1,1,1,0
p23_s100_cross,23,profile,59,1,1,1,0
p23_s101_cross,23,point,0,23,23,23,23
p23_s101_cross,23,point,1,23,23,23,23
p23_s101_cross,23,point,2,23,23,23,23
p23_s101_cross,23,point,3,23,23,23,23
p23_s101_cross,23,point,4,23,23,23,23
p23_s101_cross,23,point,5,23,23,23,23
p23_s101_cross,23,point,6,23,23,23,23
p23_s101_cross,23,point,7,23,23,23,23
p23_s101_cross,23,point,8,23,23,23,19
p23_s101_cross,23,point,9,23,23,23,0
p23_s101_cross,23,point,10,23,23,23,0
p23_s101_cross,23,point,11,23,23,23,0
p23_s101_cross,23,point,12,23,23,23,0
p23_s101_cross,23,point,13,23,23,23,0
p23_s101_cross,23,point,14,23,23,23,0
p23_s101_cross,23,point,15,23,23,23,0
p23_s101_cross,23,point,16,23,23,23,0
p23_s101_cross,23,point,17,23,23,23,0
p23_s101_cross,23,point,18,23,23,23,0
p23_s101_cross,23,point,19,23,23,23,0
p23_s101_cross,23,point,20,23,23,23,0
p23_s101_cross,23,point,21,23,23,23,0
p23_s101_cross,23,point,22,23,23,23,0
p23_s101_cross,23,point,23,23,23,23,0
p23_s101_cross,23,point,24,23,23,23,0
p23_s101_cross,23,point,25,23,23,23,0
p23_s101_cross,23,point,26,23,23,23,0
p23_s101_cross,23,point,27,23,23,23,0
p23_s101_cross,23,point,28,23,23,23,0
p23_s101_cross,23,point,29,23,23,23,0
p23_s101_cross,23,point,30,23,23,23,0
p23_s101_cross,23,point,31,23,23,23,0
p23_s101_cross,23,point,32,23,23,23,0
p23_s101_cross,23,point,33,23,23,23,0
p23_s101_cross,23,point,34,23,23,23,0
p23_s101_cross,23,point,35,23,23,23,0
p23_s101_cross,23,point,36,23,23,23,0
p23_s101_cross,23,point,37,23,23,23,0
p23_s101_cross,23,point,38,23,23,23,0
p23_s101_cross,23,point,39,23,23,23,0
p23_s101_cross,23,point,40,23,23,23,0
p23_s101_cross,23,point,41,23,23,23,0
p23_s101_cross,23,point,42,23,23,23,0
p23_s101_cross,23,point,43,23,23,23,0
p23_s101_cross,23,point,44,23,23,23,0
p23_s101_cross,23,point,45,23,23,23,0
p23_s101_cross,23,point,46,23,23,23,0
p23_s101_cross,23,point,47,23,23,23,0
p23_s101_cross,23,point,48,23,23,23,0
p23_s101_cross,23,point,49,23,23,23,0
p23_s101_cross,23,point,50,23,23,23,0
p23_s101_cross,23,point,51,23,23,23,0
p23_s101_cross,23,point,52,23,23,23,0
p23_s101_cross,23,point,53,23,23,23,0
p23_s101_cross,23,point,54,23,23,23,0
p23_s101_cross,23,point,55,23,23,23,0
p23_s101_cross,23,point,56,23,23,23,0
p23_s101_cross,23,point,57,23,23,23,0
p23_s101_cross,23,point,58,23,23,23,0
p23_s101_cross,23,point,59,23,23,23,0
p23_s101_cross,23,profile,0,1,1,1,1
p23_s101_cross,23,profile,1,1,1,1,1
p23_s101_cross,23,profile,2,1,1,1,1
p23_s101_cross,23,profile,3,1,1,1,1
p23_s101_cross,23,profile,4,1,1,1,1
p23_s101_cross,23,profile,5,1,1,1,1
p23_s101_cross,23,profile,6,1,1,1,1
p23_s101_cross,23,profile,7,1,1,1,1
p23_s101_cross,23,profile,8,1,1,1,1
p23_s101_cross,23,profile,9,1,1,1,0
p23_s101_cross,23,profile,10,1,1,1,0
p23_s101_cross,23,profile,11,1,1,1,0
p23_s101_cross,23,profile,12,1,1,1,0
p23_s101_cross,23,profile,13,1,1,1,0
p23_s101_cross,23,profile,14,1,1,1,0
p23_s101_cross,23,profile,15,1,1,1,0
p23_s101_cross,23,profile,16,1,1,1,0
p23_s101_cross,23,profile,17,1,1,1,0
p23_s101_cross,23,profile,18,1,1,1,0
p23_s101_cross,23,profile,19,1,1,1,0
p23_s101_cross,23,profile,20,1,1,1,0
p23_s101_cross,23,profile,21,1,1,1,0
p23_s101_cross,23,profile,22,1,1,1,0
p23_s101_cross,23,profile,23,1,1,1,0
p23_s101_cross,23,profile,24,1,1,1,0
p23_s101_cross,23,profile,25,1,1,1,0
p23_s101_cross,23,profile,26,1,1,1,0
p23_s101_cross,23,profile,27,1,1,1,0
p23_s101_cross,23,profile,28,1,1,1,0
p23_s101_cross,23,profile,29,1,1,1,0
p23_s101_cross,23,profile,30,1,1,1,0
p23_s101_cross,23,profile,31,1,1,1,0
p23_s101_cross,23,profile,32,1,1,1,0
p23_s101_cross,23,profile,33,1,1,1,0
p23_s101_cross,23,profile,34,1,1,1,0
p23_s101_cross,23,profile,35,1,1,1,0
p23_s101_cross,23,profile,36,1,1,1,0
p23_s101_cross,23,profile,37,1,1,1,0
p23_s101_cross,23,profile,38,1,1,1,0
p23_s101_cross,23,profile,39,1,1,1,0
p23_s101_cross,23,profile,40,1,1,1,0
p23_s101_cross,23,profile,41,1,1,1,0
p23_s101_cross,23,profile,42,1,1,1,0
p23_s101_cross,23,profile,43,1,1,1,0
p23_s101_cross,23,profile,44,1,1,1,0
p23_s101_cross,23,profile,45,1,1,1,0
p23_s101_cross,23,profile,46,1,1,1,0
p23_s101_cross,23,profile,47,1,1,1,0
p23_s101_cross,23,profile,48,1,1,1,0
p23_s101_cross,23,profile,49,1,1,1,0
p23_s101_cross,23,profile,50,1,1,1,0
p23_s101_cross,23,profile,51,1,1,1,0
p23_s101_cross,23,profile,52,1,1,1,0
p23_s101_cross,23,profile,53,1,1,1,0
p23_s101_cross,23,profile,54,1,1,1,0
p23_s101_cross,23,profile,55,1,1,1,0
p23_s101_cross,23,profile,56,1,1,1,0
p23_s101_cross,23,profile,57,1,1,1,0
p23_s101_cross,23,profile,58,1,1,1,0
p23_s101_cross,23,profile,59,1,1,1,0
p23_s102_cross,23,point,0,23,23,23,22
p23_s102_cross,23,point,1,23,23,23,22
p23_s102_cross,23,point,2,23,23,23,20
p23_s102_cross,23,point,3,23,23,23,18
p23_s102_cross,23,point,4,23,23,23,17
p23_s102_cross,23,point,5,23,23,23,14
p23_s102_cross,23,point,6,23,23,23,12
p23_s102_cross,23,point,7,23,23,23,10
p23_s102_cross,23,point,8,23,23,23,9
p23_s102_cross,23,point,9,23,23,23,7
p23_s102_cross,23,point,10,23,23,23,1
p23_s102_cross,23,point,11,23,23,23,0
p23_s102_cross,23,point,12,23,23,23,0
p23_s102_cross,23,point,13,23,23,23,0
p23_s102_cross,23,point,14,23,23,23,0
p23_s102_cross,23,point,15,23,23,23,0
p23_s102_cross,23,point,16,23,23,23,0
p23_s102_cross,23,point,17,23,23,23,0
p23_s102_cross,23,point,18,23,23,23,0
p23_s102_cross,23,point,19,23,23,23,0
p23_s102_cross,23,point,20,23,23,23,0
p23_s102_cross,23,point,21,23,23,23,0
p23_s102_cross,23,point,22,23,23,23,0
p23_s102_cross,23,point,23,23,23,23,0
p23_s102_cross,23,point,24,23,23,23,0
p23_s102_cross,23,point,25,23,23,23,0
p23_s102_cross,23,point,26,23,23,23,0
p23_s102_cross,23,point,27,23,23,23,0
p23_s102_cross,23,point,28,23,23,23,0
p23_s102_cross,23,point,29,23,23,23,0
p23_s102_cross,23,point,30,23,23,23,0
p23_s102_cross,23,point,31,23,23,23,0
p23_s102_cross,23,point,32,23,23,23,0
p23_s102_cross,23,point,33,23,23,23,0
p23_s102_cross,23,point,34,23,23,23,0
p23_s102_cross,23,point,35,23,23,23,0
p23_s102_cross,23,point,36,23,23,23,0
p23_s102_cross,23,point,37,23,23,23,0
p23_s102_cross,23,point,38,23,23,23,0
p23_s102_cross,23,point,39,23,23,23,0
p23_s102_cross,23,point,40,23,23,23,0
p23_s102_cross,23,point,41,23,23,23,0
p23_s102_cross,23,point,42,23,23,23,0
p23_s102_cross,23,point,43,23,23,23,0
p23_s102_cross,23,point,44,23,23,23,0
p23_s102_cross,23,point,45,23,23,23,0
p23_s102_cross,23,point,46,23,23,23,0
p23_s102_cross,23,point,47,23,23,23,0
p23_s102_cross,23,point,48,23,23,23,0
p23_s102_cross,23,point,49,23,23,23,0
p23_s102_cross,23,point,50,23,23,23,0
p23_s102_cross,23,point,51,23,23,23,0
p23_s102_cross,23,point,52,23,23,23,0
p23_s102_cross,23,point,53,23,23,23,0
p23_s102_cross,23,point,54,23,23,23,0
p23_s102_cross,23,point,55,23,23,23,0
p23_s102_cross,23,point,56,23,23,23,0
p23_s102_cross,23,point,57,23,23,23,0
p23_s102_cross,23,point,58,23,23,23,0
p23_s102_cross,23,point,59,23,23,23,0
p23_s102_cross,23,profile,0,1,1,1,1
p23_s102_cross,23,profile,1,1,1,1,1
p23_s102_cross,23,profile,2,1,1,1,1
p23_s102_cross,23,profile,3,1,1,1,1
p23_s102_cross,23,profile,4,1,1,1,1
p23_s102_cross,23,profile,5,1,1,1,1
p23_s102_cross,23,profile,6,1,1,1,1
p23_s102_cross,23,profile,7,1,1,1,1
p23_s102_cross,23,profile,8,1,1,1,1
p23_s102_cross,23,profile,9,1,1,1,1
p23_s102_cross,23,profile,10,1,1,1,0
p23_s102_cross,23,profile,11,1,1,1,0
p23_s102_cross,23,profile,12,1,1,1,0
p23_s102_cross,23,profile,13,1,1,1,0
p23_s102_cross,23,profile,14,1,1,1,0
p23_s102_cross,23,profile,15,1,1,1,0
p23_s102_cross,23,profile,16,1,1,1,0
p23_s102_cross,23,profile,17,1,1,1,0
p23_s102_cross,23,profile,18,1,1,1,0
p23_s102_cross,23,profile,19,1,1,1,0
p23_s102_cross,23,profile,20,1,1,1,0
p23_s102_cross,23,profile,21,1,1,1,0
p23_s102_cross,23,profile,22,1,1,1,0
p23_s102_cross,23,profile,23,1,1,1,0
p23_s102_cross,23,profile,24,1,1,1,0
p23_s102_cross,23,profile,25,1,1,1,0
p23_s102_cross,23,profile,26,1,1,1,0
p23_s102_cross,23,profile,27,1,1,1,0
p23_s102_cross,23,profile,28,1,1,1,0
p23_s102_cross,23,profile,29,1,1,1,0
p23_s102_cross,23,profile,30,1,1,1,0
p23_s102_cross,23,profile,31,1,1,1,0
p23_s102_cross,23,profile,32,1,1,1,0
p23_s102_cross,23,profile,33,1,1,1,0
p23_s102_cross,23,profile,34,1,1,1,0
p23_s102_cross,23,profile,35,1,1,1,0
p23_s102_cross,23,profile,36,1,1,1,0
p23_s102_cross,23,profile,37,1,1,1,0
p23_s102_cross,23,profile,38,1,1,1,0
p23_s102_cross,23,profile,39,1,1,1,0
p23_s102_cross,23,profile,40,1,1,1,0
p23_s102_cross,23,profile,41,1,1,1,0
p23_s102_cross,23,profile,42,1,1,1,0
p23_s102_cross,23,profile,43,1,1,1,0
p23_s102_cross,23,profile,44,1,1,1,0
p23_s102_cross,23,profile,45,1,1,1,0
p23_s102_cross,23,profile,46,1,1,1,0
p23_s102_cross,23,profile,47,1,1,1,0
p23_s102_cross,23,profile,48,1,1,1,0
p23_s102_cross,23,profile,49,1,1,1,0
p23_s102_cross,23,profile,50,1,1,1,0
p23_s102_cross,23,profile,51,1,1,1,0
p23_s102_cross,23,profile,52,1,1,1,0
p23_s102_cross,23,profile,53,1,1,1,0
p23_s102_cross,23,profile,54,1,1,1,0
p23_s102_cross,23,profile,55,1,1,1,0
p23_s102_cross,23,profile,56,1,1,1,0
p23_s102_cross,23,profile,57,1,1,1,0
p23_s102_cross,23,profile,58,1,1,1,0
p23_s102_cross,23,profile,59,1,1,1,0
p23_s103_cross,23,point,0,23,23,23,23
p23_s103_cross,23,point,1,23,23,23,23
p23_s103_cross,23,point,2,23,23,23,23
p23_s103_cross,23,point,3,23,23,23,23
p23_s103_cross,23,point,4,23,23,23,23
p23_s103_cross,23,point,5,23,23,23,23
p23_s103_cross,23,point,6,23,23,23,23
p23_s103_cross,23,point,7,23,23,23,23
p23_s103_cross,23,point,8,23,23,23,23
p23_s103_cross,23,point,9,23,23,23,0
p23_s103_cross,23,point,10,23,23,23,0
p23_s103_cross,23,point,11,23,23,23,0
p23_s103_cross,23,point,12,23,23,23,0
p23_s103_cross,23,point,13,23,23,23,0
p23_s103_cross,23,point,14,23,23,23,0
p23_s103_cross,23,point,15,23,23,23,0
p23_s103_cross,23,point,16,23,23,23,0
p23_s103_cross,23,point,17,23,23,23,0
p23_s103_cross,23,point,18,23,23,23,0
p23_s103_cross,23,point,19,23,23,23,0
p23_s103_cross,23,point,20,23,23,23,0
p23_s103_cross,23,point,21,23,23,23,0
p23_s103_cross,23,point,22,23,23,23,0
p23_s103_cross,23,point,23,23,23,23,0
p23_s103_cross,23,point,24,23,23,23,0
p23_s103_cross,23,point,25,23,23,23,0
p23_s103_cross,23,point,26,23,23,23,0
p23_s103_cross,23,point,27,23,23,23,0
p23_s103_cross,23,point,28,23,23,23,0
p23_s103_cross,23,point,29,23,23,23,0
p23_s103_cross,23,point,30,23,23,23,0
p23_s103_cross,23,point,31,23,23,23,0
p23_s103_cross,23,point,32,23,23,23,0
p23_s103_cross,23,point,33,23,23,23,0
p23_s103_cross,23,point,34,23,23,23,0
p23_s103_cross,23,point,35,23,23,23,0
p23_s103_cross,23,point,36,23,23,23,0
p23_s103_cross,23,point,37,23,23,23,0
p23_s103_cross,23,point,38,23,23,23,0
p23_s103_cross,23,point,39,23,23,23,0
p23_s103_cross,23,point,40,23,23,23,0
p23_s103_cross,23,point,41,23,23,23,0
p23_s103_cross,23,point,42,23,23,23,0
p23_s103_cross,23,point,43,23,23,23,0
p23_s103_cross,23,point,44,23,23,23,0
p23_s103_cross,23,point,45,23,23,23,0
p23_s103_cross,23,point,46,23,23,23,0
p23_s103_cross,23,point,47,23,23,23,0
p23_s103_cross,23,point,48,23,23,23,0
p23_s103_cross,23,point,49,23,23,23,0
p23_s103_cross,23,point,50,23,23,23,0
p23_s103_cross,23,point,51,23,23,23,0
p23_s103_cross,23,point,52,23,23,23,0
p23_s103_cross,23,point,53,23,23,23,0
p23_s103_cross,23,point,54,23,23,23,0
p23_s103_cross,23,point,55,23,23,23,0
p23_s103_cross,23,point,56,23,23,23,0
p23_s103_cross,23,point,57,23,23,23,0
p23_s103_cross,23,point,58,23,23,23,0
p23_s103_cross,23,point,59,23,23,23,0
p23_s103_cross,23,profile,0,1,1,1,1
p23_s103_cross,23,profile,1,1,1,1,1
p23_s103_cross,23,profile,2,1,1,1,1
p23_s103_cross,23,profile,3,1,1,1,1
p23_s103_cross,23,profile,4,1,1,1,1
p23_s103_cross,23,profile,5,1,1,1,1
p23_s103_cross,23,profile,6,1,1,1,1
p23_s103_cross,23,profile,7,1,1,1,1
p23_s103_cross,23,profile,8,1,1,1,1
p23_s103_cross,23,profile,9,1,1,1,0
p23_s103_cross,23,profile,10,1,1,1,0
p23_s103_cross,23,profile,11,1,1,1,0
p23_s103_cross,23,profile,12,1,1,1,0
p23_s103_cross,23,profile,13,1,1,1,0
p23_s103_cross,23,profile,14,1,1,1,0
p23_s103_cross,23,profile,15,1,1,1,0
p23_s103_cross,23,profile,16,1,1,1,0
p23_s103_cross,23,profile,17,1,1,1,0
p23_s103_cross,23,profile,18,1,1,1,0
p23_s103_cross,23,profile,19,1,1,1,0
p23_s103_cross,23,profile,20,1,1,1,0
p23_s103_cross,23,profile,21,1,1,1,0
p23_s103_cross,23,profile,22,1,1,1,0
p23_s103_cross,23,profile,23,1,1,1,0
p23_s103_cross,23,profile,24,1,1,1,0
p23_s103_cross,23,profile,25,1,1,1,0
p23_s103_cross,23,profile,26,1,1,1,0
p23_s103_cross,23,profile,27,1,1,1,0
p23_s103_cross,23,profile,28,1,1,1,0
p23_s103_cross,23,profile,29,1,1,1,0
p23_s103_cross,23,profile,30,1,1,1,0
p23_s103_cross,23,profile,31,1,1,1,0
p23_s103_cross,23,profile,32,1,1,1,0
p23_s103_cross,23,profile,33,1,1,1,0
p23_s103_cross,23,profile,34,1,1,1,0
p23_s103_cross,23,profile,35,1,1,1,0
p23_s103_cross,23,profile,36,1,1,1,0
p23_s103_cross,23,profile,37,1,1,1,0
p23_s103_cross,23,profile,38,1,1,1,0
p23_s103_cross,23,profile,39,1,1,1,0
p23_s103_cross,23,profile,40,1,1,1,0
p23_s103_cross,23,profile,41,1,1,1,0
p23_s103_cross,23,profile,42,1,1,1,0
p23_s103_cross,23,profile,43,1,1,1,0
p23_s103_cross,23,profile,44,1,1,1,0
p23_s103_cross,23,profile,45,1,1,1,0
p23_s103_cross,23,profile,46,1,1,1,0
p23_s103_cross,23,profile,47,1,1,1,0
p23_s103_cross,23,profile,48,1,1,1,0
p23_s103_cross,23,profile,49,1,1,1,0
p23_s103_cross,23,profile,50,1,1,1,0
p23_s103_cross,23,profile,51,1,1,1,0
p23_s103_cross,23,profile,52,1,1,1,0
p23_s103_cross,23,profile,53,1,1,1,0
p23_s103_cross,23,profile,54,1,1,1,0
p23_s103_cross,23,profile,55,1,1,1,0
p23_s103_cross,23,profile,56,1,1,1,0
p23_s103_cross,23,profile,57,1,1,1,0
p23_s103_cross,23,profile,58,1,1,1,0
p23_s103_cross,23,profile,59,1,1,1,0
p23_s104_cross,23,point,0,23,23,23,23
p23_s104_cross,23,point,1,23,23,23,23
p23_s104_cross,23,point,2,23,23,23,23
p23_s104_cross,23,point,3,23,23,23,22
p23_s104_cross,23,point,4,23,23,23,22
p23_s104_cross,23,point,5,23,23,23,22
p23_s104_cross,23,point,6,23,23,23,22
p23_s104_cross,23,point,7,23,23,23,22
p23_s104_cross,23,point,8,23,23,23,22
p23_s104_cross,23,point,9,23,23,23,6
p23_s104_cross,23,point,10,23,23,23,0
p23_s104_cross,23,point,11,23,23,23,0
p23_s104_cross,23,point,12,23,23,23,0
p23_s104_cross,23,point,13,23,23,23,0
p23_s104_cross,23,point,14,23,23,23,0
p23_s104_cross,23,point,15,23,23,23,0
p23_s104_cross,23,point,16,23,23,23,0
p23_s104_cross,23,point,17,23,23,23,0
p23_s104_cross,23,point,18,23,23,23,0
p23_s104_cross,23,point,19,23,23,23,0
p23_s104_cross,23,point,20,23,23,23,0
p23_s104_cross,23,point,21,23,23,23,0
p23_s104_cross,23,point,22,23,23,23,0
p23_s104_cross,23,point,23,23,23,23,0
p23_s104_cross,23,point,24,23,23,23,0
p23_s104_cross,23,point,25,23,23,23,0
p23_s104_cross,23,point,26,23,23,23,0
p23_s104_cross,23,point,27,23,23,23,0
p23_s104_cross,23,point,28,23,23,23,0
p23_s104_cross,23,point,29,23,23,23,0
p23_s104_cross,23,point,30,23,23,23,0
p23_s104_cross,23,point,31,23,23,23,0
p23_s104_cross,23,point,32,23,23,23,0
p23_s104_cross,23,point,33,23,23,23,0
p23_s104_cross,23,point,34,23,23,23,0
p23_s104_cross,23,point,35,23,23,23,0
p23_s104_cross,23,point,36,23,23,23,0
p23_s104_cross,23,point,37,23,23,23,0
p23_s104_cross,23,point,38,23,23,23,0
p23_s104_cross,23,point,39,23,23,23,0
p23_s104_cross,23,point,40,23,23,23,0
p23_s104_cross,23,point,41,23,23,23,0
p23_s104_cross,23,point,42,23,23,23,0
p23_s104_cross,23,point,43,23,23,23,0
p23_s104_cross,23,point,44,23,23,23,0
p23_s104_cross,23,point,45,23,23,23,0
p23_s104_cross,23,point,46,23,23,23,0
p23_s104_cross,23,point,47,23,23,23,0
p23_s104_cross,23,point,48,23,23,23,0
p23_s104_cross,23,point,49,23,23,23,0
p23_s104_cross,23,point,50,23,23,23,0
p23_s104_cross,23,point,51,23,23,23,0
p23_s104_cross,23,point,52,23,23,23,0
p23_s104_cross,23,point,53,23,23,23,0
p23_s104_cross,23,point,54,23,23,23,0
p23_s104_cross,23,point,55,23,23,23,0
p23_s104_cross,23,point,56,23,23,23,0
p23_s104_cross,23,point,57,23,23,23,0
p23_s104_cross,23,point,58,23,23,23,0
p23_s104_cross,23,point,59,23,23,23,0
p23_s104_cross,23,profile,0,1,1,1,1
p23_s104_cross,23,profile,1,1,1,1,1
p23_s104_cross,23,profile,2,1,1,1,1
p23_s104_cross,23,profile,3,1,1,1,1
p23_s104_cross,23,profile,4,1,1,1,1
p23_s104_cross,23,profile,5,1,1,1,1
p23_s104_cross,23,profile,6,1,1,1,1
p23_s104_cross,23,profile,7,1,1,1,1
p23_s104_cross,23,profile,8,1,1,1,1
p23_s104_cross,23,profile,9,1,1,1,0
p23_s104_cross,23,profile,10,1,1,1,0
p23_s104_cross,23,profile,11,1,1,1,0
p23_s104_cross,23,profile,12,1,1,1,0
p23_s104_cross,23,profile,13,1,1,1,0
p23_s104_cross,23,profile,14,1,1,1,0
p23_s104_cross,23,profile,15,1,1,1,0
p23_s104_cross,23,profile,16,1,1,1,0
p23_s104_cross,23,profile,17,1,1,1,0
p23_s104_cross,23,profile,18,1,1,1,0
p23_s104_cross,23,profile,19,1,1,1,0
p23_s104_cross,23,profile,20,1,1,1,0
p23_s104_cross,23,profile,21,1,1,1,0
p23_s104_cross,23,profile,22,1,1,1,0
p23_s104_cross,23,profile,23,1,1,1,0
p23_s104_cross,23,profile,24,1,1,1,0
p23_s104_cross,23,profile,25,1,1,1,0
p23_s104_cross,23,profile,26,1,1,1,0
p23_s104_cross,23,profile,27,1,1,1,0
p23_s104_cross,23,profile,28,1,1,1,0
p23_s104_cross,23,profile,29,1,1,1,0
p23_s104_cross,23,profile,30,1,1,1,0
p23_s104_cross,23,profile,31,1,1,1,0
p23_s104_cross,23,profile,32,1,1,1,0
p23_s104_cross,23,profile,33,1,1,1,0
p23_s104_cross,23,profile,34,1,1,1,0
p23_s104_cross,23,profile,35,1,1,1,0
p23_s104_cross,23,profile,36,1,1,1,0
p23_s104_cross,23,profile,37,1,1,1,0
p23_s104_cross,23,profile,38,1,1,1,0
p23_s104_cross,23,profile,39,1,1,1,0
p23_s104_cross,23,profile,40,1,1,1,0
p23_s104_cross,23,profile,41,1,1,1,0
p23_s104_cross,23,profile,42,1,1,1,0
p23_s104_cross,23,profile,43,1,1,1,0
p23_s104_cross,23,profile,44,1,1,1,0
p23_s104_cross,23,profile,45,1,1,1,0
p23_s104_cross,23,profile,46,1,1,1,0
p23_s104_cross,23,profile,47,1,1,1,0
p23_s104_cross,23,profile,48,1,1,1,0
p23_s104_cross,23,profile,49,1,1,1,0
p23_s104_cross,23,profile,50,1,1,1,0
p23_s104_cross,23,profile,51,1,1,1,0
p23_s104_cross,23,profile,52,1,1,1,0
p23_s104_cross,23,profile,53,1,1,1,0
p23_s104_cross,23,profile,54,1,1,1,0
p23_s104_cross,23,profile,55,1,1,1,0
p23_s104_cross,23,profile,56,1,1,1,0
p23_s104_cross,23,profile,57,1,1,1,0
p23_s104_cross,23,profile,58,1,1,1,0
p23_s104_cross,23,profile,59,1,1,1,0
p23_s105_cross,23,point,0,23,23,23,22
p23_s105_cross,23,point,1,23,23,23,22
p23_s105_cross,23,point,2,23,23,23,20
p23_s105_cross,23,point,3,23,23,23,18
p23_s105_cross,23,point,4,23,23,23,14
p23_s105_cross,23,point,5,23,23,23,13
p23_s105_cross,23,point,6,23,23,23,5
p23_s105_cross,23,point,7,23,23,23,3
p23_s105_cross,23,point,8,23,23,23,1
p23_s105_cross,23,point,9,23,23,23,0
p23_s105_cross,23,point,10,23,23,23,0
p23_s105_cross,23,point,11,23,23,23,0
p23_s105_cross,23,point,12,23,23,23,0
p23_s105_cross,23,point,13,23,23,23,0
p23_s105_cross,23,point,14,23,23,23,0
p23_s105_cross,23,point,15,23,23,23,0
p23_s105_cross,23,point,16,23,23,23,0
p23_s105_cross,23,point,17,23,23,23,0
p23_s105_cross,23,point,18,23,23,23,0
p23_s105_cross,23,point,19,23,23,23,0
p23_s105_cross,23,point,20,23,23,23,0
p23_s105_cross,23,point,21,23,23,23,0
p23_s105_cross,23,point,22,23,23,23,0
p23_s105_cross,23,point,23,23,23,23,0
p23_s105_cross,23,point,24,23,23,23,0
p23_s105_cross,23,point,25,23,23,23,0
p23_s105_cross,23,point,26,23,23,23,0
p23_s105_cross,23,point,27,23,23,23,0
p23_s105_cross,23,point,28,23,23,23,0
p23_s105_cross,23,point,29,23,23,23,0
p23_s105_cross,23,point,30,23,23,23,0
p23_s105_cross,23,point,31,23,23,23,0
p23_s105_cross,23,point,32,23,23,23,0
p23_s105_cross,23,point,33,23,23,23,0
p23_s105_cross,23,point,34,23,23,23,0
p23_s105_cross,23,point,35,23,23,23,0
p23_s105_cross,23,point,36,23,23,23,0
p23_s105_cross,23,point,37,23,23,23,0
p23_s105_cross,23,point,38,23,23,23,0
p23_s105_cross,23,point,39,23,23,23,0
p23_s105_cross,23,point,40,23,23,23,0
p23_s105_cross,23,point,41,23,23,23,0
p23_s105_cross,23,point,42,23,23,23,0
p23_s105_cross,23,point,43,23,23,23,0
p23_s105_cross,23,point,44,23,23,23,0
p23_s105_cross,23,point,45,23,23,23,0
p23_s105_cross,23,point,46,23,23,23,0
p23_s105_cross,23,point,47,23,23,23,0
p23_s105_cross,23,point,48,23,23,23,0
p23_s105_cross,23,point,49,23,23,23,0
p23_s105_cross,23,point,50,23,23,23,0
p23_s105_cross,23,point,51,23,23,23,0
p23_s105_cross,23,point,52,23,23,23,0
p23_s105_cross,23,point,53,23,23,23,0
p23_s105_cross,23,point,54,23,23,23,0
p23_s105_cross,23,point,55,23,23,23,0
p23_s105_cross,23,point,56,23,23,23,0
p23_s105_cross,23,point,57,23,23,23,0
p23_s105_cross,23,point,58,23,23,23,0
p23_s105_cross,23,point,59,23,23,23,0
p23_s105_cross,23,profile,0,1,1,1,1
p23_s105_cross,23,profile,1,1,1,1,1
p23_s105_cross,23,profile,2,1,1,1,1
p23_s105_cross,23,profile,3,1,1,1,1
p23_s105_cross,23,profile,4,1,1,1,0
p23_s105_cross,23,profile,5,1,1,1,0
p23_s105_cross,23,profile,6,1,1,1,0
p23_s105_cross,23,profile,7,1,1,1,0
p23_s105_cross,23,profile,8,1,1,1,0
p23_s105_cross,23,profile,9,1,1,1,0
p23_s105_cross,23,profile,10,1,1,1,0
p23_s105_cross,23,profile,11,1,1,1,0
p23_s105_cross,23,profile,12,1,1,1,0
p23_s105_cross,23,profile,13,1,1,1,0
p23_s105_cross,23,profile,14,1,1,1,0
p23_s105_cross,23,profile,15,1,1,1,0
p23_s105_cross,23,profile,16,1,1,1,0
p23_s105_cross,23,profile,17,1,1,1,0
p23_s105_cross,23,profile,18,1,1,1,0
p23_s105_cross,23,profile,19,1,1,1,0
p23_s105_cross,23,profile,20,1,1,1,0
p23_s105_cross,23,profile,21,1,1,1,0
p23_s105_cross,23,profile,22,1,1,1,0
p23_s105_cross,23,profile,23,1,1,1,0
p23_s105_cross,23,profile,24,1,1,1,0
p23_s105_cross,23,profile,25,1,1,1,0
p23_s105_cross,23,profile,26,1,1,1,0
p23_s105_cross,23,profile,27,1,1,1,0
p23_s105_cross,23,profile,28,1,1,1,0
p23_s105_cross,23,profile,29,1,1,1,0
p23_s105_cross,23,profile,30,1,1,1,0
p23_s105_cross,23,profile,31,1,1,1,0
p23_s105_cross,23,profile,32,1,1,1,0
p23_s105_cross,23,profile,33,1,1,1,0
p23_s105_cross,23,profile,34,1,1,1,0
p23_s105_cross,23,profile,35,1,1,1,0
p23_s105_cross,23,profile,36,1,1,1,0
p23_s105_cross,23,profile,37,1,1,1,0
p23_s105_cross,23,profile,38,1,1,1,0
p23_s105_cross,23,profile,39,1,1,1,0
p23_s105_cross,23,profile,40,1,1,1,0
p23_s105_cross,23,profile,41,1,1,1,0
p23_s105_cross,23,profile,42,1,1,1,0
p23_s105_cross,23,profile,43,1,1,1,0
p23_s105_cross,23,profile,44,1,1,1,0
p23_s105_cross,23,profile,45,1,1,1,0
p23_s105_cross,23,profile,46,1,1,1,0
p23_s105_cross,23,profile,47,1,1,1,0
p23_s105_cross,23,profile,48,1,1,1,0
p23_s105_cross,23,profile,49,1,1,1,0
p23_s105_cross,23,profile,50,1,1,1,0
p23_s105_cross,23,profile,51,1,1,1,0
p23_s105_cross,23,profile,52,1,1,1,0
p23_s105_cross,23,profile,53,1,1,1,0
p23_s105_cross,23,profile,54,1,1,1,0
p23_s105_cross,23,profile,55,1,1,1,0
p23_s105_cross,23,profile,56,1,1,1,0
p23_s105_cross,23,profile,57,1,1,1,0
p23_s105_cross,23,profile,58,1,1,1,0
p23_s105_cross,23,profile,59,1,1,1,0
p23_s106_cross,23,point,0,23,23,23,23
p23_s106_cross,23,point,1,23,23,23,23
p23_s106_cross,23,point,2,23,23,23,23
p23_s106_cross,23,point,3,23,23,23,23
p23_s106_cross,23,point,4,23,23,23,23
p23_s106_cross,23,point,5,23,23,23,23
p23_s106_cross,23,point,6,23,23,23,23
p23_s106_cross,23,point,7,23,23,23,23
p23_s106_cross,23,point,8,23,23,23,11
p23_s106_cross,23,point,9,23,23,23,0
p23_s106_cross,23,point,10,23,23,23,0
p23_s106_cross,23,point,11,23,23,23,0
p23_s106_cross,23,point,12,23,23,23,0
p23_s106_cross,23,point,13,23,23,23,0
p23_s106_cross,23,point,14,23,23,23,0
p23_s106_cross,23,point,15,23,23,23,0
p23_s106_cross,23,point,16,23,23,23,0
p23_s106_cross,23,point,17,23,23,23,0
p23_s106_cross,23,point,18,23,23,23,0
p23_s106_cross,23,point,19,23,23,23,0
p23_s106_cross,23,point,20,23,23,23,0
p23_s106_cross,23,point,21,23,23,23,0
p23_s106_cross,23,point,22,23,23,23,0
p23_s106_cross,23,point,23,23,23,23,0
p23_s106_cross,23,point,24,23,23,23,0
p23_s106_cross,23,point,25,23,23,23,0
p23_s106_cross,23,point,26,23,23,23,0
p23_s106_cross,23,point,27,23,23,23,0
p23_s106_cross,23,point,28,23,23,23,0
p23_s106_cross,23,point,29,23,23,23,0
p23_s106_cross,23,point,30,23,23,23,0
p23_s106_cross,23,point,31,23,23,23,0
p23_s106_cross,23,point,32,23,23,23,0
p23_s106_cross,23,point,33,23,23,23,0
p23_s106_cross,23,point,34,23,23,23,0
p23_s106_cross,23,point,35,23,23,23,0
p23_s106_cross,23,point,36,23,23,23,0
p23_s106_cross,23,point,37,23,23,23,0
p23_s106_cross,23,point,38,23,23,23,0
p23_s106_cross,23,point,39,23,23,23,0
p23_s106_cross,23,point,40,23,23,23,0
p23_s106_cross,23,point,41,23,23,23,0
p23_s106_cross,23,point,42,23,23,23,0
p23_s106_cross,23,point,43,23,23,23,0
p23_s106_cross,23,point,44,23,23,23,0
p23_s106_cross,23,point,45,23,23,23,0
p23_s106_cross,23,point,46,23,23,23,0
p23_s106_cross,23,point,47,23,23,23,0
p23_s106_cross,23,point,48,23,23,23,0
p23_s106_cross,23,point,49,23,23,23,0
p23_s106_cross,23,point,50,23,23,23,0
p23_s106_cross,23,point,51,23,23,23,0
p23_s106_cross,23,point,52,23,23,23,0
p23_s106_cross,23,point,53,23,23,23,0
p23_s106_cross,23,point,54,23,23,23,0
p23_s106_cross,23,point,55,23,23,23,0
p23_s106_cross,23,point,56,23,23,23,0
p23_s106_cross,23,point,57,23,23,23,0
p23_s106_cross,23,point,58,23,23,23,0
p23_s106_cross,23,point,59,23,23,23,0
p23_s106_cross,23,profile,0,1,1,1,1
p23_s106_cross,23,profile,1,1,1,1,1
p23_s106_cross,23,profile,2,1,1,1,1
p23_s106_cross,23,profile,3,1,1,1,1
p23_s106_cross,23,profile,4,1,1,1,1
p23_s106_cross,23,profile,5,1,1,1,1
p23_s106_cross,23,profile,6,1,1,1,1
p23_s106_cross,23,profile,7,1,1,1,1
p23_s106_cross,23,profile,8,1,1,1,0
p23_s106_cross,23,profile,9,1,1,1,0
p23_s106_cross,23,profile,10,1,1,1,0
p23_s106_cross,23,profile,11,1,1,1,0
p23_s106_cross,23,profile,12,1,1,1,0
p23_s106_cross,23,profile,13,1,1,1,0
p23_s106_cross,23,profile,14,1,1,1,0
p23_s106_cross,23,profile,15,1,1,1,0
p23_s106_cross,23,profile,16,1,1,1,0
p23_s106_cross,23,profile,17,1,1,1,0
p23_s106_cross,23,profile,18,1,1,1,0
p23_s106_cross,23,profile,19,1,1,1,0
p23_s106_cross,23,profile,20,1,1,1,0
p23_s106_cross,23,profile,21,1,1,1,0
p23_s106_cross,23,profile,22,1,1,1,0
p23_s106_cross,23,profile,23,1,1,1,0
p23_s106_cross,23,profile,24,1,1,1,0
p23_s106_cross,23,profile,25,1,1,1,0
p23_s106_cross,23,profile,26,1,1,1,0
p23_s106_cross,23,profile,27,1,1,1,0
p23_s106_cross,23,profile,28,1,1,1,0
p23_s106_cross,23,profile,29,1,1,1,0
p23_s106_cross,23,profile,30,1,1,1,0
p23_s106_cross,23,profile,31,1,1,1,0
p23_s106_cross,23,profile,32,1,1,1,0
p23_s106_cross,23,profile,33,1,1,1,0
p23_s106_cross,23,profile,34,1,1,1,0
p23_s106_cross,23,profile,35,1,1,1,0
p23_s106_cross,23,profile,36,1,1,1,0
p23_s106_cross,23,profile,37,1,1,1,0
p23_s106_cross,23,profile,38,1,1,1,0
p23_s106_cross,23,profile,39,1,1,1,0
p23_s106_cross,23,profile,40,1,1,1,0
p23_s106_cross,23,profile,41,1,1,1,0
p23_s106_cross,23,profile,42,1,1,1,0
p23_s106_cross,23,profile,43,1,1,1,0
p23_s106_cross,23,profile,44,1,1,1,0
p23_s106_cross,23,profile,45,1,1,1,0
p23_s106_cross,23,profile,46,1,1,1,0
p23_s106_cross,23,profile,47,1,1,1,0
p23_s106_cross,23,profile,48,1,1,1,0
p23_s106_cross,23,profile,49,1,1,1,0
p23_s106_cross,23,profile,50,1,1,1,0
p23_s106_cross,23,profile,51,1,1,1,0
p23_s106_cross,23,profile,52,1,1,1,0
p23_s106_cross,23,profile,53,1,1,1,0
p23_s106_cross,23,profile,54,1,1,1,0
p23_s106_cross,23,profile,55,1,1,1,0
p23_s106_cross,23,profile,56,1,1,1,0
p23_s106_cross,23,profile,57,1,1,1,0
p23_s106_cross,23,profile,58,1,1,1,0
p23_s106_cross,23,profile,59,1,1,1,0
p23_s107_cross,23,point,0,23,23,23,23
p23_s107_cross,23,point,1,23,23,23,23
p23_s107_cross,23,point,2,23,23,23,23
p23_s107_cross,23,point,3,23,23,23,23
p23_s107_cross,23,point,4,23,23,23,23
p23_s107_cross,23,point,5,23,23,23,23
p23_s107_cross,23,point,6,23,23,23,23
p23_s107_cross,23,point,7,23,23,23,23
p23_s107_cross,23,point,8,23,23,23,23
p23_s107_cross,23,point,9,23,23,23,0
p23_s107_cross,23,point,10,23,23,23,0
p23_s107_cross,23,point,11,23,23,23,0
p23_s107_cross,23,point,12,23,23,23,0
p23_s107_cross,23,point,13,23,23,23,0
p23_s107_cross,23,point,14,23,23,23,0
p23_s107_cross,23,point,15,23,23,23,0
p23_s107_cross,23,point,16,23,23,23,0
p23_s107_cross,23,point,17,23,23,23,0
p23_s107_cross,23,point,18,23,23,23,0
p23_s107_cross,23,point,19,23,23,23,0
p23_s107_cross,23,point,20,23,23,23,0
p23_s107_cross,23,point,21,23,23,23,0
p23_s107_cross,23,point,22,23,23,23,0
p23_s107_cross,23,point,23,23,23,23,0
p23_s107_cross,23,point,24,23,23,23,0
p23_s107_cross,23,point,25,23,23,23,0
p23_s107_cross,23,point,26,23,23,23,0
p23_s107_cross,23,point,27,23,23,23,0
p23_s107_cross,23,point,28,23,23,23,0
p23_s107_cross,23,point,29,23,23,23,0
p23_s107_cross,23,point,30,23,23,23,0
p23_s107_cross,23,point,31,23,23,23,0
p23_s107_cross,23,point,32,23,23,23,0
p23_s107_cross,23,point,33,23,23,23,0
p23_s107_cross,23,point,34,23,23,23,0
p23_s107_cross,23,point,35,23,23,23,0
p23_s107_cross,23,point,36,23,23,23,0
p23_s107_cross,23,point,37,23,23,23,0
p23_s107_cross,23,point,38,23,23,23,0
p23_s107_cross,23,point,39,23,23,23,0
p23_s107_cross,23,point,40,23,23,23,0
p23_s107_cross,23,point,41,23,23,23,0
p23_s107_cross,23,point,42,23,23,23,0
p23_s107_cross,23,point,43,23,23,23,0
p23_s107_cross,23,point,44,23,23,23,0
p23_s107_cross,23,point,45,23,23,23,0
p23_s107_cross,23,point,46,23,23,23,0
p23_s107_cross,23,point,47,23,23,23,0
p23_s107_cross,23,point,48,23,23,23,0
p23_s107_cross,23,point,49,23,23,23,0
p23_s107_cross,23,point,50,23,23,23,0
p23_s107_cross,23,point,51,23,23,23,0
p23_s107_cross,23,point,52,23,23,23,0
p23_s107_cross,23,point,53,23,23,23,0
p23_s107_cross,23,point,54,23,23,23,0
p23_s107_cross,23,point,55,23,23,23,0
p23_s107_cross,23,point,56,23,23,23,0
p23_s107_cross,23,point,57,23,23,23,0
p23_s107_cross,23,point,58,23,23,23,0
p23_s107_cross,23,point,59,23,23,23,0
p23_s107_cross,23,profile,0,1,1,1,1
p23_s107_cross,23,profile,1,1,1,1,1
p23_s107_cross,23,profile,2,1,1,1,1
p23_s107_cross,23,profile,3,1,1,1,1
p23_s107_cross,23,profile,4,1,1,1,1
p23_s107_cross,23,profile,5,1,1,1,1
p23_s107_cross,23,profile,6,1,1,1,1
p23_s107_cross,23,profile,7,1,1,1,1
p23_s107_cross,23,profile,8,1,1,1,1
p23_s107_cross,23,profile,9,1,1,1,0
p23_s107_cross,23,profile,10,1,1,1,0
p23_s107_cross,23,profile,11,1,1,1,0
p23_s107_cross,23,profile,12,1,1,1,0
p23_s107_cross,23,profile,13,1,1,1,0
p23_s107_cross,23,profile,14,1,1,1,0
p23_s107_cross,23,profile,15,1,1,1,0
p23_s107_cross,23,profile,16,1,1,1,0
p23_s107_cross,23,profile,17,1,1,1,0
p23_s107_cross,23,profile,18,1,1,1,0
p23_s107_cross,23,profile,19,1,1,1,0
p23_s107_cross,23,profile,20,1,1,1,0
p23_s107_cross,23,profile,21,1,1,1,0
p23_s107_cross,23,profile,22,1,1,1,0
p23_s107_cross,23,profile,23,1,1,1,0
p23_s107_cross,23,profile,24,1,1,1,0
p23_s107_cross,23,profile,25,1,1,1,0
p23_s107_cross,23,profile,26,1,1,1,0
p23_s107_cross,23,profile,27,1,1,1,0
p23_s107_cross,23,profile,28,1,1,1,0
p23_s107_cross,23,profile,29,1,1,1,0
p23_s107_cross,23,profile,30,1,1,1,0
p23_s107_cross,23,profile,31,1,1,1,0
p23_s107_cross,23,profile,32,1,1,1,0
p23_s107_cross,23,profile,33,1,1,1,0
p23_s107_cross,23,profile,34,1,1,1,0
p23_s107_cross,23,profile,35,1,1,1,0
p23_s107_cross,23,profile,36,1,1,1,0
p23_s107_cross,23,profile,37,1,1,1,0
p23_s107_cross,23,profile,38,1,1,1,0
p23_s107_cross,23,profile,39,1,1,1,0
p23_s107_cross,23,profile,40,1,1,1,0
p23_s107_cross,23,profile,41,1,1,1,0
p23_s107_cross,23,profile,42,1,1,1,0
p23_s107_cross,23,profile,43,1,1,1,0
p23_s107_cross,23,profile,44,1,1,1,0
p23_s107_cross,23,profile,45,1,1,1,0
p23_s107_cross,23,profile,46,1,1,1,0
p23_s107_cross,23,profile,47,1,1,1,0
p23_s107_cross,23,profile,48,1,1,1,0
p23_s107_cross,23,profile,49,1,1,1,0
p23_s107_cross,23,profile,50,1,1,1,0
p23_s107_cross,23,profile,51,1,1,1,0
p23_s107_cross,23,profile,52,1,1,1,0
p23_s107_cross,23,profile,53,1,1,1,0
p23_s107_cross,23,profile,54,1,1,1,0
p23_s107_cross,23,profile,55,1,1,1,0
p23_s107_cross,23,profile,56,1,1,1,0
p23_s107_cross,23,profile,57,1,1,1,0
p23_s107_cross,23,profile,58,1,1,1,0
p23_s107_cross,23,profile,59,1,1,1,0
p23_s108_cross,23,point,0,23,23,23,23
p23_s108_cross,23,point,1,23,23,23,23
p23_s108_cross,23,point,2,23,23,23,23
p23_s108_cross,23,point,3,23,23,23,23
p23_s108_cross,23,point,4,23,23,23,23
p23_s108_cross,23,point,5,23,23,23,23
p23_s108_cross,23,point,6,23,23,23,23
p23_s108_cross,23,point,7,23,23,23,23
p23_s108_cross,23,point,8,23,23,23,23
p23_s108_cross,23,point,9,23,23,23,0
p23_s108_cross,23,point,10,23,23,23,0
p23_s108_cross,23,point,11,23,23,23,0
p23_s108_cross,23,point,12,23,23,23,0
p23_s108_cross,23,point,13,23,23,23,0
p23_s108_cross,23,point,14,23,23,23,0
p23_s108_cross,23,point,15,23,23,23,0
p23_s108_cross,23,point,16,23,23,23,0
p23_s108_cross,23,point,17,23,23,23,0
p23_s108_cross,23,point,18,23,23,23,0
p23_s108_cross,23,point,19,23,23,23,0
p23_s108_cross,23,point,20,23,23,23,0
p23_s108_cross,23,point,21,23,23,23,0
p23_s108_cross,23,point,22,23,23,23,0
p23_s108_cross,23,point,23,23,23,23,0
p23_s108_cross,23,point,24,23,23,23,0
p23_s108_cross,23,point,25,23,23,23,0
p23_s108_cross,23,point,26,23,23,23,0
p23_s108_cross,23,point,27,23,23,23,0
p23_s108_cross,23,point,28,23,23,23,0
p23_s108_cross,23,point,29,23,23,23,0
p23_s108_cross,23,point,30,23,23,23,0
p23_s108_cross,23,point,31,23,23,23,0
p23_s108_cross,23,point,32,23,23,23,0
p23_s108_cross,23,point,33,23,23,23,0
p23_s108_cross,23,point,34,23,23,23,0
p23_s108_cross,23,point,35,23,23,23,0
p23_s108_cross,23,point,36,23,23,23,0
p23_s108_cross,23,point,37,23,23,23,0
p23_s108_cross,23,point,38,23,23,23,0
p23_s108_cross,23,point,39,23,23,23,0
p23_s108_cross,23,point,40,23,23,23,0
p23_s108_cross,23,point,41,23,23,23,0
p23_s108_cross,23,point,42,23,23,23,0
p23_s108_cross,23,point,43,23,23,23,0
p23_s108_cross,23,point,44,23,23,23,0
p23_s108_cross,23,point,45,23,23,23,0
p23_s108_cross,23,point,46,23,23,23,0
p23_s108_cross,23,point,47,23,23,23,0
p23_s108_cross,23,point,48,23,23,23,0
p23_s108_cross,23,point,49,23,23,23,0
p23_s108_cross,23,point,50,23,23,23,0
p23_s108_cross,23,point,51,23,23,23,0
p23_s108_cross,23,point,52,23,23,23,0
p23_s108_cross,23,point,53,23,23,23,0
p23_s108_cross,23,point,54,23,23,23,0
p23_s108_cross,23,point,55,23,23,23,0
p23_s108_cross,23,point,56,23,23,23,0
p23_s108_cross,23,point,57,23,23,23,0
p23_s108_cross,23,point,58,23,23,23,0
p23_s108_cross,23,point,59,23,23,23,0
p23_s108_cross,23,profile,0,1,1,1,1
p23_s108_cross,23,profile,1,1,1,1,1
p23_s108_cross,23,profile,2,1,1,1,1
p23_s108_cross,23,profile,3,1,1,1,1
p23_s108_cross,23,profile,4,1,1,1,1
p23_s108_cross,23,profile,5,1,1,1,1
p23_s108_cross,23,profile,6,1,1,1,1
p23_s108_cross,23,profile,7,1,1,1,1
p23_s108_cross,23,profile,8,1,1,1,1
p23_s108_cross,23,profile,9,1,1,1,0
p23_s108_cross,23,profile,10,1,1,1,0
p23_s108_cross,23,profile,11,1,1,1,0
p23_s108_cross,23,profile,12,1,1,1,0
p23_s108_cross,23,profile,13,1,1,1,0
p23_s108_cross,23,profile,14,1,1,1,0
p23_s108_cross,23,profile,15,1,1,1,0
p23_s108_cross,23,profile,16,1,1,1,0
p23_s108_cross,23,profile,17,1,1,1,0
p23_s108_cross,23,profile,18,1,1,1,0
p23_s108_cross,23,profile,19,1,1,1,0
p23_s108_cross,23,profile,20,1,1,1,0
p23_s108_cross,23,profile,21,1,1,1,0
p23_s108_cross,23,profile,22,1,1,1,0
p23_s108_cross,23,profile,23,1,1,1,0
p23_s108_cross,23,profile,24,1,1,1,0
p23_s108_cross,23,profile,25,1,1,1,0
p23_s108_cross,23,profile,26,1,1,1,0
p23_s108_cross,23,profile,27,1,1,1,0
p23_s108_cross,23,profile,28,1,1,1,0
p23_s108_cross,23,profile,29,1,1,1,0
p23_s108_cross,23,profile,30,1,1,1,0
p23_s108_cross,23,profile,31,1,1,1,0
p23_s108_cross,23,profile,32,1,1,1,0
p23_s108_cross,23,profile,33,1,1,1,0
p23_s108_cross,23,profile,34,1,1,1,0
p23_s108_cross,23,profile,35,1,1,1,0
p23_s108_cross,23,profile,36,1,1,1,0
p23_s108_cross,23,profile,37,1,1,1,0
p23_s108_cross,23,profile,38,1,1,1,0
p23_s108_cross,23,profile,39,1,1,1,0
p23_s108_cross,23,profile,40,1,1,1,0
p23_s108_cross,23,profile,41,1,1,1,0
p23_s108_cross,23,profile,42,1,1,1,0
p23_s108_cross,23,profile,43,1,1,1,0
p23_s108_cross,23,profile,44,1,1,1,0
p23_s108_cross,23,profile,45,1,1,1,0
p23_s108_cross,23,profile,46,1,1,1,0
p23_s108_cross,23,profile,47,1,1,1,0
p23_s108_cross,23,profile,48,1,1,1,0
p23_s108_cross,23,profile,49,1,1,1,0
p23_s108_cross,23,profile,50,1,1,1,0
p23_s108_cross,23,profile,51,1,1,1,0
p23_s108_cross,23,profile,52,1,1,1,0
p23_s108_cross,23,profile,53,1,1,1,0
p23_s108_cross,23,profile,54,1,1,1,0
p23_s108_cross,23,profile,55,1,1,1,0
p23_s108_cross,23,profile,56,1,1,1,0
p23_s108_cross,23,profile,57,1,1,1,0
p23_s108_cross,23,profile,58,1,1,1,0
p23_s108_cross,23,profile,59,1,1,1,0
p23_s109_cross,23,point,0,23,23,23,23
p23_s109_cross,23,point,1,23,23,23,23
p23_s109_cross,23,point,2,23,23,23,23
p23_s109_cross,23,point,3,23,23,23,23
p23_s109_cross,23,point,4,23,23,23,23
p23_s109_cross,23,point,5,23,23,23,23
p23_s109_cross,23,point,6,23,23,23,23
p23_s109_cross,23,point,7,23,23,23,23
p23_s109_cross,23,point,8,23,23,23,0
p23_s109_cross,23,point,9,23,23,23,0
p23_s109_cross,23,point,10,23,23,23,0
p23_s109_cross,23,point,11,23,23,23,0
p23_s109_cross,23,point,12,23,23,23,0
p23_s109_cross,23,point,13,23,23,23,0
p23_s109_cross,23,point,14,23,23,23,0
p23_s109_cross,23,point,15,23,23,23,0
p23_s109_cross,23,point,16,23,23,23,0
p23_s109_cross,23,point,17,23,23,23,0
p23_s109_cross,23,point,18,23,23,23,0
p23_s109_cross,23,point,19,23,23,23,0
p23_s109_cross,23,point,20,23,23,23,0
p23_s109_cross,23,point,21,23,23,23,0
p23_s109_cross,23,point,22,23,23,23,0
p23_s109_cross,23,point,23,23,23,23,0
p23_s109_cross,23,point,24,23,23,23,0
p23_s109_cross,23,point,25,23,23,23,0
p23_s109_cross,23,point,26,23,23,23,0
p23_s109_cross,23,point,27,23,23,23,0
p23_s109_cross,23,point,28,23,23,23,0
p23_s109_cross,23,point,29,23,23,23,0
p23_s109_cross,23,point,30,23,23,23,0
p23_s109_cross,23,point,31,23,23,23,0
p23_s109_cross,23,point,32,23,23,23,0
p23_s109_cross,23,point,33,23,23,23,0
p23_s109_cross,23,point,34,23,23,23,0
p23_s109_cross,23,point,35,23,23,23,0
p23_s109_cross,23,point,36,23,23,23,0
p23_s109_cross,23,point,37,23,23,23,0
p23_s109_cross,23,point,38,23,23,23,0
p23_s109_cross,23,point,39,23,23,23,0
p23_s109_cross,23,point,40,23,23,23,0
p23_s109_cross,23,point,41,23,23,23,0
p23_s109_cross,23,point,42,23,23,23,0
p23_s109_cross,23,point,43,23,23,23,0
p23_s109_cross,23,point,44,23,23,23,0
p23_s109_cross,23,point,45,23,23,23,0
p23_s109_cross,23,point,46,23,23,23,0
p23_s109_cross,23,point,47,23,23,23,0
p23_s109_cross,23,point,48,23,23,23,0
p23_s109_cross,23,point,49,23,23,23,0
p23_s109_cross,23,point,50,23,23,23,0
p23_s109_cross,23,point,51,23,23,23,0
p23_s109_cross,23,point,52,23,23,23,0
p23_s109_cross,23,point,53,23,23,23,0
p23_s109_cross,23,point,54,23,23,23,0
p23_s109_cross,23,point,55,23,23,23,0
p23_s109_cross,23,point,56,23,23,23,0
p23_s109_cross,23,point,57,23,23,23,0
p23_s109_cross,23,point,58,23,23,23,0
p23_s109_cross,23,point,59,23,23,23,0
p23_s109_cross,23,profile,0,1,1,1,1
p23_s109_cross,23,profile,1,1,1,1,1
p23_s109_cross,23,profile,2,1,1,1,1
p23_s109_cross,23,profile,3,1,1,1,1
p23_s109_cross,23,profile,4,1,1,1,1
p23_s109_cross,23,profile,5,1,1,1,1
p23_s109_cross,23,profile,6,1,1,1,1
p23_s109_cross,23,profile,7,1,1,1,1
p23_s109_cross,23,profile,8,1,1,1,0
p23_s109_cross,23,profile,9,1,1,1,0
p23_s109_cross,23,profile,10,1,1,1,0
p23_s109_cross,23,profile,11,1,1,1,0
p23_s109_cross,23,profile,12,1,1,1,0
p23_s109_cross,23,profile,13,1,1,1,0
p23_s109_cross,23,profile,14,1,1,1,0
p23_s109_cross,23,profile,15,1,1,1,0
p23_s109_cross,23,profile,16,1,1,1,0
p23_s109_cross,23,profile,17,1,1,1,0
p23_s109_cross,23,profile,18,1,1,1,0
p23_s109_cross,23,profile,19,1,1,1,0
p23_s109_cross,23,profile,20,1,1,1,0
p23_s109_cross,23,profile,21,1,1,1,0
p23_s109_cross,23,profile,22,1,1,1,0
p23_s109_cross,23,profile,23,1,1,1,0
p23_s109_cross,23,profile,24,1,1,1,0
p23_s109_cross,23,profile,25,1,1,1,0
p23_s109_cross,23,profile,26,1,1,1,0
p23_s109_cross,23,profile,27,1,1,1,0
p23_s109_cross,23,profile,28,1,1,1,0
p23_s109_cross,23,profile,29,1,1,1,0
p23_s109_cross,23,profile,30,1,1,1,0
p23_s109_cross,23,profile,31,1,1,1,0
p23_s109_cross,23,profile,32,1,1,1,0
p23_s109_cross,23,profile,33,1,1,1,0
p23_s109_cross,23,profile,34,1,1,1,0
p23_s109_cross,23,profile,35,1,1,1,0
p23_s109_cross,23,profile,36,1,1,1,0
p23_s109_cross,23,profile,37,1,1,1,0
p23_s109_cross,23,profile,38,1,1,1,0
p23_s109_cross,23,profile,39,1,1,1,0
p23_s109_cross,23,profile,40,1,1,1,0
p23_s109_cross,23,profile,41,1,1,1,0
p23_s109_cross,23,profile,42,1,1,1,0
p23_s109_cross,23,profile,43,1,1,1,0
p23_s109_cross,23,profile,44,1,1,1,0
p23_s109_cross,23,profile,45,1,1,1,0
p23_s109_cross,23,profile,46,1,1,1,0
p23_s109_cross,23,profile,47,1,1,1,0
p23_s109_cross,23,profile,48,1,1,1,0
p23_s109_cross,23,profile,49,1,1,1,0
p23_s109_cross,23,profile,50,1,1,1,0
p23_s109_cross,23,profile,51,1,1,1,0
p23_s109_cross,23,profile,52,1,1,1,0
p23_s109_cross,23,profile,53,1,1,1,0
p23_s109_cross,23,profile,54,1,1,1,0
p23_s109_cross,23,profile,55,1,1,1,0
p23_s109_cross,23,profile,56,1,1,1,0
p23_s109_cross,23,profile,57,1,1,1,0
p23_s109_cross,23,profile,58,1,1,1,0
p23_s109_cross,23,profile,59,1,1,1,0
p23_s110_cross,23,point,0,23,23,23,23
p23_s110_cross,23,point,1,23,23,23,23
p23_s110_cross,23,point,2,23,23,23,23
p23_s110_cross,23,point,3,23,23,23,23
p23_s110_cross,23,point,4,23,23,23,23
p23_s110_cross,23,point,5,23,23,23,23
p23_s110_cross,23,point,6,23,23,23,23
p23_s110_cross,23,point,7,23,23,23,23
p23_s110_cross,23,point,8,23,23,23,0
p23_s110_cross,23,point,9,23,23,23,0
p23_s110_cross,23,point,10,23,23,23,0
p23_s110_cross,23,point,11,23,23,23,0
p23_s110_cross,23,point,12,23,23,23,0
p23_s110_cross,23,point,13,23,23,23,0
p23_s110_cross,23,point,14,23,23,23,0
p23_s110_cross,23,point,15,23,23,23,0
p23_s110_cross,23,point,16,23,23,23,0
p23_s110_cross,23,point,17,23,23,23,0
p23_s110_cross,23,point,18,23,23,23,0
p23_s110_cross,23,point,19,23,23,23,0
p23_s110_cross,23,point,20,23,23,23,0
p23_s110_cross,23,point,21,23,23,23,0
p23_s110_cross,23,point,22,23,23,23,0
p23_s110_cross,23,point,23,23,23,23,0
p23_s110_cross,23,point,24,23,23,23,0
p23_s110_cross,23,point,25,23,23,23,0
p23_s110_cross,23,point,26,23,23,23,0
p23_s110_cross,23,point,27,23,23,23,0
p23_s110_cross,23,point,28,23,23,23,0
p23_s110_cross,23,point,29,23,23,23,0
p23_s110_cross,23,point,30,23,23,23,0
p23_s110_cross,23,point,31,23,23,23,0
p23_s110_cross,23,point,32,23,23,23,0
p23_s110_cross,23,point,33,23,23,23,0
p23_s110_cross,23,point,34,23,23,23,0
p23_s110_cross,23,point,35,23,23,23,0
p23_s110_cross,23,point,36,23,23,23,0
p23_s110_cross,23,point,37,23,23,23,0
p23_s110_cross,23,point,38,23,23,23,0
p23_s110_cross,23,point,39,23,23,23,0
p23_s110_cross,23,point,40,23,23,23,0
p23_s110_cross,23,point,41,23,23,23,0
p23_s110_cross,23,point,42,23,23,23,0
p23_s110_cross,23,point,43,23,23,23,0
p23_s110_cross,23,point,44,23,23,23,0
p23_s110_cross,23,point,45,23,23,23,0
p23_s110_cross,23,point,46,23,23,23,0
p23_s110_cross,23,point,47,23,23,23,0
p23_s110_cross,23,point,48,23,23,23,0
p23_s110_cross,23,point,49,23,23,23,0
p23_s110_cross,23,point,50,23,23,23,0
p23_s110_cross,23,point,51,23,23,23,0
p23_s110_cross,23,point,52,23,23,23,0
p23_s110_cross,23,point,53,23,23,23,0
p23_s110_cross,23,point,54,23,23,23,0
p23_s110_cross,23,point,55,23,23,23,0
p23_s110_cross,23,point,56,23,23,23,0
p23_s110_cross,23,point,57,23,23,23,0
p23_s110_cross,23,point,58,23,23,23,0
p23_s110_cross,23,point,59,23,23,23,0
p23_s110_cross,23,profile,0,1,1,1,1
p23_s110_cross,23,profile,1,1,1,1,1
p23_s110_cross,23,profile,2,1,1,1,1
p23_s110_cross,23,profile,3,1,1,1,1
p23_s110_cross,23,profile,4,1,1,1,1
p23_s110_cross,23,profile,5,1,1,1,1
p23_s110_cross,23,profile,6,1,1,1,1
p23_s110_cross,23,profile,7,1,1,1,1
p23_s110_cross,23,profile,8,1,1,1,0
p23_s110_cross,23,profile,9,1,1,1,0
p23_s110_cross,23,profile,10,1,1,1,0
p23_s110_cross,23,profile,11,1,1,1,0
p23_s110_cross,23,profile,12,1,1,1,0
p23_s110_cross,23,profile,13,1,1,1,0
p23_s110_cross,23,profile,14,1,1,1,0
p23_s110_cross,23,profile,15,1,1,1,0
p23_s110_cross,23,profile,16,1,1,1,0
p23_s110_cross,23,profile,17,1,1,1,0
p23_s110_cross,23,profile,18,1,1,1,0
p23_s110_cross,23,profile,19,1,1,1,0
p23_s110_cross,23,profile,20,1,1,1,0
p23_s110_cross,23,profile,21,1,1,1,0
p23_s110_cross,23,profile,22,1,1,1,0
p23_s110_cross,23,profile,23,1,1,1,0
p23_s110_cross,23,profile,24,1,1,1,0
p23_s110_cross,23,profile,25,1,1,1,0
p23_s110_cross,23,profile,26,1,1,1,0
p23_s110_cross,23,profile,27,1,1,1,0
p23_s110_cross,23,profile,28,1,1,1,0
p23_s110_cross,23,profile,29,1,1,1,0
p23_s110_cross,23,profile,30,1,1,1,0
p23_s110_cross,23,profile,31,1,1,1,0
p23_s110_cross,23,profile,32,1,1,1,0
p23_s110_cross,23,profile,33,1,1,1,0
p23_s110_cross,23,profile,34,1,1,1,0
p23_s110_cross,23,profile,35,1,1,1,0
p23_s110_cross,23,profile,36,1,1,1,0
p23_s110_cross,23,profile,37,1,1,1,0
p23_s110_cross,23,profile,38,1,1,1,0
p23_s110_cross,23,profile,39,1,1,1,0
p23_s110_cross,23,profile,40,1,1,1,0
p23_s110_cross,23,profile,41,1,1,1,0
p23_s110_cross,23,profile,42,1,1,1,0
p23_s110_cross,23,profile,43,1,1,1,0
p23_s110_cross,23,profile,44,1,1,1,0
p23_s110_cross,23,profile,45,1,1,1,0
p23_s110_cross,23,profile,46,1,1,1,0
p23_s110_cross,23,profile,47,1,1,1,0
p23_s110_cross,23,profile,48,1,1,1,0
p23_s110_cross,23,profile,49,1,1,1,0
p23_s110_cross,23,profile,50,1,1,1,0
p23_s110_cross,23,profile,51,1,1,1,0
p23_s110_cross,23,profile,52,1,1,1,0
p23_s110_cross,23,profile,53,1,1,1,0
p23_s110_cross,23,profile,54,1,1,1,0
p23_s110_cross,23,profile,55,1,1,1,0
p23_s110_cross,23,profile,56,1,1,1,0
p23_s110_cross,23,profile,57,1,1,1,0
p23_s110_cross,23,profile,58,1,1,1,0
p23_s110_cross,23,profile,59,1,1,1,0
p23_s111_cross,23,point,0,23,23,23,23
p23_s111_cross,23,point,1,23,23,23,23
p23_s111_cross,23,point,2,23,23,23,23
p23_s111_cross,23,point,3,23,23,23,23
p23_s111_cross,23,point,4,23,23,23,23
p23_s111_cross,23,point,5,23,23,23,23
p23_s111_cross,23,point,6,23,23,23,23
p23_s111_cross,23,point,7,23,23,23,23
p23_s111_cross,23,point,8,23,23,23,23
p23_s111_cross,23,point,9,23,23,23,4
p23_s111_cross,23,point,10,23,23,23,0
p23_s111_cross,23,point,11,23,23,23,0
p23_s111_cross,23,point,12,23,23,23,0
p23_s111_cross,23,point,13,23,23,23,0
p23_s111_cross,23,point,14,23,23,23,0
p23_s111_cross,23,point,15,23,23,23,0
p23_s111_cross,23,point,16,23,23,23,0
p23_s111_cross,23,point,17,23,23,23,0
p23_s111_cross,23,point,18,23,23,23,0
p23_s111_cross,23,point,19,23,23,23,0
p23_s111_cross,23,point,20,23,23,23,0
p23_s111_cross,23,point,21,23,23,23,0
p23_s111_cross,23,point,22,23,23,23,0
p23_s111_cross,23,point,23,23,23,23,0
p23_s111_cross,23,point,24,23,23,23,0
p23_s111_cross,23,point,25,23,23,23,0
p23_s111_cross,23,point,26,23,23,23,0
p23_s111_cross,23,point,27,23,23,23,0
p23_s111_cross,23,point,28,23,23,23,0
p23_s111_cross,23,point,29,23,23,23,0
p23_s111_cross,23,point,30,23,23,23,0
p23_s111_cross,23,point,31,23,23,23,0
p23_s111_cross,23,point,32,23,23,23,0
p23_s111_cross,23,point,33,23,23,23,0
p23_s111_cross,23,point,34,23,23,23,0
p23_s111_cross,23,point,35,23,23,23,0
p23_s111_cross,23,point,36,23,23,23,0
p23_s111_cross,23,point,37,23,23,23,0
p23_s111_cross,23,point,38,23,23,23,0
p23_s111_cross,23,point,39,23,23,23,0
p23_s111_cross,23,point,40,23,23,23,0
p23_s111_cross,23,point,41,23,23,23,0
p23_s111_cross,23,point,42,23,23,23,0
p23_s111_cross,23,point,43,23,23,23,0
p23_s111_cross,23,point,44,23,23,23,0
p23_s111_cross,23,point,45,23,23,23,0
p23_s111_cross,23,point,46,23,23,23,0
p23_s111_cross,23,point,47,23,23,23,0
p23_s111_cross,23,point,48,23,23,23,0
p23_s111_cross,23,point,49,23,23,23,0
p23_s111_cross,23,point,50,23,23,23,0
p23_s111_cross,23,point,51,23,23,23,0
p23_s111_cross,23,point,52,23,23,23,0
p23_s111_cross,23,point,53,23,23,23,0
p23_s111_cross,23,point,54,23,23,23,0
p23_s111_cross,23,point,55,23,23,23,0
p23_s111_cross,23,point,56,23,23,23,0
p23_s111_cross,23,point,57,23,23,23,0
p23_s111_cross,23,point,58,23,23,23,0
p23_s111_cross,23,point,59,23,23,23,0
p23_s111_cross,23,profile,0,1,1,1,1
p23_s111_cross,23,profile,1,1,1,1,1
p23_s111_cross,23,profile,2,1,1,1,1
p23_s111_cross,23,profile,3,1,1,1,1
p23_s111_cross,23,profile,4,1,1,1,1
p23_s111_cross,23,profile,5,1,1,1,1
p23_s111_cross,23,profile,6,1,1,1,1
p23_s111_cross,23,profile,7,1,1,1,1
p23_s111_cross,23,profile,8,1,1,1,1
p23_s111_cross,23,profile,9,1,1,1,0
p23_s111_cross,23,profile,10,1,1,1,0
p23_s111_cross,23,profile,11,1,1,1,0
p23_s111_cross,23,profile,12,1,1,1,0
p23_s111_cross,23,profile,13,1,1,1,0
p23_s111_cross,23,profile,14,1,1,1,0
p23_s111_cross,23,profile,15,1,1,1,0
p23_s111_cross,23,profile,16,1,1,1,0
p23_s111_cross,23,profile,17,1,1,1,0
p23_s111_cross,23,profile,18,1,1,1,0
p23_s111_cross,23,profile,19,1,1,1,0
p23_s111_cross,23,profile,20,1,1,1,0
p23_s111_cross,23,profile,21,1,1,1,0
p23_s111_cross,23,profile,22,1,1,1,0
p23_s111_cross,23,profile,23,1,1,1,0
p23_s111_cross,23,profile,24,1,1,1,0
p23_s111_cross,23,profile,25,1,1,1,0
p23_s111_cross,23,profile,26,1,1,1,0
p23_s111_cross,23,profile,27,1,1,1,0
p23_s111_cross,23,profile,28,1,1,1,0
p23_s111_cross,23,profile,29,1,1,1,0
p23_s111_cross,23,profile,30,1,1,1,0
p23_s111_cross,23,profile,31,1,1,1,0
p23_s111_cross,23,profile,32,1,1,1,0
p23_s111_cross,23,profile,33,1,1,1,0
p23_s111_cross,23,profile,34,1,1,1,0
p23_s111_cross,23,profile,35,1,1,1,0
p23_s111_cross,23,profile,36,1,1,1,0
p23_s111_cross,23,profile,37,1,1,1,0
p23_s111_cross,23,profile,38,1,1,1,0
p23_s111_cross,23,profile,39,1,1,1,0
p23_s111_cross,23,profile,40,1,1,1,0
p23_s111_cross,23,profile,41,1,1,1,0
p23_s111_cross,23,profile,42,1,1,1,0
p23_s111_cross,23,profile,43,1,1,1,0
p23_s111_cross,23,profile,44,1,1,1,0
p23_s111_cross,23,profile,45,1,1,1,0
p23_s111_cross,23,profile,46,1,1,1,0
p23_s111_cross,23,profile,47,1,1,1,0
p23_s111_cross,23,profile,48,1,1,1,0
p23_s111_cross,23,profile,49,1,1,1,0
p23_s111_cross,23,profile,50,1,1,1,0
p23_s111_cross,23,profile,51,1,1,1,0
p23_s111_cross,23,profile,52,1,1,1,0
p23_s111_cross,23,profile,53,1,1,1,0
p23_s111_cross,23,profile,54,1,1,1,0
p23_s111_cross,23,profile,55,1,1,1,0
p23_s111_cross,23,profile,56,1,1,1,0
p23_s111_cross,23,profile,57,1,1,1,0
p23_s111_cross,23,profile,58,1,1,1,0
p23_s111_cross,23,profile,59,1,1,1,0
p23_s112_cross,23,point,0,23,23,23,23
p23_s112_cross,23,point,1,23,23,23,23
p23_s112_cross,23,point,2,23,23,23,23
p23_s112_cross,23,point,3,23,23,23,23
p23_s112_cross,23,point,4,23,23,23,23
p23_s112_cross,23,point,5,23,23,23,23
p23_s112_cross,23,point,6,23,23,23,23
p23_s112_cross,23,point,7,23,23,23,23
p23_s112_cross,23,point,8,23,23,23,23
p23_s112_cross,23,point,9,23,23,23,0
p23_s112_cross,23,point,10,23,23,23,0
p23_s112_cross,23,point,11,23,23,23,0
p23_s112_cross,23,point,12,23,23,23,0
p23_s112_cross,23,point,13,23,23,23,0
p23_s112_cross,23,point,14,23,23,23,0
p23_s112_cross,23,point,15,23,23,23,0
p23_s112_cross,23,point,16,23,23,23,0
p23_s112_cross,23,point,17,23,23,23,0
p23_s112_cross,23,point,18,23,23,23,0
p23_s112_cross,23,point,19,23,23,23,0
p23_s112_cross,23,point,20,23,23,23,0
p23_s112_cross,23,point,21,23,23,23,0
p23_s112_cross,23,point,22,23,23,23,0
p23_s112_cross,23,point,23,23,23,23,0
p23_s112_cross,23,point,24,23,23,23,0
p23_s112_cross,23,point,25,23,23,23,0
p23_s112_cross,23,point,26,23,23,23,0
p23_s112_cross,23,point,27,23,23,23,0
p23_s112_cross,23,point,28,23,23,23,0
p23_s112_cross,23,point,29,23,23,23,0
p23_s112_cross,23,point,30,23,23,23,0
p23_s112_cross,23,point,31,23,23,23,0
p23_s112_cross,23,point,32,23,23,23,0
p23_s112_cross,23,point,33,23,23,23,0
p23_s112_cross,23,point,34,23,23,23,0
p23_s112_cross,23,point,35,23,23,23,0
p23_s112_cross,23,point,36,23,23,23,0
p23_s112_cross,23,point,37,23,23,23,0
p23_s112_cross,23,point,38,23,23,23,0
p23_s112_cross,23,point,39,23,23,23,0
p23_s112_cross,23,point,40,23,23,23,0
p23_s112_cross,23,point,41,23,23,23,0
p23_s112_cross,23,point,42,23,23,23,0
p23_s112_cross,23,point,43,23,23,23,0
p23_s112_cross,23,point,44,23,23,23,0
p23_s112_cross,23,point,45,23,23,23,0
p23_s112_cross,23,point,46,23,23,23,0
p23_s112_cross,23,point,47,23,23,23,0
p23_s112_cross,23,point,48,23,23,23,0
p23_s112_cross,23,point,49,23,23,23,0
p23_s112_cross,23,point,50,23,23,23,0
p23_s112_cross,23,point,51,23,23,23,0
p23_s112_cross,23,point,52,23,23,23,0
p23_s112_cross,23,point,53,23,23,23,0
p23_s112_cross,23,point,54,23,23,23,0
p23_s112_cross,23,point,55,23,23,23,0
p23_s112_cross,23,point,56,23,23,23,0
p23_s112_cross,23,point,57,23,23,23,0
p23_s112_cross,23,point,58,23,23,23,0
p23_s112_cross,23,point,59,23,23,23,0
p23_s112_cross,23,profile,0,1,1,1,1
p23_s112_cross,23,profile,1,1,1,1,1
p23_s112_cross,23,profile,2,1,1,1,1
p23_s112_cross,23,profile,3,1,1,1,1
p23_s112_cross,23,profile,4,1,1,1,1
p23_s112_cross,23,profile,5,1,1,1,1
p23_s112_cross,23,profile,6,1,1,1,1
p23_s112_cross,23,profile,7,1,1,1,1
p23_s112_cross,23,profile,8,1,1,1,1
p23_s112_cross,23,profile,9,1,1,1,0
p23_s112_cross,23,profile,10,1,1,1,0
p23_s112_cross,23,profile,11,1,1,1,0
p23_s112_cross,23,profile,12,1,1,1,0
p23_s112_cross,23,profile,13,1,1,1,0
p23_s112_cross,23,profile,14,1,1,1,0
p23_s112_cross,23,profile,15,1,1,1,0
p23_s112_cross,23,profile,16,1,1,1,0
p23_s112_cross,23,profile,17,1,1,1,0
p23_s112_cross,23,profile,18,1,1,1,0
p23_s112_cross,23,profile,19,1,1,1,0
p23_s112_cross,23,profile,20,1,1,1,0
p23_s112_cross,23,profile,21,1,1,1,0
p23_s112_cross,23,profile,22,1,1,1,0
p23_s112_cross,23,profile,23,1,1,1,0
p23_s112_cross,23,profile,24,1,1,1,0
p23_s112_cross,23,profile,25,1,1,1,0
p23_s112_cross,23,profile,26,1,1,1,0
p23_s112_cross,23,profile,27,1,1,1,0
p23_s112_cross,23,profile,28,1,1,1,0
p23_s112_cross,23,profile,29,1,1,1,0
p23_s112_cross,23,profile,30,1,1,1,0
p23_s112_cross,23,profile,31,1,1,1,0
p23_s112_cross,23,profile,32,1,1,1,0
p23_s112_cross,23,profile,33,1,1,1,0
p23_s112_cross,23,profile,34,1,1,1,0
p23_s112_cross,23,profile,35,1,1,1,0
p23_s112_cross,23,profile,36,1,1,1,0
p23_s112_cross,23,profile,37,1,1,1,0
p23_s112_cross,23,profile,38,1,1,1,0
p23_s112_cross,23,profile,39,1,1,1,0
p23_s112_cross,23,profile,40,1,1,1,0
p23_s112_cross,23,profile,41,1,1,1,0
p23_s112_cross,23,profile,42,1,1,1,0
p23_s112_cross,23,profile,43,1,1,1,0
p23_s112_cross,23,profile,44,1,1,1,0
p23_s112_cross,23,profile,45,1,1,1,0
p23_s112_cross,23,profile,46,1,1,1,0
p23_s112_cross,23,profile,47,1,1,1,0
p23_s112_cross,23,profile,48,1,1,1,0
p23_s112_cross,23,profile,49,1,1,1,0
p23_s112_cross,23,profile,50,1,1,1,0
p23_s112_cross,23,profile,51,1,1,1,0
p23_s112_cross,23,profile,52,1,1,1,0
p23_s112_cross,23,profile,53,1,1,1,0
p23_s112_cross,23,profile,54,1,1,1,0
p23_s112_cross,23,profile,55,1,1,1,0
p23_s112_cross,23,profile,56,1,1,1,0
p23_s112_cross,23,profile,57,1,1,1,0
p23_s112_cross,23,profile,58,1,1,1,0
p23_s112_cross,23,profile,59,1,1,1,0
p23_s113_cross,23,point,0,23,23,23,23
p23_s113_cross,23,point,1,23,23,23,23
p23_s113_cross,23,point,2,23,23,23,23
p23_s113_cross,23,point,3,23,23,23,23
p23_s113_cross,23,point,4,23,23,23,23
p23_s113_cross,23,point,5,23,23,23,23
p23_s113_cross,23,point,6,23,23,23,23
p23_s113_cross,23,point,7,23,23,23,23
p23_s113_cross,23,point,8,23,23,23,23
p23_s113_cross,23,point,9,23,23,23,1
p23_s113_cross,23,point,10,23,23,23,0
p23_s113_cross,23,point,11,23,23,23,0
p23_s113_cross,23,point,12,23,23,23,0
p23_s113_cross,23,point,13,23,23,23,0
p23_s113_cross,23,point,14,23,23,23,0
p23_s113_cross,23,point,15,23,23,23,0
p23_s113_cross,23,point,16,23,23,23,0
p23_s113_cross,23,point,17,23,23,23,0
p23_s113_cross,23,point,18,23,23,23,0
p23_s113_cross,23,point,19,23,23,23,0
p23_s113_cross,23,point,20,23,23,23,0
p23_s113_cross,23,point,21,23,23,23,0
p23_s113_cross,23,point,22,23,23,23,0
p23_s113_cross,23,point,23,23,23,23,0
p23_s113_cross,23,point,24,23,23,23,0
p23_s113_cross,23,point,25,23,23,23,0
p23_s113_cross,23,point,26,23,23,23,0
p23_s113_cross,23,point,27,23,23,23,0
p23_s113_cross,23,point,28,23,23,23,0
p23_s113_cross,23,point,29,23,23,23,0
p23_s113_cross,23,point,30,23,23,23,0
p23_s113_cross,23,point,31,23,23,23,0
p23_s113_cross,23,point,32,23,23,23,0
p23_s113_cross,23,point,33,23,23,23,0
p23_s113_cross,23,point,34,23,23,23,0
p23_s113_cross,23,point,35,23,23,23,0
p23_s113_cross,23,point,36,23,23,23,0
p23_s113_cross,23,point,37,23,23,23,0
p23_s113_cross,23,point,38,23,23,23,0
p23_s113_cross,23,point,39,23,23,23,0
p23_s113_cross,23,point,40,23,23,23,0
p23_s113_cross,23,point,41,23,23,23,0
p23_s113_cross,23,point,42,23,23,23,0
p23_s113_cross,23,point,43,23,23,23,0
p23_s113_cross,23,point,44,23,23,23,0
p23_s113_cross,23,point,45,23,23,23,0
p23_s113_cross,23,point,46,23,23,23,0
p23_s113_cross,23,point,47,23,23,23,0
p23_s113_cross,23,point,48,23,23,23,0
p23_s113_cross,23,point,49,23,23,23,0
p23_s113_cross,23,point,50,23,23,23,0
p23_s113_cross,23,point,51,23,23,23,0
p23_s113_cross,23,point,52,23,23,23,0
p23_s113_cross,23,point,53,23,23,23,0
p23_s113_cross,23,point,54,23,23,23,0
p23_s113_cross,23,point,55,23,23,23,0
p23_s113_cross,23,point,56,23,23,23,0
p23_s113_cross,23,point,57,23,23,23,0
p23_s113_cross,23,point,58,23,23,23,0
p23_s113_cross,23,point,59,23,23,23,0
p23_s113_cross,23,profile,0,1,1,1,1
p23_s113_cross,23,profile,1,1,1,1,1
p23_s113_cross,23,profile,2,1,1,1,1
p23_s113_cross,23,profile,3,1,1,1,1
p23_s113_cross,23,profile,4,1,1,1,1
p23_s113_cross,23,profile,5,1,1,1,1
p23_s113_cross,23,profile,6,1,1,1,1
p23_s113_cross,23,profile,7,1,1,1,1
p23_s113_cross,23,profile,8,1,1,1,1
p23_s113_cross,23,profile,9,1,1,1,0
p23_s113_cross,23,profile,10,1,1,1,0
p23_s113_cross,23,profile,11,1,1,1,0
p23_s113_cross,23,profile,12,1,1,1,0
p23_s113_cross,23,profile,13,1,1,1,0
p23_s113_cross,23,profile,14,1,1,1,0
p23_s113_cross,23,profile,15,1,1,1,0
p23_s113_cross,23,profile,16,1,1,1,0
p23_s113_cross,23,profile,17,1,1,1,0
p23_s113_cross,23,profile,18,1,1,1,0
p23_s113_cross,23,profile,19,1,1,1,0
p23_s113_cross,23,profile,20,1,1,1,0
p23_s113_cross,23,profile,21,1,1,1,0
p23_s113_cross,23,profile,22,1,1,1,0
p23_s113_cross,23,profile,23,1,1,1,0
p23_s113_cross,23,profile,24,1,1,1,0
p23_s113_cross,23,profile,25,1,1,1,0
p23_s113_cross,23,profile,26,1,1,1,0
p23_s113_cross,23,profile,27,1,1,1,0
p23_s113_cross,23,profile,28,1,1,1,0
p23_s113_cross,23,profile,29,1,1,1,0
p23_s113_cross,23,profile,30,1,1,1,0
p23_s113_cross,23,profile,31,1,1,1,0
p23_s113_cross,23,profile,32,1,1,1,0
p23_s113_cross,23,profile,33,1,1,1,0
p23_s113_cross,23,profile,34,1,1,1,0
p23_s113_cross,23,profile,35,1,1,1,0
p23_s113_cross,23,profile,36,1,1,1,0
p23_s113_cross,23,profile,37,1,1,1,0
p23_s113_cross,23,profile,38,1,1,1,0
p23_s113_cross,23,profile,39,1,1,1,0
p23_s113_cross,23,profile,40,1,1,1,0
p23_s113_cross,23,profile,41,1,1,1,0
p23_s113_cross,23,profile,42,1,1,1,0
p23_s113_cross,23,profile,43,1,1,1,0
p23_s113_cross,23,profile,44,1,1,1,0
p23_s113_cross,23,profile,45,1,1,1,0
p23_s113_cross,23,profile,46,1,1,1,0
p23_s113_cross,23,profile,47,1,1,1,0
p23_s113_cross,23,profile,48,1,1,1,0
p23_s113_cross,23,profile,49,1,1,1,0
p23_s113_cross,23,profile,50,1,1,1,0
p23_s113_cross,23,profile,51,1,1,1,0
p23_s113_cross,23,profile,52,1,1,1,0
p23_s113_cross,23,profile,53,1,1,1,0
p23_s113_cross,23,profile,54,1,1,1,0
p23_s113_cross,23,profile,55,1,1,1,0
p23_s113_cross,23,profile,56,1,1,1,0
p23_s113_cross,23,profile,57,1,1,1,0
p23_s113_cross,23,profile,58,1,1,1,0
p23_s113_cross,23,profile,59,1,1,1,0
p23_s114_cross,23,point,0,23,23,23,23
p23_s114_cross,23,point,1,23,23,23,23
p23_s114_cross,23,point,2,23,23,23,23
p23_s114_cross,23,point,3,23,23,23,23
p23_s114_cross,23,point,4,23,23,23,23
p23_s114_cross,23,point,5,23,23,23,23
p23_s114_cross,23,point,6,23,23,23,23
p23_s114_cross,23,point,7,23,23,23,23
p23_s114_cross,23,point,8,23,23,23,0
p23_s114_cross,23,point,9,23,23,23,0
p23_s114_cross,23,point,10,23,23,23,0
p23_s114_cross,23,point,11,23,23,23,0
p23_s114_cross,23,point,12,23,23,23,0
p23_s114_cross,23,point,13,23,23,23,0
p23_s114_cross,23,point,14,23,23,23,0
p23_s114_cross,23,point,15,23,23,23,0
p23_s114_cross,23,point,16,23,23,23,0
p23_s114_cross,23,point,17,23,23,23,0
p23_s114_cross,23,point,18,23,23,23,0
p23_s114_cross,23,point,19,23,23,23,0
p23_s114_cross,23,point,20,23,23,23,0
p23_s114_cross,23,point,21,23,23,23,0
p23_s114_cross,23,point,22,23,23,23,0
p23_s114_cross,23,point,23,23,23,23,0
p23_s114_cross,23,point,24,23,23,23,0
p23_s114_cross,23,point,25,23,23,23,0
p23_s114_cross,23,point,26,23,23,23,0
p23_s114_cross,23,point,27,23,23,23,0
p23_s114_cross,23,point,28,23,23,23,0
p23_s114_cross,23,point,29,23,23,23,0
p23_s114_cross,23,point,30,23,23,23,0
p23_s114_cross,23,point,31,23,23,23,0
p23_s114_cross,23,point,32,23,23,23,0
p23_s114_cross,23,point,33,23,23,23,0
p23_s114_cross,23,point,34,23,23,23,0
p23_s114_cross,23,point,35,23,23,23,0
p23_s114_cross,23,point,36,23,23,23,0
p23_s114_cross,23,point,37,23,23,23,0
p23_s114_cross,23,point,38,23,23,23,0
p23_s114_cross,23,point,39,23,23,23,0
p23_s114_cross,23,point,40,23,23,23,0
p23_s114_cross,23,point,41,23,23,23,0
p23_s114_cross,23,point,42,23,23,23,0
p23_s114_cross,23,point,43,23,23,23,0
p23_s114_cross,23,point,44,23,23,23,0
p23_s114_cross,23,point,45,23,23,23,0
p23_s114_cross,23,point,46,23,23,23,0
p23_s114_cross,23,point,47,23,23,23,0
p23_s114_cross,23,point,48,23,23,23,0
p23_s114_cross,23,point,49,23,23,23,0
p23_s114_cross,23,point,50,23,23,23,0
p23_s114_cross,23,point,51,23,23,23,0
p23_s114_cross,23,point,52,23,23,23,0
p23_s114_cross,23,point,53,23,23,23,0
p23_s114_cross,23,point,54,23,23,23,0
p23_s114_cross,23,point,55,23,23,23,0
p23_s114_cross,23,point,56,23,23,23,0
p23_s114_cross,23,point,57,23,23,23,0
p23_s114_cross,23,point,58,23,23,23,0
p23_s114_cross,23,point,59,23,23,23,0
p23_s114_cross,23,profile,0,1,1,1,1
p23_s114_cross,23,profile,1,1,1,1,1
p23_s114_cross,23,profile,2,1,1,1,1
p23_s114_cross,23,profile,3,1,1,1,1
p23_s114_cross,23,profile,4,1,1,1,1
p23_s114_cross,23,profile,5,1,1,1,1
p23_s114_cross,23,profile,6,1,1,1,1
p23_s114_cross,23,profile,7,1,1,1,1
p23_s114_cross,23,profile,8,1,1,1,0
p23_s114_cross,23,profile,9,1,1,1,0
p23_s114_cross,23,profile,10,1,1,1,0
p23_s114_cross,23,profile,11,1,1,1,0
p23_s114_cross,23,profile,12,1,1,1,0
p23_s114_cross,23,profile,13,1,1,1,0
p23_s114_cross,23,profile,14,1,1,1,0
p23_s114_cross,23,profile,15,1,1,1,0
p23_s114_cross,23,profile,16,1,1,1,0
p23_s114_cross,23,profile,17,1,1,1,0
p23_s114_cross,23,profile,18,1,1,1,0
p23_s114_cross,23,profile,19,1,1,1,0
p23_s114_cross,23,profile,20,1,1,1,0
p23_s114_cross,23,profile,21,1,1,1,0
p23_s114_cross,23,profile,22,1,1,1,0
p23_s114_cross,23,profile,23,1,1,1,0
p23_s114_cross,23,profile,24,1,1,1,0
p23_s114_cross,23,profile,25,1,1,1,0
p23_s114_cross,23,profile,26,1,1,1,0
p23_s114_cross,23,profile,27,1,1,1,0
p23_s114_cross,23,profile,28,1,1,1,0
p23_s114_cross,23,profile,29,1,1,1,0
p23_s114_cross,23,profile,30,1,1,1,0
p23_s114_cross,23,profile,31,1,1,1,0
p23_s114_cross,23,profile,32,1,1,1,0
p23_s114_cross,23,profile,33,1,1,1,0
p23_s114_cross,23,profile,34,1,1,1,0
p23_s114_cross,23,profile,35,1,1,1,0
p23_s114_cross,23,profile,36,1,1,1,0
p23_s114_cross,23,profile,37,1,1,1,0
p23_s114_cross,23,profile,38,1,1,1,0
p23_s114_cross,23,profile,39,1,1,1,0
p23_s114_cross,23,profile,40,1,1,1,0
p23_s114_cross,23,profile,41,1,1,1,0
p23_s114_cross,23,profile,42,1,1,1,0
p23_s114_cross,23,profile,43,1,1,1,0
p23_s114_cross,23,profile,44,1,1,1,0
p23_s114_cross,23,profile,45,1,1,1,0
p23_s114_cross,23,profile,46,1,1,1,0
p23_s114_cross,23,profile,47,1,1,1,0
p23_s114_cross,23,profile,48,1,1,1,0
p23_s114_cross,23,profile,49,1,1,1,0
p23_s114_cross,23,profile,50,1,1,1,0
p23_s114_cross,23,profile,51,1,1,1,0
p23_s114_cross,23,profile,52,1,1,1,0
p23_s114_cross,23,profile,53,1,1,1,0
p23_s114_cross,23,profile,54,1,1,1,0
p23_s114_cross,23,profile,55,1,1,1,0
p23_s114_cross,23,profile,56,1,1,1,0
p23_s114_cross,23,profile,57,1,1,1,0
p23_s114_cross,23,profile,58,1,1,1,0
p23_s114_cross,23,profile,59,1,1,1,0
p23_s115_cross,23,point,0,23,23,23,23
p23_s115_cross,23,point,1,23,23,23,23
p23_s115_cross,23,point,2,23,23,23,23
p23_s115_cross,23,point,3,23,23,23,23
p23_s115_cross,23,point,4,23,23,23,23
p23_s115_cross,23,point,5,23,23,23,23
p23_s115_cross,23,point,6,23,23,23,23
p23_s115_cross,23,point,7,23,23,23,23
p23_s115_cross,23,point,8,23,23,23,23
p23_s115_cross,23,point,9,23,23,23,3
p23_s115_cross,23,point,10,23,23,23,0
p23_s115_cross,23,point,11,23,23,23,0
p23_s115_cross,23,point,12,23,23,23,0
p23_s115_cross,23,point,13,23,23,23,0
p23_s115_cross,23,point,14,23,23,23,0
p23_s115_cross,23,point,15,23,23,23,0
p23_s115_cross,23,point,16,23,23,23,0
p23_s115_cross,23,point,17,23,23,23,0
p23_s115_cross,23,point,18,23,23,23,0
p23_s115_cross,23,point,19,23,23,23,0
p23_s115_cross,23,point,20,23,23,23,0
p23_s115_cross,23,point,21,23,23,23,0
p23_s115_cross,23,point,22,23,23,23,0
p23_s115_cross,23,point,23,23,23,23,0
p23_s115_cross,23,point,24,23,23,23,0
p23_s115_cross,23,point,25,23,23,23,0
p23_s115_cross,23,point,26,23,23,23,0
p23_s115_cross,23,point,27,23,23,23,0
p23_s115_cross,23,point,28,23,23,23,0
p23_s115_cross,23,point,29,23,23,23,0
p23_s115_cross,23,point,30,23,23,23,0
p23_s115_cross,23,point,31,23,23,23,0
p23_s115_cross,23,point,32,23,23,23,0
p23_s115_cross,23,point,33,23,23,23,0
p23_s115_cross,23,point,34,23,23,23,0
p23_s115_cross,23,point,35,23,23,23,0
p23_s115_cross,23,point,36,23,23,23,0
p23_s115_cross,23,point,37,23,23,23,0
p23_s115_cross,23,point,38,23,23,23,0
p23_s115_cross,23,point,39,23,23,23,0
p23_s115_cross,23,point,40,23,23,23,0
p23_s115_cross,23,point,41,23,23,23,0
p23_s115_cross,23,point,42,23,23,23,0
p23_s115_cross,23,point,43,23,23,23,0
p23_s115_cross,23,point,44,23,23,23,0
p23_s115_cross,23,point,45,23,23,23,0
p23_s115_cross,23,point,46,23,23,23,0
p23_s115_cross,23,point,47,23,23,23,0
p23_s115_cross,23,point,48,23,23,23,0
p23_s115_cross,23,point,49,23,23,23,0
p23_s115_cross,23,point,50,23,23,23,0
p23_s115_cross,23,point,51,23,23,23,0
p23_s115_cross,23,point,52,23,23,23,0
p23_s115_cross,23,point,53,23,23,23,0
p23_s115_cross,23,point,54,23,23,23,0
p23_s115_cross,23,point,55,23,23,23,0
p23_s115_cross,23,point,56,23,23,23,0
p23_s115_cross,23,point,57,23,23,23,0
p23_s115_cross,23,point,58,23,23,23,0
p23_s115_cross,23,point,59,23,23,23,0
p23_s115_cross,23,profile,0,1,1,1,1
p23_s115_cross,23,profile,1,1,1,1,1
p23_s115_cross,23,profile,2,1,1,1,1
p23_s115_cross,23,profile,3,1,1,1,1
p23_s115_cross,23,profile,4,1,1,1,1
p23_s115_cross,23,profile,5,1,1,1,1
p23_s115_cross,23,profile,6,1,1,1,1
p23_s115_cross,23,profile,7,1,1,1,1
p23_s115_cross,23,profile,8,1,1,1,1
p23_s115_cross,23,profile,9,1,1,1,0
p23_s115_cross,23,profile,10,1,1,1,0
p23_s115_cross,23,profile,11,1,1,1,0
p23_s115_cross,23,profile,12,1,1,1,0
p23_s115_cross,23,profile,13,1,1,1,0
p23_s115_cross,23,profile,14,1,1,1,0
p23_s115_cross,23,profile,15,1,1,1,0
p23_s115_cross,23,profile,16,1,1,1,0
p23_s115_cross,23,profile,17,1,1,1,0
p23_s115_cross,23,profile,18,1,1,1,0
p23_s115_cross,23,profile,19,1,1,1,0
p23_s115_cross,23,profile,20,1,1,1,0
p23_s115_cross,23,profile,21,1,1,1,0
p23_s115_cross,23,profile,22,1,1,1,0
p23_s115_cross,23,profile,23,1,1,1,0
p23_s115_cross,23,profile,24,1,1,1,0
p23_s115_cross,23,profile,25,1,1,1,0
p23_s115_cross,23,profile,26,1,1,1,0
p23_s115_cross,23,profile,27,1,1,1,0
p23_s115_cross,23,profile,28,1,1,1,0
p23_s115_cross,23,profile,29,1,1,1,0
p23_s115_cross,23,profile,30,1,1,1,0
p23_s115_cross,23,profile,31,1,1,1,0
p23_s115_cross,23,profile,32,1,1,1,0
p23_s115_cross,23,profile,33,1,1,1,0
p23_s115_cross,23,profile,34,1,1,1,0
p23_s115_cross,23,profile,35,1,1,1,0
p23_s115_cross,23,profile,36,1,1,1,0
p23_s115_cross,23,profile,37,1,1,1,0
p23_s115_cross,23,profile,38,1,1,1,0
p23_s115_cross,23,profile,39,1,1,1,0
p23_s115_cross,23,profile,40,1,1,1,0
p23_s115_cross,23,profile,41,1,1,1,0
p23_s115_cross,23,profile,42,1,1,1,0
p23_s115_cross,23,profile,43,1,1,1,0
p23_s115_cross,23,profile,44,1,1,1,0
p23_s115_cross,23,profile,45,1,1,1,0
p23_s115_cross,23,profile,46,1,1,1,0
p23_s115_cross,23,profile,47,1,1,1,0
p23_s115_cross,23,profile,48,1,1,1,0
p23_s115_cross,23,profile,49,1,1,1,0
p23_s115_cross,23,profile,50,1,1,1,0
p23_s115_cross,23,profile,51,1,1,1,0
p23_s115_cross,23,profile,52,1,1,1,0
p23_s115_cross,23,profile,53,1,1,1,0
p23_s115_cross,23,profile,54,1,1,1,0
p23_s115_cross,23,profile,55,1,1,1,0
p23_s115_cross,23,profile,56,1,1,1,0
p23_s115_cross,23,profile,57,1,1,1,0
p23_s115_cross,23,profile,58,1,1,1,0
p23_s115_cross,23,profile,59,1,1,1,0
p23_s116_cross,23,point,0,23,23,23,23
p23_s116_cross,23,point,1,23,23,23,23
p23_s116_cross,23,point,2,23,23,23,23
p23_s116_cross,23,point,3,23,23,23,23
p23_s116_cross,23,point,4,23,23,23,23
p23_s116_cross,23,point,5,23,23,23,23
p23_s116_cross,23,point,6,23,23,23,23
p23_s116_cross,23,point,7,23,23,23,23
p23_s116_cross,23,point,8,23,23,23,0
p23_s116_cross,23,point,9,23,23,23,0
p23_s116_cross,23,point,10,23,23,23,0
p23_s116_cross,23,point,11,23,23,23,0
p23_s116_cross,23,point,12,23,23,23,0
p23_s116_cross,23,point,13,23,23,23,0
p23_s116_cross,23,point,14,23,23,23,0
p23_s116_cross,23,point,15,23,23,23,0
p23_s116_cross,23,point,16,23,23,23,0
p23_s116_cross,23,point,17,23,23,23,0
p23_s116_cross,23,point,18,23,23,23,0
p23_s116_cross,23,point,19,23,23,23,0
p23_s116_cross,23,point,20,23,23,23,0
p23_s116_cross,23,point,21,23,23,23,0
p23_s116_cross,23,point,22,23,23,23,0
p23_s116_cross,23,point,23,23,23,23,0
p23_s116_cross,23,point,24,23,23,23,0
p23_s116_cross,23,point,25,23,23,23,0
p23_s116_cross,23,point,26,23,23,23,0
p23_s116_cross,23,point,27,23,23,23,0
p23_s116_cross,23,point,28,23,23,23,0
p23_s116_cross,23,point,29,23,23,23,0
p23_s116_cross,23,point,30,23,23,23,0
p23_s116_cross,23,point,31,23,23,23,0
p23_s116_cross,23,point,32,23,23,23,0
p23_s116_cross,23,point,33,23,23,23,0
p23_s116_cross,23,point,34,23,23,23,0
p23_s116_cross,23,point,35,23,23,23,0
p23_s116_cross,23,point,36,23,23,23,0
p23_s116_cross,23,point,37,23,23,23,0
p23_s116_cross,23,point,38,23,23,23,0
p23_s116_cross,23,point,39,23,23,23,0
p23_s116_cross,23,point,40,23,23,23,0
p23_s116_cross,23,point,41,23,23,23,0
p23_s116_cross,23,point,42,23,23,23,0
p23_s116_cross,23,point,43,23,23,23,0
p23_s116_cross,23,point,44,23,23,23,0
p23_s116_cross,23,point,45,23,23,23,0
p23_s116_cross,23,point,46,23,23,23,0
p23_s116_cross,23,point,47,23,23,23,0
p23_s116_cross,23,point,48,23,23,23,0
p23_s116_cross,23,point,49,23,23,23,0
p23_s116_cross,23,point,50,23,23,23,0
p23_s116_cross,23,point,51,23,23,23,0
p23_s116_cross,23,point,52,23,23,23,0
p23_s116_cross,23,point,53,23,23,23,0
p23_s116_cross,23,point,54,23,23,23,0
p23_s116_cross,23,point,55,23,23,23,0
p23_s116_cross,23,point,56,23,23,23,0
p23_s116_cross,23,point,57,23,23,23,0
p23_s116_cross,23,point,58,23,23,23,0
p23_s116_cross,23,point,59,23,23,23,0
p23_s116_cross,23,profile,0,1,1,1,1
p23_s116_cross,23,profile,1,1,1,1,1
p23_s116_cross,23,profile,2,1,1,1,1
p23_s116_cross,23,profile,3,1,1,1,1
p23_s116_cross,23,profile,4,1,1,1,1
p23_s116_cross,23,profile,5,1,1,1,1
p23_s116_cross,23,profile,6,1,1,1,1
p23_s116_cross,23,profile,7,1,1,1,1
p23_s116_cross,23,profile,8,1,1,1,0
p23_s116_cross,23,profile,9,1,1,1,0
p23_s116_cross,23,profile,10,1,1,1,0
p23_s116_cross,23,profile,11,1,1,1,0
p23_s116_cross,23,profile,12,1,1,1,0
p23_s116_cross,23,profile,13,1,1,1,0
p23_s116_cross,23,profile,14,1,1,1,0
p23_s116_cross,23,profile,15,1,1,1,0
p23_s116_cross,23,profile,16,1,1,1,0
p23_s116_cross,23,profile,17,1,1,1,0
p23_s116_cross,23,profile,18,1,1,1,0
p23_s116_cross,23,profile,19,1,1,1,0
p23_s116_cross,23,profile,20,1,1,1,0
p23_s116_cross,23,profile,21,1,1,1,0
p23_s116_cross,23,profile,22,1,1,1,0
p23_s116_cross,23,profile,23,1,1,1,0
p23_s116_cross,23,profile,24,1,1,1,0
p23_s116_cross,23,profile,25,1,1,1,0
p23_s116_cross,23,profile,26,1,1,1,0
p23_s116_cross,23,profile,27,1,1,1,0
p23_s116_cross,23,profile,28,1,1,1,0
p23_s116_cross,23,profile,29,1,1,1,0
p23_s116_cross,23,profile,30,1,1,1,0
p23_s116_cross,23,profile,31,1,1,1,0
p23_s116_cross,23,profile,32,1,1,1,0
p23_s116_cross,23,profile,33,1,1,1,0
p23_s116_cross,23,profile,34,1,1,1,0
p23_s116_cross,23,profile,35,1,1,1,0
p23_s116_cross,23,profile,36,1,1,1,0
p23_s116_cross,23,profile,37,1,1,1,0
p23_s116_cross,23,profile,38,1,1,1,0
p23_s116_cross,23,profile,39,1,1,1,0
p23_s116_cross,23,profile,40,1,1,1,0
p23_s116_cross,23,profile,41,1,1,1,0
p23_s116_cross,23,profile,42,1,1,1,0
p23_s116_cross,23,profile,43,1,1,1,0
p23_s116_cross,23,profile,44,1,1,1,0
p23_s116_cross,23,profile,45,1,1,1,0
p23_s116_cross,23,profile,46,1,1,1,0
p23_s116_cross,23,profile,47,1,1,1,0
p23_s116_cross,23,profile,48,1,1,1,0
p23_s116_cross,23,profile,49,1,1,1,0
p23_s116_cross,23,profile,50,1,1,1,0
p23_s116_cross,23,profile,51,1,1,1,0
p23_s116_cross,23,profile,52,1,1,1,0
p23_s116_cross,23,profile,53,1,1,1,0
p23_s116_cross,23,profile,54,1,1,1,0
p23_s116_cross,23,profile,55,1,1,1,0
p23_s116_cross,23,profile,56,1,1,1,0
p23_s116_cross,23,profile,57,1,1,1,0
p23_s116_cross,23,profile,58,1,1,1,0
p23_s116_cross,23,profile,59,1,1,1,0
p23_s117_cross,23,point,0,23,23,23,23
p23_s117_cross,23,point,1,23,23,23,23
p23_s117_cross,23,point,2,23,23,23,23
p23_s117_cross,23,point,3,23,23,23,23
p23_s117_cross,23,point,4,23,23,23,23
p23_s117_cross,23,point,5,23,23,23,23
p23_s117_cross,23,point,6,23,23,23,23
p23_s117_cross,23,point,7,23,23,23,23
p23_s117_cross,23,point,8,23,23,23,21
p23_s117_cross,23,point,9,23,23,23,0
p23_s117_cross,23,point,10,23,23,23,0
p23_s117_cross,23,point,11,23,23,23,0
p23_s117_cross,23,point,12,23,23,23,0
p23_s117_cross,23,point,13,23,23,23,0
p23_s117_cross,23,point,14,23,23,23,0
p23_s117_cross,23,point,15,23,23,23,0
p23_s117_cross,23,point,16,23,23,23,0
p23_s117_cross,23,point,17,23,23,23,0
p23_s117_cross,23,point,18,23,23,23,0
p23_s117_cross,23,point,19,23,23,23,0
p23_s117_cross,23,point,20,23,23,23,0
p23_s117_cross,23,point,21,23,23,23,0
p23_s117_cross,23,point,22,23,23,23,0
p23_s117_cross,23,point,23,23,23,23,0
p23_s117_cross,23,point,24,23,23,23,0
p23_s117_cross,23,point,25,23,23,23,0
p23_s117_cross,23,point,26,23,23,23,0
p23_s117_cross,23,point,27,23,23,23,0
p23_s117_cross,23,point,28,23,23,23,0
p23_s117_cross,23,point,29,23,23,23,0
p23_s117_cross,23,point,30,23,23,23,0
p23_s117_cross,23,point,31,23,23,23,0
p23_s117_cross,23,point,32,23,23,23,0
p23_s117_cross,23,point,33,23,23,23,0
p23_s117_cross,23,point,34,23,23,23,0
p23_s117_cross,23,point,35,23,23,23,0
p23_s117_cross,23,point,36,23,23,23,0
p23_s117_cross,23,point,37,23,23,23,0
p23_s117_cross,23,point,38,23,23,23,0
p23_s117_cross,23,point,39,23,23,23,0
p23_s117_cross,23,point,40,23,23,23,0
p23_s117_cross,23,point,41,23,23,23,0
p23_s117_cross,23,point,42,23,23,23,0
p23_s117_cross,23,point,43,23,23,23,0
p23_s117_cross,23,point,44,23,23,23,0
p23_s117_cross,23,point,45,23,23,23,0
p23_s117_cross,23,point,46,23,23,23,0
p23_s117_cross,23,point,47,23,23,23,0
p23_s117_cross,23,point,48,23,23,23,0
p23_s117_cross,23,point,49,23,23,23,0
p23_s117_cross,23,point,50,23,23,23,0
p23_s117_cross,23,point,51,23,23,23,0
p23_s117_cross,23,point,52,23,23,23,0
p23_s117_cross,23,point,53,23,23,23,0
p23_s117_cross,23,point,54,23,23,23,0
p23_s117_cross,23,point,55,23,23,23,0
p23_s117_cross,23,point,56,23,23,23,0
p23_s117_cross,23,point,57,23,23,23,0
p23_s117_cross,23,point,58,23,23,23,0
p23_s117_cross,23,point,59,23,23,23,0
p23_s117_cross,23,profile,0,1,1,1,1
p23_s117_cross,23,profile,1,1,1,1,1
p23_s117_cross,23,profile,2,1,1,1,1
p23_s117_cross,23,profile,3,1,1,1,1
p23_s117_cross,23,profile,4,1,1,1,1
p23_s117_cross,23,profile,5,1,1,1,1
p23_s117_cross,23,profile,6,1,1,1,1
p23_s117_cross,23,profile,7,1,1,1,1
p23_s117_cross,23,profile,8,1,1,1,1
p23_s117_cross,23,profile,9,1,1,1,0
p23_s117_cross,23,profile,10,1,1,1,0
p23_s117_cross,23,profile,11,1,1,1,0
p23_s117_cross,23,profile,12,1,1,1,0
p23_s117_cross,23,profile,13,1,1,1,0
p23_s117_cross,23,profile,14,1,1,1,0
p23_s117_cross,23,profile,15,1,1,1,0
p23_s117_cross,23,profile,16,1,1,1,0
p23_s117_cross,23,profile,17,1,1,1,0
p23_s117_cross,23,profile,18,1,1,1,0
p23_s117_cross,23,profile,19,1,1,1,0
p23_s117_cross,23,profile,20,1,1,1,0
p23_s117_cross,23,profile,21,1,1,1,0
p23_s117_cross,23,profile,22,1,1,1,0
p23_s117_cross,23,profile,23,1,1,1,0
p23_s117_cross,23,profile,24,1,1,1,0
p23_s117_cross,23,profile,25,1,1,1,0
p23_s117_cross,23,profile,26,1,1,1,0
p23_s117_cross,23,profile,27,1,1,1,0
p23_s117_cross,23,profile,28,1,1,1,0
p23_s117_cross,23,profile,29,1,1,1,0
p23_s117_cross,23,profile,30,1,1,1,0
p23_s117_cross,23,profile,31,1,1,1,0
p23_s117_cross,23,profile,32,1,1,1,0
p23_s117_cross,23,profile,33,1,1,1,0
p23_s117_cross,23,profile,34,1,1,1,0
p23_s117_cross,23,profile,35,1,1,1,0
p23_s117_cross,23,profile,36,1,1,1,0
p23_s117_cross,23,profile,37,1,1,1,0
p23_s117_cross,23,profile,38,1,1,1,0
p23_s117_cross,23,profile,39,1,1,1,0
p23_s117_cross,23,profile,40,1,1,1,0
p23_s117_cross,23,profile,41,1,1,1,0
p23_s117_cross,23,profile,42,1,1,1,0
p23_s117_cross,23,profile,43,1,1,1,0
p23_s117_cross,23,profile,44,1,1,1,0
p23_s117_cross,23,profile,45,1,1,1,0
p23_s117_cross,23,profile,46,1,1,1,0
p23_s117_cross,23,profile,47,1,1,1,0
p23_s117_cross,23,profile,48,1,1,1,0
p23_s117_cross,23,profile,49,1,1,1,0
p23_s117_cross,23,profile,50,1,1,1,0
p23_s117_cross,23,profile,51,1,1,1,0
p23_s117_cross,23,profile,52,1,1,1,0
p23_s117_cross,23,profile,53,1,1,1,0
p23_s117_cross,23,profile,54,1,1,1,0
p23_s117_cross,23,profile,55,1,1,1,0
p23_s117_cross,23,profile,56,1,1,1,0
p23_s117_cross,23,profile,57,1,1,1,0
p23_s117_cross,23,profile,58,1,1,1,0
p23_s117_cross,23,profile,59,1,1,1,0
p23_s118_cross,23,point,0,23,23,23,23
p23_s118_cross,23,point,1,23,23,23,23
p23_s118_cross,23,point,2,23,23,23,23
p23_s118_cross,23,point,3,23,23,23,23
p23_s118_cross,23,point,4,23,23,23,23
p23_s118_cross,23,point,5,23,23,23,23
p23_s118_cross,23,point,6,23,23,23,23
p23_s118_cross,23,point,7,23,23,23,23
p23_s118_cross,23,point,8,23,23,23,0
p23_s118_cross,23,point,9,23,23,23,0
p23_s118_cross,23,point,10,23,23,23,0
p23_s118_cross,23,point,11,23,23,23,0
p23_s118_cross,23,point,12,23,23,23,0
p23_s118_cross,23,point,13,23,23,23,0
p23_s118_cross,23,point,14,23,23,23,0
p23_s118_cross,23,point,15,23,23,23,0
p23_s118_cross,23,point,16,23,23,23,0
p23_s118_cross,23,point,17,23,23,23,0
p23_s118_cross,23,point,18,23,23,23,0
p23_s118_cross,23,point,19,23,23,23,0
p23_s118_cross,23,point,20,23,23,23,0
p23_s118_cross,23,point,21,23,23,23,0
p23_s118_cross,23,point,22,23,23,23,0
p23_s118_cross,23,point,23,23,23,23,0
p23_s118_cross,23,point,24,23,23,23,0
p23_s118_cross,23,point,25,23,23,23,0
p23_s118_cross,23,point,26,23,23,23,0
p23_s118_cross,23,point,27,23,23,23,0
p23_s118_cross,23,point,28,23,23,23,0
p23_s118_cross,23,point,29,23,23,23,0
p23_s118_cross,23,point,30,23,23,23,0
p23_s118_cross,23,point,31,23,23,23,0
p23_s118_cross,23,point,32,23,23,23,0
p23_s118_cross,23,point,33,23,23,23,0
p23_s118_cross,23,point,34,23,23,23,0
p23_s118_cross,23,point,35,23,23,23,0
p23_s118_cross,23,point,36,23,23,23,0
p23_s118_cross,23,point,37,23,23,23,0
p23_s118_cross,23,point,38,23,23,23,0
p23_s118_cross,23,point,39,23,23,23,0
p23_s118_cross,23,point,40,23,23,23,0
p23_s118_cross,23,point,41,23,23,23,0
p23_s118_cross,23,point,42,23,23,23,0
p23_s118_cross,23,point,43,23,23,23,0
p23_s118_cross,23,point,44,23,23,23,0
p23_s118_cross,23,point,45,23,23,23,0
p23_s118_cross,23,point,46,23,23,23,0
p23_s118_cross,23,point,47,23,23,23,0
p23_s118_cross,23,point,48,23,23,23,0
p23_s118_cross,23,point,49,23,23,23,0
p23_s118_cross,23,point,50,23,23,23,0
p23_s118_cross,23,point,51,23,23,23,0
p23_s118_cross,23,point,52,23,23,23,0
p23_s118_cross,23,point,53,23,23,23,0
p23_s118_cross,23,point,54,23,23,23,0
p23_s118_cross,23,point,55,23,23,23,0
p23_s118_cross,23,point,56,23,23,23,0
p23_s118_cross,23,point,57,23,23,23,0
p23_s118_cross,23,point,58,23,23,23,0
p23_s118_cross,23,point,59,23,23,23,0
p23_s118_cross,23,profile,0,1,1,1,1
p23_s118_cross,23,profile,1,1,1,1,1
p23_s118_cross,23,profile,2,1,1,1,1
p23_s118_cross,23,profile,3,1,1,1,1
p23_s118_cross,23,profile,4,1,1,1,1
p23_s118_cross,23,profile,5,1,1,1,1
p23_s118_cross,23,profile,6,1,1,1,1
p23_s118_cross,23,profile,7,1,1,1,1
p23_s118_cross,23,profile,8,1,1,1,0
p23_s118_cross,23,profile,9,1,1,1,0
p23_s118_cross,23,profile,10,1,1,1,0
p23_s118_cross,23,profile,11,1,1,1,0
p23_s118_cross,23,profile,12,1,1,1,0
p23_s118_cross,23,profile,13,1,1,1,0
p23_s118_cross,23,profile,14,1,1,1,0
p23_s118_cross,23,profile,15,1,1,1,0
p23_s118_cross,23,profile,16,1,1,1,0
p23_s118_cross,23,profile,17,1,1,1,0
p23_s118_cross,23,profile,18,1,1,1,0
p23_s118_cross,23,profile,19,1,1,1,0
p23_s118_cross,23,profile,20,1,1,1,0
p23_s118_cross,23,profile,21,1,1,1,0
p23_s118_cross,23,profile,22,1,1,1,0
p23_s118_cross,23,profile,23,1,1,1,0
p23_s118_cross,23,profile,24,1,1,1,0
p23_s118_cross,23,profile,25,1,1,1,0
p23_s118_cross,23,profile,26,1,1,1,0
p23_s118_cross,23,profile,27,1,1,1,0
p23_s118_cross,23,profile,28,1,1,1,0
p23_s118_cross,23,profile,29,1,1,1,0
p23_s118_cross,23,profile,30,1,1,1,0
p23_s118_cross,23,profile,31,1,1,1,0
p23_s118_cross,23,profile,32,1,1,1,0
p23_s118_cross,23,profile,33,1,1,1,0
p23_s118_cross,23,profile,34,1,1,1,0
p23_s118_cross,23,profile,35,1,1,1,0
p23_s118_cross,23,profile,36,1,1,1,0
p23_s118_cross,23,profile,37,1,1,1,0
p23_s118_cross,23,profile,38,1,1,1,0
p23_s118_cross,23,profile,39,1,1,1,0
p23_s118_cross,23,profile,40,1,1,1,0
p23_s118_cross,23,profile,41,1,1,1,0
p23_s118_cross,23,profile,42,1,1,1,0
p23_s118_cross,23,profile,43,1,1,1,0
p23_s118_cross,23,profile,44,1,1,1,0
p23_s118_cross,23,profile,45,1,1,1,0
p23_s118_cross,23,profile,46,1,1,1,0
p23_s118_cross,23,profile,47,1,1,1,0
p23_s118_cross,23,profile,48,1,1,1,0
p23_s118_cross,23,profile,49,1,1,1,0
p23_s118_cross,23,profile,50,1,1,1,0
p23_s118_cross,23,profile,51,1,1,1,0
p23_s118_cross,23,profile,52,1,1,1,0
p23_s118_cross,23,profile,53,1,1,1,0
p23_s118_cross,23,profile,54,1,1,1,0
p23_s118_cross,23,profile,55,1,1,1,0
p23_s118_cross,23,profile,56,1,1,1,0
p23_s118_cross,23,profile,57,1,1,1,0
p23_s118_cross,23,profile,58,1,1,1,0
p23_s118_cross,23,profile,59,1,1,1,0
p23_s119_cross,23,point,0,23,23,23,23
p23_s119_cross,23,point,1,23,23,23,23
p23_s119_cross,23,point,2,23,23,23,23
p23_s119_cross,23,point,3,23,23,23,23
p23_s119_cross,23,point,4,23,23,23,23
p23_s119_cross,23,point,5,23,23,23,23
p23_s119_cross,23,point,6,23,23,23,23
p23_s119_cross,23,point,7,23,23,23,23
p23_s119_cross,23,point,8,23,23,23,21
p23_s119_cross,23,point,9,23,23,23,0
p23_s119_cross,23,point,10,23,23,23,0
p23_s119_cross,23,point,11,23,23,23,0
p23_s119_cross,23,point,12,23,23,23,0
p23_s119_cross,23,point,13,23,23,23,0
p23_s119_cross,23,point,14,23,23,23,0
p23_s119_cross,23,point,15,23,23,23,0
p23_s119_cross,23,point,16,23,23,23,0
p23_s119_cross,23,point,17,23,23,23,0
p23_s119_cross,23,point,18,23,23,23,0
p23_s119_cross,23,point,19,23,23,23,0
p23_s119_cross,23,point,20,23,23,23,0
p23_s119_cross,23,point,21,23,23,23,0
p23_s119_cross,23,point,22,23,23,23,0
p23_s119_cross,23,point,23,23,23,23,0
p23_s119_cross,23,point,24,23,23,23,0
p23_s119_cross,23,point,25,23,23,23,0
p23_s119_cross,23,point,26,23,23,23,0
p23_s119_cross,23,point,27,23,23,23,0
p23_s119_cross,23,point,28,23,23,23,0
p23_s119_cross,23,point,29,23,23,23,0
p23_s119_cross,23,point,30,23,23,23,0
p23_s119_cross,23,point,31,23,23,23,0
p23_s119_cross,23,point,32,23,23,23,0
p23_s119_cross,23,point,33,23,23,23,0
p23_s119_cross,23,point,34,23,23,23,0
p23_s119_cross,23,point,35,23,23,23,0
p23_s119_cross,23,point,36,23,23,23,0
p23_s119_cross,23,point,37,23,23,23,0
p23_s119_cross,23,point,38,23,23,23,0
p23_s119_cross,23,point,39,23,23,23,0
p23_s119_cross,23,point,40,23,23,23,0
p23_s119_cross,23,point,41,23,23,23,0
p23_s119_cross,23,point,42,23,23,23,0
p23_s119_cross,23,point,43,23,23,23,0
p23_s119_cross,23,point,44,23,23,23,0
p23_s119_cross,23,point,45,23,23,23,0
p23_s119_cross,23,point,46,23,23,23,0
p23_s119_cross,23,point,47,23,23,23,0
p23_s119_cross,23,point,48,23,23,23,0
p23_s119_cross,23,point,49,23,23,23,0
p23_s119_cross,23,point,50,23,23,23,0
p23_s119_cross,23,point,51,23,23,23,0
p23_s119_cross,23,point,52,23,23,23,0
p23_s119_cross,23,point,53,23,23,23,0
p23_s119_cross,23,point,54,23,23,23,0
p23_s119_cross,23,point,55,23,23,23,0
p23_s119_cross,23,point,56,23,23,23,0
p23_s119_cross,23,point,57,23,23,23,0
p23_s119_cross,23,point,58,23,23,23,0
p23_s119_cross,23,point,59,23,23,23,0
p23_s119_cross,23,profile,0,1,1,1,1
p23_s119_cross,23,profile,1,1,1,1,1
p23_s119_cross,23,profile,2,1,1,1,1
p23_s119_cross,23,profile,3,1,1,1,1
p23_s119_cross,23,profile,4,1,1,1,1
p23_s119_cross,23,profile,5,1,1,1,1
p23_s119_cross,23,profile,6,1,1,1,1
p23_s119_cross,23,profile,7,1,1,1,1
p23_s119_cross,23,profile,8,1,1,1,1
p23_s119_cross,23,profile,9,1,1,1,0
p23_s119_cross,23,profile,10,1,1,1,0
p23_s119_cross,23,profile,11,1,1,1,0
p23_s119_cross,23,profile,12,1,1,1,0
p23_s119_cross,23,profile,13,1,1,1,0
p23_s119_cross,23,profile,14,1,1,1,0
p23_s119_cross,23,profile,15,1,1,1,0
p23_s119_cross,23,profile,16,1,1,1,0
p23_s119_cross,23,profile,17,1,1,1,0
p23_s119_cross,23,profile,18,1,1,1,0
p23_s119_cross,23,profile,19,1,1,1,0
p23_s119_cross,23,profile,20,1,1,1,0
p23_s119_cross,23,profile,21,1,1,1,0
p23_s119_cross,23,profile,22,1,1,1,0
p23_s119_cross,23,profile,23,1,1,1,0
p23_s119_cross,23,profile,24,1,1,1,0
p23_s119_cross,23,profile,25,1,1,1,0
p23_s119_cross,23,profile,26,1,1,1,0
p23_s119_cross,23,profile,27,1,1,1,0
p23_s119_cross,23,profile,28,1,1,1,0
p23_s119_cross,23,profile,29,1,1,1,0
p23_s119_cross,23,profile,30,1,1,1,0
p23_s119_cross,23,profile,31,1,1,1,0
p23_s119_cross,23,profile,32,1,1,1,0
p23_s119_cross,23,profile,33,1,1,1,0
p23_s119_cross,23,profile,34,1,1,1,0
p23_s119_cross,23,profile,35,1,1,1,0
p23_s119_cross,23,profile,36,1,1,1,0
p23_s119_cross,23,profile,37,1,1,1,0
p23_s119_cross,23,profile,38,1,1,1,0
p23_s119_cross,23,profile,39,1,1,1,0
p23_s119_cross,23,profile,40,1,1,1,0
p23_s119_cross,23,profile,41,1,1,1,0
p23_s119_cross,23,profile,42,1,1,1,0
p23_s119_cross,23,profile,43,1,1,1,0
p23_s119_cross,23,profile,44,1,1,1,0
p23_s119_cross,23,profile,45,1,1,1,0
p23_s119_cross,23,profile,46,1,1,1,0
p23_s119_cross,23,profile,47,1,1,1,0
p23_s119_cross,23,profile,48,1,1,1,0
p23_s119_cross,23,profile,49,1,1,1,0
p23_s119_cross,23,profile,50,1,1,1,0
p23_s119_cross,23,profile,51,1,1,1,0
p23_s119_cross,23,profile,52,1,1,1,0
p23_s119_cross,23,profile,53,1,1,1,0
p23_s119_cross,23,profile,54,1,1,1,0
p23_s119_cross,23,profile,55,1,1,1,0
p23_s119_cross,23,profile,56,1,1,1,0
p23_s119_cross,23,profile,57,1,1,1,0
p23_s119_cross,23,profile,58,1,1,1,0
p23_s119_cross,23,profile,59,1,1,1,0
p23_s120_cross,23,point,0,23,23,23,23
p23_s120_cross,23,point,1,23,23,23,23
p23_s120_cross,23,point,2,23,23,23,23
p23_s120_cross,23,point,3,23,23,23,23
p23_s120_cross,23,point,4,23,23,23,23
p23_s120_cross,23,point,5,23,23,23,23
p23_s120_cross,23,point,6,23,23,23,23
p23_s120_cross,23,point,7,23,23,23,23
p23_s120_cross,23,point,8,23,23,23,0
p23_s120_cross,23,point,9,23,23,23,0
p23_s120_cross,23,point,10,23,23,23,0
p23_s120_cross,23,point,11,23,23,23,0
p23_s120_cross,23,point,12,23,23,23,0
p23_s120_cross,23,point,13,23,23,23,0
p23_s120_cross,23,point,14,23,23,23,0
p23_s120_cross,23,point,15,23,23,23,0
p23_s120_cross,23,point,16,23,23,23,0
p23_s120_cross,23,point,17,23,23,23,0
p23_s120_cross,23,point,18,23,23,23,0
p23_s120_cross,23,point,19,23,23,23,0
p23_s120_cross,23,point,20,23,23,23,0
p23_s120_cross,23,point,21,23,23,23,0
p23_s120_cross,23,point,22,23,23,23,0
p23_s120_cross,23,point,23,23,23,23,0
p23_s120_cross,23,point,24,23,23,23,0
p23_s120_cross,23,point,25,23,23,23,0
p23_s120_cross,23,point,26,23,23,23,0
p23_s120_cross,23,point,27,23,23,23,0
p23_s120_cross,23,point,28,23,23,23,0
p23_s120_cross,23,point,29,23,23,23,0
p23_s120_cross,23,point,30,23,23,23,0
p23_s120_cross,23,point,31,23,23,23,0
p23_s120_cross,23,point,32,23,23,23,0
p23_s120_cross,23,point,33,23,23,23,0
p23_s120_cross,23,point,34,23,23,23,0
p23_s120_cross,23,point,35,23,23,23,0
p23_s120_cross,23,point,36,23,23,23,0
p23_s120_cross,23,point,37,23,23,23,0
p23_s120_cross,23,point,38,23,23,23,0
p23_s120_cross,23,point,39,23,23,23,0
p23_s120_cross,23,point,40,23,23,23,0
p23_s120_cross,23,point,41,23,23,23,0
p23_s120_cross,23,point,42,23,23,23,0
p23_s120_cross,23,point,43,23,23,23,0
p23_s120_cross,23,point,44,23,23,23,0
p23_s120_cross,23,point,45,23,23,23,0
p23_s120_cross,23,point,46,23,23,23,0
p23_s120_cross,23,point,47,23,23,23,0
p23_s120_cross,23,point,48,23,23,23,0
p23_s120_cross,23,point,49,23,23,23,0
p23_s120_cross,23,point,50,23,23,23,0
p23_s120_cross,23,point,51,23,23,23,0
p23_s120_cross,23,point,52,23,23,23,0
p23_s120_cross,23,point,53,23,23,23,0
p23_s120_cross,23,point,54,23,23,23,0
p23_s120_cross,23,point,55,23,23,23,0
p23_s120_cross,23,point,56,23,23,23,0
p23_s120_cross,23,point,57,23,23,23,0
p23_s120_cross,23,point,58,23,23,23,0
p23_s120_cross,23,point,59,23,23,23,0
p23_s120_cross,23,profile,0,1,1,1,1
p23_s120_cross,23,profile,1,1,1,1,1
p23_s120_cross,23,profile,2,1,1,1,1
p23_s120_cross,23,profile,3,1,1,1,1
p23_s120_cross,23,profile,4,1,1,1,1
p23_s120_cross,23,profile,5,1,1,1,1
p23_s120_cross,23,profile,6,1,1,1,1
p23_s120_cross,23,profile,7,1,1,1,1
p23_s120_cross,23,profile,8,1,1,1,0
p23_s120_cross,23,profile,9,1,1,1,0
p23_s120_cross,23,profile,10,1,1,1,0
p23_s120_cross,23,profile,11,1,1,1,0
p23_s120_cross,23,profile,12,1,1,1,0
p23_s120_cross,23,profile,13,1,1,1,0
p23_s120_cross,23,profile,14,1,1,1,0
p23_s120_cross,23,profile,15,1,1,1,0
p23_s120_cross,23,profile,16,1,1,1,0
p23_s120_cross,23,profile,17,1,1,1,0
p23_s120_cross,23,profile,18,1,1,1,0
p23_s120_cross,23,profile,19,1,1,1,0
p23_s120_cross,23,profile,20,1,1,1,0
p23_s120_cross,23,profile,21,1,1,1,0
p23_s120_cross,23,profile,22,1,1,1,0
p23_s120_cross,23,profile,23,1,1,1,0
p23_s120_cross,23,profile,24,1,1,1,0
p23_s120_cross,23,profile,25,1,1,1,0
p23_s120_cross,23,profile,26,1,1,1,0
p23_s120_cross,23,profile,27,1,1,1,0
p23_s120_cross,23,profile,28,1,1,1,0
p23_s120_cross,23,profile,29,1,1,1,0
p23_s120_cross,23,profile,30,1,1,1,0
p23_s120_cross,23,profile,31,1,1,1,0
p23_s120_cross,23,profile,32,1,1,1,0
p23_s120_cross,23,profile,33,1,1,1,0
p23_s120_cross,23,profile,34,1,1,1,0
p23_s120_cross,23,profile,35,1,1,1,0
p23_s120_cross,23,profile,36,1,1,1,0
p23_s120_cross,23,profile,37,1,1,1,0
p23_s120_cross,23,profile,38,1,1,1,0
p23_s120_cross,23,profile,39,1,1,1,0
p23_s120_cross,23,profile,40,1,1,1,0
p23_s120_cross,23,profile,41,1,1,1,0
p23_s120_cross,23,profile,42,1,1,1,0
p23_s120_cross,23,profile,43,1,1,1,0
p23_s120_cross,23,profile,44,1,1,1,0
p23_s120_cross,23,profile,45,1,1,1,0
p23_s120_cross,23,profile,46,1,1,1,0
p23_s120_cross,23,profile,47,1,1,1,0
p23_s120_cross,23,profile,48,1,1,1,0
p23_s120_cross,23,profile,49,1,1,1,0
p23_s120_cross,23,profile,50,1,1,1,0
p23_s120_cross,23,profile,51,1,1,1,0
p23_s120_cross,23,profile,52,1,1,1,0
p23_s120_cross,23,profile,53,1,1,1,0
p23_s120_cross,23,profile,54,1,1,1,0
p23_s120_cross,23,profile,55,1,1,1,0
p23_s120_cross,23,profile,56,1,1,1,0
p23_s120_cross,23,profile,57,1,1,1,0
p23_s120_cross,23,profile,58,1,1,1,0
p23_s120_cross,23,profile,59,1,1,1,0
p23_s121_cross,23,point,0,23,23,23,23
p23_s121_cross,23,point,1,23,23,23,23
p23_s121_cross,23,point,2,23,23,23,23
p23_s121_cross,23,point,3,23,23,23,23
p23_s121_cross,23,point,4,23,23,23,23
p23_s121_cross,23,point,5,23,23,23,23
p23_s121_cross,23,point,6,23,23,23,23
p23_s121_cross,23,point,7,23,23,23,22
p23_s121_cross,23,point,8,23,23,23,22
p23_s121_cross,23,point,9,23,23,23,5
p23_s121_cross,23,point,10,23,23,23,1
p23_s121_cross,23,point,11,23,23,23,0
p23_s121_cross,23,point,12,23,23,23,0
p23_s121_cross,23,point,13,23,23,23,0
p23_s121_cross,23,point,14,23,23,23,0
p23_s121_cross,23,point,15,23,23,23,0
p23_s121_cross,23,point,16,23,23,23,0
p23_s121_cross,23,point,17,23,23,23,0
p23_s121_cross,23,point,18,23,23,23,0
p23_s121_cross,23,point,19,23,23,23,0
p23_s121_cross,23,point,20,23,23,23,0
p23_s121_cross,23,point,21,23,23,23,0
p23_s121_cross,23,point,22,23,23,23,0
p23_s121_cross,23,point,23,23,23,23,0
p23_s121_cross,23,point,24,23,23,23,0
p23_s121_cross,23,point,25,23,23,23,0
p23_s121_cross,23,point,26,23,23,23,0
p23_s121_cross,23,point,27,23,23,23,0
p23_s121_cross,23,point,28,23,23,23,0
p23_s121_cross,23,point,29,23,23,23,0
p23_s121_cross,23,point,30,23,23,23,0
p23_s121_cross,23,point,31,23,23,23,0
p23_s121_cross,23,point,32,23,23,23,0
p23_s121_cross,23,point,33,23,23,23,0
p23_s121_cross,23,point,34,23,23,23,0
p23_s121_cross,23,point,35,23,23,23,0
p23_s121_cross,23,point,36,23,23,23,0
p23_s121_cross,23,point,37,23,23,23,0
p23_s121_cross,23,point,38,23,23,23,0
p23_s121_cross,23,point,39,23,23,23,0
p23_s121_cross,23,point,40,23,23,23,0
p23_s121_cross,23,point,41,23,23,23,0
p23_s121_cross,23,point,42,23,23,23,0
p23_s121_cross,23,point,43,23,23,23,0
p23_s121_cross,23,point,44,23,23,23,0
p23_s121_cross,23,point,45,23,23,23,0
p23_s121_cross,23,point,46,23,23,23,0
p23_s121_cross,23,point,47,23,23,23,0
p23_s121_cross,23,point,48,23,23,23,0
p23_s121_cross,23,point,49,23,23,23,0
p23_s121_cross,23,point,50,23,23,23,0
p23_s121_cross,23,point,51,23,23,23,0
p23_s121_cross,23,point,52,23,23,23,0
p23_s121_cross,23,point,53,23,23,23,0
p23_s121_cross,23,point,54,23,23,23,0
p23_s121_cross,23,point,55,23,23,23,0
p23_s121_cross,23,point,56,23,23,23,0
p23_s121_cross,23,point,57,23,23,23,0
p23_s121_cross,23,point,58,23,23,23,0
p23_s121_cross,23,point,59,23,23,23,0
p23_s121_cross,23,profile,0,1,1,1,1
p23_s121_cross,23,profile,1,1,1,1,1
p23_s121_cross,23,profile,2,1,1,1,1
p23_s121_cross,23,profile,3,1,1,1,1
p23_s121_cross,23,profile,4,1,1,1,1
p23_s121_cross,23,profile,5,1,1,1,1
p23_s121_cross,23,profile,6,1,1,1,1
p23_s121_cross,23,profile,7,1,1,1,1
p23_s121_cross,23,profile,8,1,1,1,1
p23_s121_cross,23,profile,9,1,1,1,0
p23_s121_cross,23,profile,10,1,1,1,0
p23_s121_cross,23,profile,11,1,1,1,0
p23_s121_cross,23,profile,12,1,1,1,0
p23_s121_cross,23,profile,13,1,1,1,0
p23_s121_cross,23,profile,14,1,1,1,0
p23_s121_cross,23,profile,15,1,1,1,0
p23_s121_cross,23,profile,16,1,1,1,0
p23_s121_cross,23,profile,17,1,1,1,0
p23_s121_cross,23,profile,18,1,1,1,0
p23_s121_cross,23,profile,19,1,1,1,0
p23_s121_cross,23,profile,20,1,1,1,0
p23_s121_cross,23,profile,21,1,1,1,0
p23_s121_cross,23,profile,22,1,1,1,0
p23_s121_cross,23,profile,23,1,1,1,0
p23_s121_cross,23,profile,24,1,1,1,0
p23_s121_cross,23,profile,25,1,1,1,0
p23_s121_cross,23,profile,26,1,1,1,0
p23_s121_cross,23,profile,27,1,1,1,0
p23_s121_cross,23,profile,28,1,1,1,0
p23_s121_cross,23,profile,29,1,1,1,0
p23_s121_cross,23,profile,30,1,1,1,0
p23_s121_cross,23,profile,31,1,1,1,0
p23_s121_cross,23,profile,32,1,1,1,0
p23_s121_cross,23,profile,33,1,1,1,0
p23_s121_cross,23,profile,34,1,1,1,0
p23_s121_cross,23,profile,35,1,1,1,0
p23_s121_cross,23,profile,36,1,1,1,0
p23_s121_cross,23,profile,37,1,1,1,0
p23_s121_cross,23,profile,38,1,1,1,0
p23_s121_cross,23,profile,39,1,1,1,0
p23_s121_cross,23,profile,40,1,1,1,0
p23_s121_cross,23,profile,41,1,1,1,0
p23_s121_cross,23,profile,42,1,1,1,0
p23_s121_cross,23,profile,43,1,1,1,0
p23_s121_cross,23,profile,44,1,1,1,0
p23_s121_cross,23,profile,45,1,1,1,0
p23_s121_cross,23,profile,46,1,1,1,0
p23_s121_cross,23,profile,47,1,1,1,0
p23_s121_cross,23,profile,48,1,1,1,0
p23_s121_cross,23,profile,49,1,1,1,0
p23_s121_cross,23,profile,50,1,1,1,0
p23_s121_cross,23,profile,51,1,1,1,0
p23_s121_cross,23,profile,52,1,1,1,0
p23_s121_cross,23,profile,53,1,1,1,0
p23_s121_cross,23,profile,54,1,1,1,0
p23_s121_cross,23,profile,55,1,1,1,0
p23_s121_cross,23,profile,56,1,1,1,0
p23_s121_cross,23,profile,57,1,1,1,0
p23_s121_cross,23,profile,58,1,1,1,0
p23_s121_cross,23,profile,59,1,1,1,0
p23_s122_cross,23,point,0,23,23,23,23
p23_s122_cross,23,point,1,23,23,23,23
p23_s122_cross,23,point,2,23,23,23,23
p23_s122_cross,23,point,3,23,23,23,23
p23_s122_cross,23,point,4,23,23,23,23
p23_s122_cross,23,point,5,23,23,23,23
p23_s122_cross,23,point,6,23,23,23,23
p23_s122_cross,23,point,7,23,23,23,23
p23_s122_cross,23,point,8,23,23,23,0
p23_s122_cross,23,point,9,23,23,23,0
p23_s122_cross,23,point,10,23,23,23,0
p23_s122_cross,23,point,11,23,23,23,0
p23_s122_cross,23,point,12,23,23,23,0
p23_s122_cross,23,point,13,23,23,23,0
p23_s122_cross,23,point,14,23,23,23,0
p23_s122_cross,23,point,15,23,23,23,0
p23_s122_cross,23,point,16,23,23,23,0
p23_s122_cross,23,point,17,23,23,23,0
p23_s122_cross,23,point,18,23,23,23,0
p23_s122_cross,23,point,19,23,23,23,0
p23_s122_cross,23,point,20,23,23,23,0
p23_s122_cross,23,point,21,23,23,23,0
p23_s122_cross,23,point,22,23,23,23,0
p23_s122_cross,23,point,23,23,23,23,0
p23_s122_cross,23,point,24,23,23,23,0
p23_s122_cross,23,point,25,23,23,23,0
p23_s122_cross,23,point,26,23,23,23,0
p23_s122_cross,23,point,27,23,23,23,0
p23_s122_cross,23,point,28,23,23,23,0
p23_s122_cross,23,point,29,23,23,23,0
p23_s122_cross,23,point,30,23,23,23,0
p23_s122_cross,23,point,31,23,23,23,0
p23_s122_cross,23,point,32,23,23,23,0
p23_s122_cross,23,point,33,23,23,23,0
p23_s122_cross,23,point,34,23,23,23,0
p23_s122_cross,23,point,35,23,23,23,0
p23_s122_cross,23,point,36,23,23,23,0
p23_s122_cross,23,point,37,23,23,23,0
p23_s122_cross,23,point,38,23,23,23,0
p23_s122_cross,23,point,39,23,23,23,0
p23_s122_cross,23,point,40,23,23,23,0
p23_s122_cross,23,point,41,23,23,23,0
p23_s122_cross,23,point,42,23,23,23,0
p23_s122_cross,23,point,43,23,23,23,0
p23_s122_cross,23,point,44,23,23,23,0
p23_s122_cross,23,point,45,23,23,23,0
p23_s122_cross,23,point,46,23,23,23,0
p23_s122_cross,23,point,47,23,23,23,0
p23_s122_cross,23,point,48,23,23,23,0
p23_s122_cross,23,point,49,23,23,23,0
p23_s122_cross,23,point,50,23,23,23,0
p23_s122_cross,23,point,51,23,23,23,0
p23_s122_cross,23,point,52,23,23,23,0
p23_s122_cross,23,point,53,23,23,23,0
p23_s122_cross,23,point,54,23,23,23,0
p23_s122_cross,23,point,55,23,23,23,0
p23_s122_cross,23,point,56,23,23,23,0
p23_s122_cross,23,point,57,23,23,23,0
p23_s122_cross,23,point,58,23,23,23,0
p23_s122_cross,23,point,59,23,23,23,0
p23_s122_cross,23,profile,0,1,1,1,1
p23_s122_cross,23,profile,1,1,1,1,1
p23_s122_cross,23,profile,2,1,1,1,1
p23_s122_cross,23,profile,3,1,1,1,1
p23_s122_cross,23,profile,4,1,1,1,1
p23_s122_cross,23,profile,5,1,1,1,1
p23_s122_cross,23,profile,6,1,1,1,1
p23_s122_cross,23,profile,7,1,1,1,1
p23_s122_cross,23,profile,8,1,1,1,0
p23_s122_cross,23,profile,9,1,1,1,0
p23_s122_cross,23,profile,10,1,1,1,0
p23_s122_cross,23,profile,11,1,1,1,0
p23_s122_cross,23,profile,12,1,1,1,0
p23_s122_cross,23,profile,13,1,1,1,0
p23_s122_cross,23,profile,14,1,1,1,0
p23_s122_cross,23,profile,15,1,1,1,0
p23_s122_cross,23,profile,16,1,1,1,0
p23_s122_cross,23,profile,17,1,1,1,0
p23_s122_cross,23,profile,18,1,1,1,0
p23_s122_cross,23,profile,19,1,1,1,0
p23_s122_cross,23,profile,20,1,1,1,0
p23_s122_cross,23,profile,21,1,1,1,0
p23_s122_cross,23,profile,22,1,1,1,0
p23_s122_cross,23,profile,23,1,1,1,0
p23_s122_cross,23,profile,24,1,1,1,0
p23_s122_cross,23,profile,25,1,1,1,0
p23_s122_cross,23,profile,26,1,1,1,0
p23_s122_cross,23,profile,27,1,1,1,0
p23_s122_cross,23,profile,28,1,1,1,0
p23_s122_cross,23,profile,29,1,1,1,0
p23_s122_cross,23,profile,30,1,1,1,0
p23_s122_cross,23,profile,31,1,1,1,0
p23_s122_cross,23,profile,32,1,1,1,0
p23_s122_cross,23,profile,33,1,1,1,0
p23_s122_cross,23,profile,34,1,1,1,0
p23_s122_cross,23,profile,35,1,1,1,0
p23_s122_cross,23,profile,36,1,1,1,0
p23_s122_cross,23,profile,37,1,1,1,0
p23_s122_cross,23,profile,38,1,1,1,0
p23_s122_cross,23,profile,39,1,1,1,0
p23_s122_cross,23,profile,40,1,1,1,0
p23_s122_cross,23,profile,41,1,1,1,0
p23_s122_cross,23,profile,42,1,1,1,0
p23_s122_cross,23,profile,43,1,1,1,0
p23_s122_cross,23,profile,44,1,1,1,0
p23_s122_cross,23,profile,45,1,1,1,0
p23_s122_cross,23,profile,46,1,1,1,0
p23_s122_cross,23,profile,47,1,1,1,0
p23_s122_cross,23,profile,48,1,1,1,0
p23_s122_cross,23,profile,49,1,1,1,0
p23_s122_cross,23,profile,50,1,1,1,0
p23_s122_cross,23,profile,51,1,1,1,0
p23_s122_cross,23,profile,52,1,1,1,0
p23_s122_cross,23,profile,53,1,1,1,0
p23_s122_cross,23,profile,54,1,1,1,0
p23_s122_cross,23,profile,55,1,1,1,0
p23_s122_cross,23,profile,56,1,1,1,0
p23_s122_cross,23,profile,57,1,1,1,0
p23_s122_cross,23,profile,58,1,1,1,0
p23_s122_cross,23,profile,59,1,1,1,0
p23_s123_cross,23,point,0,23,23,23,23
p23_s123_cross,23,point,1,23,23,23,23
p23_s123_cross,23,point,2,23,23,23,23
p23_s123_cross,23,point,3,23,23,23,23
p23_s123_cross,23,point,4,23,23,23,23
p23_s123_cross,23,point,5,23,23,23,23
p23_s123_cross,23,point,6,23,23,23,19
p23_s123_cross,23,point,7,23,23,23,14
p23_s123_cross,23,point,8,23,23,23,14
p23_s123_cross,23,point,9,23,23,23,11
p23_s123_cross,23,point,10,23,23,23,2
p23_s123_cross,23,point,11,23,23,23,0
p23_s123_cross,23,point,12,23,23,23,0
p23_s123_cross,23,point,13,23,23,23,0
p23_s123_cross,23,point,14,23,23,23,0
p23_s123_cross,23,point,15,23,23,23,0
p23_s123_cross,23,point,16,23,23,23,0
p23_s123_cross,23,point,17,23,23,23,0
p23_s123_cross,23,point,18,23,23,23,0
p23_s123_cross,23,point,19,23,23,23,0
p23_s123_cross,23,point,20,23,23,23,0
p23_s123_cross,23,point,21,23,23,23,0
p23_s123_cross,23,point,22,23,23,23,0
p23_s123_cross,23,point,23,23,23,23,0
p23_s123_cross,23,point,24,23,23,23,0
p23_s123_cross,23,point,25,23,23,23,0
p23_s123_cross,23,point,26,23,23,23,0
p23_s123_cross,23,point,27,23,23,23,0
p23_s123_cross,23,point,28,23,23,23,0
p23_s123_cross,23,point,29,23,23,23,0
p23_s123_cross,23,point,30,23,23,23,0
p23_s123_cross,23,point,31,23,23,23,0
p23_s123_cross,23,point,32,23,23,23,0
p23_s123_cross,23,point,33,23,23,23,0
p23_s123_cross,23,point,34,23,23,23,0
p23_s123_cross,23,point,35,23,23,23,0
p23_s123_cross,23,point,36,23,23,23,0
p23_s123_cross,23,point,37,23,23,23,0
p23_s123_cross,23,point,38,23,23,23,0
p23_s123_cross,23,point,39,23,23,23,0
p23_s123_cross,23,point,40,23,23,23,0
p23_s123_cross,23,point,41,23,23,23,0
p23_s123_cross,23,point,42,23,23,23,0
p23_s123_cross,23,point,43,23,23,23,0
p23_s123_cross,23,point,44,23,23,23,0
p23_s123_cross,23,point,45,23,23,23,0
p23_s123_cross,23,point,46,23,23,23,0
p23_s123_cross,23,point,47,23,23,23,0
p23_s123_cross,23,point,48,23,23,23,0
p23_s123_cross,23,point,49,23,23,23,0
p23_s123_cross,23,point,50,23,23,23,0
p23_s123_cross,23,point,51,23,23,23,0
p23_s123_cross,23,point,52,23,23,23,0
p23_s123_cross,23,point,53,23,23,23,0
p23_s123_cross,23,point,54,23,23,23,0
p23_s123_cross,23,point,55,23,23,23,0
p23_s123_cross,23,point,56,23,23,23,0
p23_s123_cross,23,point,57,23,23,23,0
p23_s123_cross,23,point,58,23,23,23,0
p23_s123_cross,23,point,59,23,23,23,0
p23_s123_cross,23,profile,0,1,1,1,1
p23_s123_cross,23,profile,1,1,1,1,1
p23_s123_cross,23,profile,2,1,1,1,1
p23_s123_cross,23,profile,3,1,1,1,1
p23_s123_cross,23,profile,4,1,1,1,1
p23_s123_cross,23,profile,5,1,1,1,1
p23_s123_cross,23,profile,6,1,1,1,1
p23_s123_cross,23,profile,7,1,1,1,1
p23_s123_cross,23,profile,8,1,1,1,1
p23_s123_cross,23,profile,9,1,1,1,1
p23_s123_cross,23,profile,10,1,1,1,0
p23_s123_cross,23,profile,11,1,1,1,0
p23_s123_cross,23,profile,12,1,1,1,0
p23_s123_cross,23,profile,13,1,1,1,0
p23_s123_cross,23,profile,14,1,1,1,0
p23_s123_cross,23,profile,15,1,1,1,0
p23_s123_cross,23,profile,16,1,1,1,0
p23_s123_cross,23,profile,17,1,1,1,0
p23_s123_cross,23,profile,18,1,1,1,0
p23_s123_cross,23,profile,19,1,1,1,0
p23_s123_cross,23,profile,20,1,1,1,0
p23_s123_cross,23,profile,21,1,1,1,0
p23_s123_cross,23,profile,22,1,1,1,0
p23_s123_cross,23,profile,23,1,1,1,0
p23_s123_cross,23,profile,24,1,1,1,0
p23_s123_cross,23,profile,25,1,1,1,0
p23_s123_cross,23,profile,26,1,1,1,0
p23_s123_cross,23,profile,27,1,1,1,0
p23_s123_cross,23,profile,28,1,1,1,0
p23_s123_cross,23,profile,29,1,1,1,0
p23_s123_cross,23,profile,30,1,1,1,0
p23_s123_cross,23,profile,31,1,1,1,0
p23_s123_cross,23,profile,32,1,1,1,0
p23_s123_cross,23,profile,33,1,1,1,0
p23_s123_cross,23,profile,34,1,1,1,0
p23_s123_cross,23,profile,35,1,1,1,0
p23_s123_cross,23,profile,36,1,1,1,0
p23_s123_cross,23,profile,37,1,1,1,0
p23_s123_cross,23,profile,38,1,1,1,0
p23_s123_cross,23,profile,39,1,1,1,0
p23_s123_cross,23,profile,40,1,1,1,0
p23_s123_cross,23,profile,41,1,1,1,0
p23_s123_cross,23,profile,42,1,1,1,0
p23_s123_cross,23,profile,43,1,1,1,0
p23_s123_cross,23,profile,44,1,1,1,0
p23_s123_cross,23,profile,45,1,1,1,0
p23_s123_cross,23,profile,46,1,1,1,0
p23_s123_cross,23,profile,47,1,1,1,0
p23_s123_cross,23,profile,48,1,1,1,0
p23_s123_cross,23,profile,49,1,1,1,0
p23_s123_cross,23,profile,50,1,1,1,0
p23_s123_cross,23,profile,51,1,1,1,0
p23_s123_cross,23,profile,52,1,1,1,0
p23_s123_cross,23,profile,53,1,1,1,0
p23_s123_cross,23,profile,54,1,1,1,0
p23_s123_cross,23,profile,55,1,1,1,0
p23_s123_cross,23,profile,56,1,1,1,0
p23_s123_cross,23,profile,57,1,1,1,0
p23_s123_cross,23,profile,58,1,1,1,0
p23_s123_cross,23,profile,59,1,1,1,0
p23_s124_cross,23,point,0,23,23,23,22
p23_s124_cross,23,point,1,23,23,23,21
p23_s124_cross,23,point,2,23,23,23,20
p23_s124_cross,23,point,3,23,23,23,17
p23_s124_cross,23,point,4,23,23,23,13
p23_s124_cross,23,point,5,23,23,23,10
p23_s124_cross,23,point,6,23,23,23,6
p23_s124_cross,23,point,7,23,23,23,3
p23_s124_cross,23,point,8,23,23,23,1
p23_s124_cross,23,point,9,23,23,23,1
p23_s124_cross,23,point,10,23,23,23,0
p23_s124_cross,23,point,11,23,23,23,0
p23_s124_cross,23,point,12,23,23,23,0
p23_s124_cross,23,point,13,23,23,23,0
p23_s124_cross,23,point,14,23,23,23,0
p23_s124_cross,23,point,15,23,23,23,0
p23_s124_cross,23,point,16,23,23,23,0
p23_s124_cross,23,point,17,23,23,23,0
p23_s124_cross,23,point,18,23,23,23,0
p23_s124_cross,23,point,19,23,23,23,0
p23_s124_cross,23,point,20,23,23,23,0
p23_s124_cross,23,point,21,23,23,23,0
p23_s124_cross,23,point,22,23,23,23,0
p23_s124_cross,23,point,23,23,23,23,0
p23_s124_cross,23,point,24,23,23,23,0
p23_s124_cross,23,point,25,23,23,23,0
p23_s124_cross,23,point,26,23,23,23,0
p23_s124_cross,23,point,27,23,23,23,0
p23_s124_cross,23,point,28,23,23,23,0
p23_s124_cross,23,point,29,23,23,23,0
p23_s124_cross,23,point,30,23,23,23,0
p23_s124_cross,23,point,31,23,23,23,0
p23_s124_cross,23,point,32,23,23,23,0
p23_s124_cross,23,point,33,23,23,23,0
p23_s124_cross,23,point,34,23,23,23,0
p23_s124_cross,23,point,35,23,23,23,0
p23_s124_cross,23,point,36,23,23,23,0
p23_s124_cross,23,point,37,23,23,23,0
p23_s124_cross,23,point,38,23,23,23,0
p23_s124_cross,23,point,39,23,23,23,0
p23_s124_cross,23,point,40,23,23,23,0
p23_s124_cross,23,point,41,23,23,23,0
p23_s124_cross,23,point,42,23,23,23,0
p23_s124_cross,23,point,43,23,23,23,0
p23_s124_cross,23,point,44,23,23,23,0
p23_s124_cross,23,point,45,23,23,23,0
p23_s124_cross,23,point,46,23,23,23,0
p23_s124_cross,23,point,47,23,23,23,0
p23_s124_cross,23,point,48,23,23,23,0
p23_s124_cross,23,point,49,23,23,23,0
p23_s124_cross,23,point,50,23,23,23,0
p23_s124_cross,23,point,51,23,23,23,0
p23_s124_cross,23,point,52,23,23,23,0
p23_s124_cross,23,point,53,23,23,23,0
p23_s124_cross,23,point,54,23,23,23,0
p23_s124_cross,23,point,55,23,23,23,0
p23_s124_cross,23,point,56,23,23,23,0
p23_s124_cross,23,point,57,23,23,23,0
p23_s124_cross,23,point,58,23,23,23,0
p23_s124_cross,23,point,59,23,23,23,0
p23_s124_cross,23,profile,0,1,1,1,1
p23_s124_cross,23,profile,1,1,1,1,1
p23_s124_cross,23,profile,2,1,1,1,1
p23_s124_cross,23,profile,3,1,1,1,1
p23_s124_cross,23,profile,4,1,1,1,1
p23_s124_cross,23,profile,5,1,1,1,1
p23_s124_cross,23,profile,6,1,1,1,1
p23_s124_cross,23,profile,7,1,1,1,1
p23_s124_cross,23,profile,8,1,1,1,0
p23_s124_cross,23,profile,9,1,1,1,0
p23_s124_cross,23,profile,10,1,1,1,0
p23_s124_cross,23,profile,11,1,1,1,0
p23_s124_cross,23,profile,12,1,1,1,0
p23_s124_cross,23,profile,13,1,1,1,0
p23_s124_cross,23,profile,14,1,1,1,0
p23_s124_cross,23,profile,15,1,1,1,0
p23_s124_cross,23,profile,16,1,1,1,0
p23_s124_cross,23,profile,17,1,1,1,0
p23_s124_cross,23,profile,18,1,1,1,0
p23_s124_cross,23,profile,19,1,1,1,0
p23_s124_cross,23,profile,20,1,1,1,0
p23_s124_cross,23,profile,21,1,1,1,0
p23_s124_cross,23,profile,22,1,1,1,0
p23_s124_cross,23,profile,23,1,1,1,0
p23_s124_cross,23,profile,24,1,1,1,0
p23_s124_cross,23,profile,25,1,1,1,0
p23_s124_cross,23,profile,26,1,1,1,0
p23_s124_cross,23,profile,27,1,1,1,0
p23_s124_cross,23,profile,28,1,1,1,0
p23_s124_cross,23,profile,29,1,1,1,0
p23_s124_cross,23,profile,30,1,1,1,0
p23_s124_cross,23,profile,31,1,1,1,0
p23_s124_cross,23,profile,32,1,1,1,0
p23_s124_cross,23,profile,33,1,1,1,0
p23_s124_cross,23,profile,34,1,1,1,0
p23_s124_cross,23,profile,35,1,1,1,0
p23_s124_cross,23,profile,36,1,1,1,0
p23_s124_cross,23,profile,37,1,1,1,0
p23_s124_cross,23,profile,38,1,1,1,0
p23_s124_cross,23,profile,39,1,1,1,0
p23_s124_cross,23,profile,40,1,1,1,0
p23_s124_cross,23,profile,41,1,1,1,0
p23_s124_cross,23,profile,42,1,1,1,0
p23_s124_cross,23,profile,43,1,1,1,0
p23_s124_cross,23,profile,44,1,1,1,0
p23_s124_cross,23,profile,45,1,1,1,0
p23_s124_cross,23,profile,46,1,1,1,0
p23_s124_cross,23,profile,47,1,1,1,0
p23_s124_cross,23,profile,48,1,1,1,0
p23_s124_cross,23,profile,49,1,1,1,0
p23_s124_cross,23,profile,50,1,1,1,0
p23_s124_cross,23,profile,51,1,1,1,0
p23_s124_cross,23,profile,52,1,1,1,0
p23_s124_cross,23,profile,53,1,1,1,0
p23_s124_cross,23,profile,54,1,1,1,0
p23_s124_cross,23,profile,55,1,1,1,0
p23_s124_cross,23,profile,56,1,1,1,0
p23_s124_cross,23,profile,57,1,1,1,0
p23_s124_cross,23,profile,58,1,1,1,0
p23_s124_cross,23,profile,59,1,1,1,0
p23_s125_cross,23,point,0,23,23,23,23
p23_s125_cross,23,point,1,23,23,23,23
p23_s125_cross,23,point,2,23,23,23,22
p23_s125_cross,23,point,3,23,23,23,22
p23_s125_cross,23,point,4,23,23,23,20
p23_s125_cross,23,point,5,23,23,23,19
p23_s125_cross,23,point,6,23,23,23,18
p23_s125_cross,23,point,7,23,23,23,17
p23_s125_cross,23,point,8,23,23,23,17
p23_s125_cross,23,point,9,23,23,23,10
p23_s125_cross,23,point,10,23,23,23,2
p23_s125_cross,23,point,11,23,23,23,0
p23_s125_cross,23,point,12,23,23,23,0
p23_s125_cross,23,point,13,23,23,23,0
p23_s125_cross,23,point,14,23,23,23,0
p23_s125_cross,23,point,15,23,23,23,0
p23_s125_cross,23,point,16,23,23,23,0
p23_s125_cross,23,point,17,23,23,23,0
p23_s125_cross,23,point,18,23,23,23,0
p23_s125_cross,23,point,19,23,23,23,0
p23_s125_cross,23,point,20,23,23,23,0
p23_s125_cross,23,point,21,23,23,23,0
p23_s125_cross,23,point,22,23,23,23,0
p23_s125_cross,23,point,23,23,23,23,0
p23_s125_cross,23,point,24,23,23,23,0
p23_s125_cross,23,point,25,23,23,23,0
p23_s125_cross,23,point,26,23,23,23,0
p23_s125_cross,23,point,27,23,23,23,0
p23_s125_cross,23,point,28,23,23,23,0
p23_s125_cross,23,point,29,23,23,23,0
p23_s125_cross,23,point,30,23,23,23,0
p23_s125_cross,23,point,31,23,23,23,0
p23_s125_cross,23,point,32,23,23,23,0
p23_s125_cross,23,point,33,23,23,23,0
p23_s125_cross,23,point,34,23,23,23,0
p23_s125_cross,23,point,35,23,23,23,0
p23_s125_cross,23,point,36,23,23,23,0
p23_s125_cross,23,point,37,23,23,23,0
p23_s125_cross,23,point,38,23,23,23,0
p23_s125_cross,23,point,39,23,23,23,0
p23_s125_cross,23,point,40,23,23,23,0
p23_s125_cross,23,point,41,23,23,23,0
p23_s125_cross,23,point,42,23,23,23,0
p23_s125_cross,23,point,43,23,23,23,0
p23_s125_cross,23,point,44,23,23,23,0
p23_s125_cross,23,point,45,23,23,23,0
p23_s125_cross,23,point,46,23,23,23,0
p23_s125_cross,23,point,47,23,23,23,0
p23_s125_cross,23,point,48,23,23,23,0
p23_s125_cross,23,point,49,23,23,23,0
p23_s125_cross,23,point,50,23,23,23,0
p23_s125_cross,23,point,51,23,23,23,0
p23_s125_cross,23,point,52,23,23,23,0
p23_s125_cross,23,point,53,23,23,23,0
p23_s125_cross,23,point,54,23,23,23,0
p23_s125_cross,23,point,55,23,23,23,0
p23_s125_cross,23,point,56,23,23,23,0
p23_s125_cross,23,point,57,23,23,23,0
p23_s125_cross,23,point,58,23,23,23,0
p23_s125_cross,23,point,59,23,23,23,0
p23_s125_cross,23,profile,0,1,1,1,1
p23_s125_cross,23,profile,1,1,1,1,1
p23_s125_cross,23,profile,2,1,1,1,1
p23_s125_cross,23,profile,3,1,1,1,1
p23_s125_cross,23,profile,4,1,1,1,1
p23_s125_cross,23,profile,5,1,1,1,1
p23_s125_cross,23,profile,6,1,1,1,1
p23_s125_cross,23,profile,7,1,1,1,1
p23_s125_cross,23,profile,8,1,1,1,1
p23_s125_cross,23,profile,9,1,1,1,1
p23_s125_cross,23,profile,10,1,1,1,0
p23_s125_cross,23,profile,11,1,1,1,0
p23_s125_cross,23,profile,12,1,1,1,0
p23_s125_cross,23,profile,13,1,1,1,0
p23_s125_cross,23,profile,14,1,1,1,0
p23_s125_cross,23,profile,15,1,1,1,0
p23_s125_cross,23,profile,16,1,1,1,0
p23_s125_cross,23,profile,17,1,1,1,0
p23_s125_cross,23,profile,18,1,1,1,0
p23_s125_cross,23,profile,19,1,1,1,0
p23_s125_cross,23,profile,20,1,1,1,0
p23_s125_cross,23,profile,21,1,1,1,0
p23_s125_cross,23,profile,22,1,1,1,0
p23_s125_cross,23,profile,23,1,1,1,0
p23_s125_cross,23,profile,24,1,1,1,0
p23_s125_cross,23,profile,25,1,1,1,0
p23_s125_cross,23,profile,26,1,1,1,0
p23_s125_cross,23,profile,27,1,1,1,0
p23_s125_cross,23,profile,28,1,1,1,0
p23_s125_cross,23,profile,29,1,1,1,0
p23_s125_cross,23,profile,30,1,1,1,0
p23_s125_cross,23,profile,31,1,1,1,0
p23_s125_cross,23,profile,32,1,1,1,0
p23_s125_cross,23,profile,33,1,1,1,0
p23_s125_cross,23,profile,34,1,1,1,0
p23_s125_cross,23,profile,35,1,1,1,0
p23_s125_cross,23,profile,36,1,1,1,0
p23_s125_cross,23,profile,37,1,1,1,0
p23_s125_cross,23,profile,38,1,1,1,0
p23_s125_cross,23,profile,39,1,1,1,0
p23_s125_cross,23,profile,40,1,1,1,0
p23_s125_cross,23,profile,41,1,1,1,0
p23_s125_cross,23,profile,42,1,1,1,0
p23_s125_cross,23,profile,43,1,1,1,0
p23_s125_cross,23,profile,44,1,1,1,0
p23_s125_cross,23,profile,45,1,1,1,0
p23_s125_cross,23,profile,46,1,1,1,0
p23_s125_cross,23,profile,47,1,1,1,0
p23_s125_cross,23,profile,48,1,1,1,0
p23_s125_cross,23,profile,49,1,1,1,0
p23_s125_cross,23,profile,50,1,1,1,0
p23_s125_cross,23,profile,51,1,1,1,0
p23_s125_cross,23,profile,52,1,1,1,0
p23_s125_cross,23,profile,53,1,1,1,0
p23_s125_cross,23,profile,54,1,1,1,0
p23_s125_cross,23,profile,55,1,1,1,0
p23_s125_cross,23,profile,56,1,1,1,0
p23_s125_cross,23,profile,57,1,1,1,0
p23_s125_cross,23,profile,58,1,1,1,0
p23_s125_cross,23,profile,59,1,1,1,0
p23_s126_cross,23,point,0,23,23,23,23
p23_s126_cross,23,point,1,23,23,23,23
p23_s126_cross,23,point,2,23,23,23,23
p23_s126_cross,23,point,3,23,23,23,23
p23_s126_cross,23,point,4,23,23,23,23
p23_s126_cross,23,point,5,23,23,23,23
p23_s126_cross,23,point,6,23,23,23,23
p23_s126_cross,23,point,7,23,23,23,23
p23_s126_cross,23,point,8,23,23,23,22
p23_s126_cross,23,point,9,23,23,23,3
p23_s126_cross,23,point,10,23,23,23,0
p23_s126_cross,23,point,11,23,23,23,0
p23_s126_cross,23,point,12,23,23,23,0
p23_s126_cross,23,point,13,23,23,23,0
p23_s126_cross,23,point,14,23,23,23,0
p23_s126_cross,23,point,15,23,23,23,0
p23_s126_cross,23,point,16,23,23,23,0
p23_s126_cross,23,point,17,23,23,23,0
p23_s126_cross,23,point,18,23,23,23,0
p23_s126_cross,23,point,19,23,23,23,0
p23_s126_cross,23,point,20,23,23,23,0
p23_s126_cross,23,point,21,23,23,23,0
p23_s126_cross,23,point,22,23,23,23,0
p23_s126_cross,23,point,23,23,23,23,0
p23_s126_cross,23,point,24,23,23,23,0
p23_s126_cross,23,point,25,23,23,23,0
p23_s126_cross,23,point,26,23,23,23,0
p23_s126_cross,23,point,27,23,23,23,0
p23_s126_cross,23,point,28,23,23,23,0
p23_s126_cross,23,point,29,23,23,23,0
p23_s126_cross,23,point,30,23,23,23,0
p23_s126_cross,23,point,31,23,23,23,0
p23_s126_cross,23,point,32,23,23,23,0
p23_s126_cross,23,point,33,23,23,23,0
p23_s126_cross,23,point,34,23,23,23,0
p23_s126_cross,23,point,35,23,23,23,0
p23_s126_cross,23,point,36,23,23,23,0
p23_s126_cross,23,point,37,23,23,23,0
p23_s126_cross,23,point,38,23,23,23,0
p23_s126_cross,23,point,39,23,23,23,0
p23_s126_cross,23,point,40,23,23,23,0
p23_s126_cross,23,point,41,23,23,23,0
p23_s126_cross,23,point,42,23,23,23,0
p23_s126_cross,23,point,43,23,23,23,0
p23_s126_cross,23,point,44,23,23,23,0
p23_s126_cross,23,point,45,23,23,23,0
p23_s126_cross,23,point,46,23,23,23,0
p23_s126_cross,23,point,47,23,23,23,0
p23_s126_cross,23,point,48,23,23,23,0
p23_s126_cross,23,point,49,23,23,23,0
p23_s126_cross,23,point,50,23,23,23,0
p23_s126_cross,23,point,51,23,23,23,0
p23_s126_cross,23,point,52,23,23,23,0
p23_s126_cross,23,point,53,23,23,23,0
p23_s126_cross,23,point,54,23,23,23,0
p23_s126_cross,23,point,55,23,23,23,0
p23_s126_cross,23,point,56,23,23,23,0
p23_s126_cross,23,point,57,23,23,23,0
p23_s126_cross,23,point,58,23,23,23,0
p23_s126_cross,23,point,59,23,23,23,0
p23_s126_cross,23,profile,0,1,1,1,1
p23_s126_cross,23,profile,1,1,1,1,1
p23_s126_cross,23,profile,2,1,1,1,1
p23_s126_cross,23,profile,3,1,1,1,1
p23_s126_cross,23,profile,4,1,1,1,1
p23_s126_cross,23,profile,5,1,1,1,1
p23_s126_cross,23,profile,6,1,1,1,1
p23_s126_cross,23,profile,7,1,1,1,1
p23_s126_cross,23,profile,8,1,1,1,1
p23_s126_cross,23,profile,9,1,1,1,0
p23_s126_cross,23,profile,10,1,1,1,0
p23_s126_cross,23,profile,11,1,1,1,0
p23_s126_cross,23,profile,12,1,1,1,0
p23_s126_cross,23,profile,13,1,1,1,0
p23_s126_cross,23,profile,14,1,1,1,0
p23_s126_cross,23,profile,15,1,1,1,0
p23_s126_cross,23,profile,16,1,1,1,0
p23_s126_cross,23,profile,17,1,1,1,0
p23_s126_cross,23,profile,18,1,1,1,0
p23_s126_cross,23,profile,19,1,1,1,0
p23_s126_cross,23,profile,20,1,1,1,0
p23_s126_cross,23,profile,21,1,1,1,0
p23_s126_cross,23,profile,22,1,1,1,0
p23_s126_cross,23,profile,23,1,1,1,0
p23_s126_cross,23,profile,24,1,1,1,0
p23_s126_cross,23,profile,25,1,1,1,0
p23_s126_cross,23,profile,26,1,1,1,0
p23_s126_cross,23,profile,27,1,1,1,0
p23_s126_cross,23,profile,28,1,1,1,0
p23_s126_cross,23,profile,29,1,1,1,0
p23_s126_cross,23,profile,30,1,1,1,0
p23_s126_cross,23,profile,31,1,1,1,0
p23_s126_cross,23,profile,32,1,1,1,0
p23_s126_cross,23,profile,33,1,1,1,0
p23_s126_cross,23,profile,34,1,1,1,0
p23_s126_cross,23,profile,35,1,1,1,0
p23_s126_cross,23,profile,36,1,1,1,0
p23_s126_cross,23,profile,37,1,1,1,0
p23_s126_cross,23,profile,38,1,1,1,0
p23_s126_cross,23,profile,39,1,1,1,0
p23_s126_cross,23,profile,40,1,1,1,0
p23_s126_cross,23,profile,41,1,1,1,0
p23_s126_cross,23,profile,42,1,1,1,0
p23_s126_cross,23,profile,43,1,1,1,0
p23_s126_cross,23,profile,44,1,1,1,0
p23_s126_cross,23,profile,45,1,1,1,0
p23_s126_cross,23,profile,46,1,1,1,0
p23_s126_cross,23,profile,47,1,1,1,0
p23_s126_cross,23,profile,48,1,1,1,0
p23_s126_cross,23,profile,49,1,1,1,0
p23_s126_cross,23,profile,50,1,1,1,0
p23_s126_cross,23,profile,51,1,1,1,0
p23_s126_cross,23,profile,52,1,1,1,0
p23_s126_cross,23,profile,53,1,1,1,0
p23_s126_cross,23,profile,54,1,1,1,0
p23_s126_cross,23,profile,55,1,1,1,0
p23_s126_cross,23,profile,56,1,1,1,0
p23_s126_cross,23,profile,57,1,1,1,0
p23_s126_cross,23,profile,58,1,1,1,0
p23_s126_cross,23,profile,59,1,1,1,0
p23_s127_cross,23,point,0,23,23,23,22
p23_s127_cross,23,point,1,23,23,23,22
p23_s127_cross,23,point,2,23,23,23,22
p23_s127_cross,23,point,3,23,23,23,20
p23_s127_cross,23,point,4,23,23,23,20
p23_s127_cross,23,point,5,23,23,23,12
p23_s127_cross,23,point,6,23,23,23,9
p23_s127_cross,23,point,7,23,23,23,4
p23_s127_cross,23,point,8,23,23,23,0
p23_s127_cross,23,point,9,23,23,23,0
p23_s127_cross,23,point,10,23,23,23,0
p23_s127_cross,23,point,11,23,23,23,0
p23_s127_cross,23,point,12,23,23,23,0
p23_s127_cross,23,point,13,23,23,23,0
p23_s127_cross,23,point,14,23,23,23,0
p23_s127_cross,23,point,15,23,23,23,0
p23_s127_cross,23,point,16,23,23,23,0
p23_s127_cross,23,point,17,23,23,23,0
p23_s127_cross,23,point,18,23,23,23,0
p23_s127_cross,23,point,19,23,23,23,0
p23_s127_cross,23,point,20,23,23,23,0
p23_s127_cross,23,point,21,23,23,23,0
p23_s127_cross,23,point,22,23,23,23,0
p23_s127_cross,23,point,23,23,23,23,0
p23_s127_cross,23,point,24,23,23,23,0
p23_s127_cross,23,point,25,23,23,23,0
p23_s127_cross,23,point,26,23,23,23,0
p23_s127_cross,23,point,27,23,23,23,0
p23_s127_cross,23,point,28,23,23,23,0
p23_s127_cross,23,point,29,23,23,23,0
p23_s127_cross,23,point,30,23,23,23,0
p23_s127_cross,23,point,31,23,23,23,0
p23_s127_cross,23,point,32,23,23,23,0
p23_s127_cross,23,point,33,23,23,23,0
p23_s127_cross,23,point,34,23,23,23,0
p23_s127_cross,23,point,35,23,23,23,0
p23_s127_cross,23,point,36,23,23,23,0
p23_s127_cross,23,point,37,23,23,23,0
p23_s127_cross,23,point,38,23,23,23,0
p23_s127_cross,23,point,39,23,23,23,0
p23_s127_cross,23,point,40,23,23,23,0
p23_s127_cross,23,point,41,23,23,23,0
p23_s127_cross,23,point,42,23,23,23,0
p23_s127_cross,23,point,43,23,23,23,0
p23_s127_cross,23,point,44,23,23,23,0
p23_s127_cross,23,point,45,23,23,23,0
p23_s127_cross,23,point,46,23,23,23,0
p23_s127_cross,23,point,47,23,23,23,0
p23_s127_cross,23,point,48,23,23,23,0
p23_s127_cross,23,point,49,23,23,23,0
p23_s127_cross,23,point,50,23,23,23,0
p23_s127_cross,23,point,51,23,23,23,0
p23_s127_cross,23,point,52,23,23,23,0
p23_s127_cross,23,point,53,23,23,23,0
p23_s127_cross,23,point,54,23,23,23,0
p23_s127_cross,23,point,55,23,23,23,0
p23_s127_cross,23,point,56,23,23,23,0
p23_s127_cross,23,point,57,23,23,23,0
p23_s127_cross,23,point,58,23,23,23,0
p23_s127_cross,23,point,59,23,23,23,0
p23_s127_cross,23,profile,0,1,1,1,1
p23_s127_cross,23,profile,1,1,1,1,1
p23_s127_cross,23,profile,2,1,1,1,1
p23_s127_cross,23,profile,3,1,1,1,1
p23_s127_cross,23,profile,4,1,1,1,0
p23_s127_cross,23,profile,5,1,1,1,0
p23_s127_cross,23,profile,6,1,1,1,0
p23_s127_cross,23,profile,7,1,1,1,0
p23_s127_cross,23,profile,8,1,1,1,0
p23_s127_cross,23,profile,9,1,1,1,0
p23_s127_cross,23,profile,10,1,1,1,0
p23_s127_cross,23,profile,11,1,1,1,0
p23_s127_cross,23,profile,12,1,1,1,0
p23_s127_cross,23,profile,13,1,1,1,0
p23_s127_cross,23,profile,14,1,1,1,0
p23_s127_cross,23,profile,15,1,1,1,0
p23_s127_cross,23,profile,16,1,1,1,0
p23_s127_cross,23,profile,17,1,1,1,0
p23_s127_cross,23,profile,18,1,1,1,0
p23_s127_cross,23,profile,19,1,1,1,0
p23_s127_cross,23,profile,20,1,1,1,0
p23_s127_cross,23,profile,21,1,1,1,0
p23_s127_cross,23,profile,22,1,1,1,0
p23_s127_cross,23,profile,23,1,1,1,0
p23_s127_cross,23,profile,24,1,1,1,0
p23_s127_cross,23,profile,25,1,1,1,0
p23_s127_cross,23,profile,26,1,1,1,0
p23_s127_cross,23,profile,27,1,1,1,0
p23_s127_cross,23,profile,28,1,1,1,0
p23_s127_cross,23,profile,29,1,1,1,0
p23_s127_cross,23,profile,30,1,1,1,0
p23_s127_cross,23,profile,31,1,1,1,0
p23_s127_cross,23,profile,32,1,1,1,0
p23_s127_cross,23,profile,33,1,1,1,0
p23_s127_cross,23,profile,34,1,1,1,0
p23_s127_cross,23,profile,35,1,1,1,0
p23_s127_cross,23,profile,36,1,1,1,0
p23_s127_cross,23,profile,37,1,1,1,0
p23_s127_cross,23,profile,38,1,1,1,0
p23_s127_cross,23,profile,39,1,1,1,0
p23_s127_cross,23,profile,40,1,1,1,0
p23_s127_cross,23,profile,41,1,1,1,0
p23_s127_cross,23,profile,42,1,1,1,0
p23_s127_cross,23,profile,43,1,1,1,0
p23_s127_cross,23,profile,44,1,1,1,0
p23_s127_cross,23,profile,45,1,1,1,0
p23_s127_cross,23,profile,46,1,1,1,0
p23_s127_cross,23,profile,47,1,1,1,0
p23_s127_cross,23,profile,48,1,1,1,0
p23_s127_cross,23,profile,49,1,1,1,0
p23_s127_cross,23,profile,50,1,1,1,0
p23_s127_cross,23,profile,51,1,1,1,0
p23_s127_cross,23,profile,52,1,1,1,0
p23_s127_cross,23,profile,53,1,1,1,0
p23_s127_cross,23,profile,54,1,1,1,0
p23_s127_cross,23,profile,55,1,1,1,0
p23_s127_cross,23,profile,56,1,1,1,0
p23_s127_cross,23,profile,57,1,1,1,0
p23_s127_cross,23,profile,58,1,1,1,0
p23_s127_cross,23,profile,59,1,1,1,0
p23_s128_cross,23,point,0,23,23,23,23
p23_s128_cross,23,point,1,23,23,23,23
p23_s128_cross,23,point,2,23,23,23,23
p23_s128_cross,23,point,3,23,23,23,23
p23_s128_cross,23,point,4,23,23,23,23
p23_s128_cross,23,point,5,23,23,23,23
p23_s128_cross,23,point,6,23,23,23,23
p23_s128_cross,23,point,7,23,23,23,23
p23_s128_cross,23,point,8,23,23,23,23
p23_s128_cross,23,point,9,23,23,23,0
p23_s128_cross,23,point,10,23,23,23,0
p23_s128_cross,23,point,11,23,23,23,0
p23_s128_cross,23,point,12,23,23,23,0
p23_s128_cross,23,point,13,23,23,23,0
p23_s128_cross,23,point,14,23,23,23,0
p23_s128_cross,23,point,15,23,23,23,0
p23_s128_cross,23,point,16,23,23,23,0
p23_s128_cross,23,point,17,23,23,23,0
p23_s128_cross,23,point,18,23,23,23,0
p23_s128_cross,23,point,19,23,23,23,0
p23_s128_cross,23,point,20,23,23,23,0
p23_s128_cross,23,point,21,23,23,23,0
p23_s128_cross,23,point,22,23,23,23,0
p23_s128_cross,23,point,23,23,23,23,0
p23_s128_cross,23,point,24,23,23,23,0
p23_s128_cross,23,point,25,23,23,23,0
p23_s128_cross,23,point,26,23,23,23,0
p23_s128_cross,23,point,27,23,23,23,0
p23_s128_cross,23,point,28,23,23,23,0
p23_s128_cross,23,point,29,23,23,23,0
p23_s128_cross,23,point,30,23,23,23,0
p23_s128_cross,23,point,31,23,23,23,0
p23_s128_cross,23,point,32,23,23,23,0
p23_s128_cross,23,point,33,23,23,23,0
p23_s128_cross,23,point,34,23,23,23,0
p23_s128_cross,23,point,35,23,23,23,0
p23_s128_cross,23,point,36,23,23,23,0
p23_s128_cross,23,point,37,23,23,23,0
p23_s128_cross,23,point,38,23,23,23,0
p23_s128_cross,23,point,39,23,23,23,0
p23_s128_cross,23,point,40,23,23,23,0
p23_s128_cross,23,point,41,23,23,23,0
p23_s128_cross,23,point,42,23,23,23,0
p23_s128_cross,23,point,43,23,23,23,0
p23_s128_cross,23,point,44,23,23,23,0
p23_s128_cross,23,point,45,23,23,23,0
p23_s128_cross,23,point,46,23,23,23,0
p23_s128_cross,23,point,47,23,23,23,0
p23_s128_cross,23,point,48,23,23,23,0
p23_s128_cross,23,point,49,23,23,23,0
p23_s128_cross,23,point,50,23,23,23,0
p23_s128_cross,23,point,51,23,23,23,0
p23_s128_cross,23,point,52,23,23,23,0
p23_s128_cross,23,point,53,23,23,23,0
p23_s128_cross,23,point,54,23,23,23,0
p23_s128_cross,23,point,55,23,23,23,0
p23_s128_cross,23,point,56,23,23,23,0
p23_s128_cross,23,point,57,23,23,23,0
p23_s128_cross,23,point,58,23,23,23,0
p23_s128_cross,23,point,59,23,23,23,0
p23_s128_cross,23,profile,0,1,1,1,1
p23_s128_cross,23,profile,1,1,1,1,1
p23_s128_cross,23,profile,2,1,1,1,1
p23_s128_cross,23,profile,3,1,1,1,1
p23_s128_cross,23,profile,4,1,1,1,1
p23_s128_cross,23,profile,5,1,1,1,1
p23_s128_cross,23,profile,6,1,1,1,1
p23_s128_cross,23,profile,7,1,1,1,1
p23_s128_cross,23,profile,8,1,1,1,1
p23_s128_cross,23,profile,9,1,1,1,0
p23_s128_cross,23,profile,10,1,1,1,0
p23_s128_cross,23,profile,11,1,1,1,0
p23_s128_cross,23,profile,12,1,1,1,0
p23_s128_cross,23,profile,13,1,1,1,0
p23_s128_cross,23,profile,14,1,1,1,0
p23_s128_cross,23,profile,15,1,1,1,0
p23_s128_cross,23,profile,16,1,1,1,0
p23_s128_cross,23,profile,17,1,1,1,0
p23_s128_cross,23,profile,18,1,1,1,0
p23_s128_cross,23,profile,19,1,1,1,0
p23_s128_cross,23,profile,20,1,1,1,0
p23_s128_cross,23,profile,21,1,1,1,0
p23_s128_cross,23,profile,22,1,1,1,0
p23_s128_cross,23,profile,23,1,1,1,0
p23_s128_cross,23,profile,24,1,1,1,0
p23_s128_cross,23,profile,25,1,1,1,0
p23_s128_cross,23,profile,26,1,1,1,0
p23_s128_cross,23,profile,27,1,1,1,0
p23_s128_cross,23,profile,28,1,1,1,0
p23_s128_cross,23,profile,29,1,1,1,0
p23_s128_cross,23,profile,30,1,1,1,0
p23_s128_cross,23,profile,31,1,1,1,0
p23_s128_cross,23,profile,32,1,1,1,0
p23_s128_cross,23,profile,33,1,1,1,0
p23_s128_cross,23,profile,34,1,1,1,0
p23_s128_cross,23,profile,35,1,1,1,0
p23_s128_cross,23,profile,36,1,1,1,0
p23_s128_cross,23,profile,37,1,1,1,0
p23_s128_cross,23,profile,38,1,1,1,0
p23_s128_cross,23,profile,39,1,1,1,0
p23_s128_cross,23,profile,40,1,1,1,0
p23_s128_cross,23,profile,41,1,1,1,0
p23_s128_cross,23,profile,42,1,1,1,0
p23_s128_cross,23,profile,43,1,1,1,0
p23_s128_cross,23,profile,44,1,1,1,0
p23_s128_cross,23,profile,45,1,1,1,0
p23_s128_cross,23,profile,46,1,1,1,0
p23_s128_cross,23,profile,47,1,1,1,0
p23_s128_cross,23,profile,48,1,1,1,0
p23_s128_cross,23,profile,49,1,1,1,0
p23_s128_cross,23,profile,50,1,1,1,0
p23_s128_cross,23,profile,51,1,1,1,0
p23_s128_cross,23,profile,52,1,1,1,0
p23_s128_cross,23,profile,53,1,1,1,0
p23_s128_cross,23,profile,54,1,1,1,0
p23_s128_cross,23,profile,55,1,1,1,0
p23_s128_cross,23,profile,56,1,1,1,0
p23_s128_cross,23,profile,57,1,1,1,0
p23_s128_cross,23,profile,58,1,1,1,0
p23_s128_cross,23,profile,59,1,1,1,0
p23_s129_cross,23,point,0,23,23,23,23
p23_s129_cross,23,point,1,23,23,23,23
p23_s129_cross,23,point,2,23,23,23,23
p23_s129_cross,23,point,3,23,23,23,23
p23_s129_cross,23,point,4,23,23,23,23
p23_s129_cross,23,point,5,23,23,23,23
p23_s129_cross,23,point,6,23,23,23,23
p23_s129_cross,23,point,7,23,23,23,23
p23_s129_cross,23,point,8,23,23,23,1
p23_s129_cross,23,point,9,23,23,23,0
p23_s129_cross,23,point,10,23,23,23,0
p23_s129_cross,23,point,11,23,23,23,0
p23_s129_cross,23,point,12,23,23,23,0
p23_s129_cross,23,point,13,23,23,23,0
p23_s129_cross,23,point,14,23,23,23,0
p23_s129_cross,23,point,15,23,23,23,0
p23_s129_cross,23,point,16,23,23,23,0
p23_s129_cross,23,point,17,23,23,23,0
p23_s129_cross,23,point,18,23,23,23,0
p23_s129_cross,23,point,19,23,23,23,0
p23_s129_cross,23,point,20,23,23,23,0
p23_s129_cross,23,point,21,23,23,23,0
p23_s129_cross,23,point,22,23,23,23,0
p23_s129_cross,23,point,23,23,23,23,0
p23_s129_cross,23,point,24,23,23,23,0
p23_s129_cross,23,point,25,23,23,23,0
p23_s129_cross,23,point,26,23,23,23,0
p23_s129_cross,23,point,27,23,23,23,0
p23_s129_cross,23,point,28,23,23,23,0
p23_s129_cross,23,point,29,23,23,23,0
p23_s129_cross,23,point,30,23,23,23,0
p23_s129_cross,23,point,31,23,23,23,0
p23_s129_cross,23,point,32,23,23,23,0
p23_s129_cross,23,point,33,23,23,23,0
p23_s129_cross,23,point,34,23,23,23,0
p23_s129_cross,23,point,35,23,23,23,0
p23_s129_cross,23,point,36,23,23,23,0
p23_s129_cross,23,point,37,23,23,23,0
p23_s129_cross,23,point,38,23,23,23,0
p23_s129_cross,23,point,39,23,23,23,0
p23_s129_cross,23,point,40,23,23,23,0
p23_s129_cross,23,point,41,23,23,23,0
p23_s129_cross,23,point,42,23,23,23,0
p23_s129_cross,23,point,43,23,23,23,0
p23_s129_cross,23,point,44,23,23,23,0
p23_s129_cross,23,point,45,23,23,23,0
p23_s129_cross,23,point,46,23,23,23,0
p23_s129_cross,23,point,47,23,23,23,0
p23_s129_cross,23,point,48,23,23,23,0
p23_s129_cross,23,point,49,23,23,23,0
p23_s129_cross,23,point,50,23,23,23,0
p23_s129_cross,23,point,51,23,23,23,0
p23_s129_cross,23,point,52,23,23,23,0
p23_s129_cross,23,point,53,23,23,23,0
p23_s129_cross,23,point,54,23,23,23,0
p23_s129_cross,23,point,55,23,23,23,0
p23_s129_cross,23,point,56,23,23,23,0
p23_s129_cross,23,point,57,23,23,23,0
p23_s129_cross,23,point,58,23,23,23,0
p23_s129_cross,23,point,59,23,23,23,0
p23_s129_cross,23,profile,0,1,1,1,1
p23_s129_cross,23,profile,1,1,1,1,1
p23_s129_cross,23,profile,2,1,1,1,1
p23_s129_cross,23,profile,3,1,1,1,1
p23_s129_cross,23,profile,4,1,1,1,1
p23_s129_cross,23,profile,5,1,1,1,1
p23_s129_cross,23,profile,6,1,1,1,1
p23_s129_cross,23,profile,7,1,1,1,1
p23_s129_cross,23,profile,8,1,1,1,0
p23_s129_cross,23,profile,9,1,1,1,0
p23_s129_cross,23,profile,10,1,1,1,0
p23_s129_cross,23,profile,11,1,1,1,0
p23_s129_cross,23,profile,12,1,1,1,0
p23_s129_cross,23,profile,13,1,1,1,0
p23_s129_cross,23,profile,14,1,1,1,0
p23_s129_cross,23,profile,15,1,1,1,0
p23_s129_cross,23,profile,16,1,1,1,0
p23_s129_cross,23,profile,17,1,1,1,0
p23_s129_cross,23,profile,18,1,1,1,0
p23_s129_cross,23,profile,19,1,1,1,0
p23_s129_cross,23,profile,20,1,1,1,0
p23_s129_cross,23,profile,21,1,1,1,0
p23_s129_cross,23,profile,22,1,1,1,0
p23_s129_cross,23,profile,23,1,1,1,0
p23_s129_cross,23,profile,24,1,1,1,0
p23_s129_cross,23,profile,25,1,1,1,0
p23_s129_cross,23,profile,26,1,1,1,0
p23_s129_cross,23,profile,27,1,1,1,0
p23_s129_cross,23,profile,28,1,1,1,0
p23_s129_cross,23,profile,29,1,1,1,0
p23_s129_cross,23,profile,30,1,1,1,0
p23_s129_cross,23,profile,31,1,1,1,0
p23_s129_cross,23,profile,32,1,1,1,0
p23_s129_cross,23,profile,33,1,1,1,0
p23_s129_cross,23,profile,34,1,1,1,0
p23_s129_cross,23,profile,35,1,1,1,0
p23_s129_cross,23,profile,36,1,1,1,0
p23_s129_cross,23,profile,37,1,1,1,0
p23_s129_cross,23,profile,38,1,1,1,0
p23_s129_cross,23,profile,39,1,1,1,0
p23_s129_cross,23,profile,40,1,1,1,0
p23_s129_cross,23,profile,41,1,1,1,0
p23_s129_cross,23,profile,42,1,1,1,0
p23_s129_cross,23,profile,43,1,1,1,0
p23_s129_cross,23,profile,44,1,1,1,0
p23_s129_cross,23,profile,45,1,1,1,0
p23_s129_cross,23,profile,46,1,1,1,0
p23_s129_cross,23,profile,47,1,1,1,0
p23_s129_cross,23,profile,48,1,1,1,0
p23_s129_cross,23,profile,49,1,1,1,0
p23_s129_cross,23,profile,50,1,1,1,0
p23_s129_cross,23,profile,51,1,1,1,0
p23_s129_cross,23,profile,52,1,1,1,0
p23_s129_cross,23,profile,53,1,1,1,0
p23_s129_cross,23,profile,54,1,1,1,0
p23_s129_cross,23,profile,55,1,1,1,0
p23_s129_cross,23,profile,56,1,1,1,0
p23_s129_cross,23,profile,57,1,1,1,0
p23_s129_cross,23,profile,58,1,1,1,0
p23_s129_cross,23,profile,59,1,1,1,0
