phase,name,p,seed,variant,horizon,final_acc,point_sequences,point_raw_argmax_changes,point_any_raw_argmax_changes,point_leader_replacements,point_any_leader_replacements,point_correctness_flips,point_any_correctness_flips,point_correct_to_wrong,point_any_correct_to_wrong,point_wrong_to_correct,point_any_wrong_to_correct,point_last_leader_replacement,point_last_correctness_flip,profile_sequences,profile_raw_argmax_changes,profile_any_raw_argmax_changes,profile_leader_replacements,profile_any_leader_replacements,profile_correctness_flips,profile_any_correctness_flips,profile_correct_to_wrong,profile_any_correct_to_wrong,profile_wrong_to_correct,profile_any_wrong_to_correct,profile_last_leader_replacement,profile_last_correctness_flip
discovery,p17_none,17,0,none,59,0.0,17,944,17,0,0,0,0,0,0,0,0,,,1,56,1,0,0,0,0,0,0,0,0,,
discovery,p17_s20_circ,17,20,circ,59,0.0,17,458,17,0,0,0,0,0,0,0,0,,,1,28,1,0,0,0,0,0,0,0,0,,
discovery,p17_s20_cross,17,20,cross,59,0.0,17,31,16,31,16,0,0,0,0,0,0,7,,1,0,0,0,0,0,0,0,0,0,0,,
discovery,p17_s20_diag,17,20,diag,59,0.058823529411764705,17,46,17,46,17,1,1,0,0,1,1,11,11,1,42,1,42,1,0,0,0,0,0,0,59,
discovery,p17_s20_residual,17,20,residual,59,0.058823529411764705,17,35,14,35,14,1,1,0,0,1,1,10,10,1,3,1,3,1,0,0,0,0,0,0,9,
discovery,p17_s21_circ,17,21,circ,59,1.0,17,70,17,17,17,17,17,0,0,17,17,7,7,1,4,1,1,1,1,1,0,0,1,1,7,7
discovery,p17_s21_cross,17,21,cross,59,1.0,17,44,17,44,17,17,17,0,0,17,17,9,9,1,1,1,1,1,1,1,0,0,1,1,8,8
discovery,p17_s21_diag,17,21,diag,59,0.058823529411764705,17,46,17,46,17,1,1,0,0,1,1,11,11,1,45,1,45,1,0,0,0,0,0,0,59,
discovery,p17_s21_residual,17,21,residual,59,0.058823529411764705,17,38,16,38,16,1,1,0,0,1,1,10,10,1,3,1,3,1,0,0,0,0,0,0,9,
discovery,p17_s22_circ,17,22,circ,59,1.0,17,63,17,17,17,17,17,0,0,17,17,7,7,1,2,1,1,1,1,1,0,0,1,1,7,7
discovery,p17_s22_cross,17,22,cross,59,0.47058823529411764,17,37,16,37,16,8,8,0,0,8,8,10,10,1,2,1,2,1,1,1,0,0,1,1,9,9
discovery,p17_s22_diag,17,22,diag,59,0.058823529411764705,17,44,17,44,17,1,1,0,0,1,1,11,11,1,44,1,42,1,0,0,0,0,0,0,58,
discovery,p17_s22_residual,17,22,residual,59,0.0,17,51,17,51,17,0,0,0,0,0,0,10,,1,6,1,6,1,0,0,0,0,0,0,10,
discovery,p17_s23_circ,17,23,circ,59,0.0,17,482,17,17,17,0,0,0,0,0,0,5,,1,33,1,1,1,0,0,0,0,0,0,5,
discovery,p17_s23_cross,17,23,cross,59,0.0,17,40,16,40,16,0,0,0,0,0,0,8,,1,3,1,3,1,0,0,0,0,0,0,5,
discovery,p17_s23_diag,17,23,diag,59,0.058823529411764705,17,47,17,47,17,1,1,0,0,1,1,11,11,1,46,1,44,1,0,0,0,0,0,0,59,
discovery,p17_s23_residual,17,23,residual,59,0.058823529411764705,17,35,16,35,16,1,1,0,0,1,1,10,10,1,4,1,4,1,0,0,0,0,0,0,8,
discovery,p17_s24_circ,17,24,circ,59,1.0,17,59,17,17,17,17,17,0,0,17,17,6,6,1,5,1,1,1,1,1,0,0,1,1,6,6
discovery,p17_s24_cross,17,24,cross,59,1.0,17,58,17,58,17,17,17,0,0,17,17,9,9,1,2,1,2,1,1,1,0,0,1,1,8,8
discovery,p17_s24_diag,17,24,diag,59,0.058823529411764705,17,44,17,44,17,1,1,0,0,1,1,11,11,1,46,1,46,1,0,0,0,0,0,0,59,
discovery,p17_s24_residual,17,24,residual,59,0.0,17,50,16,50,16,0,0,0,0,0,0,10,,1,3,1,3,1,0,0,0,0,0,0,9,
discovery,p17_s30_cross,17,30,cross,59,0.058823529411764705,17,50,17,50,17,1,1,0,0,1,1,10,10,1,3,1,3,1,0,0,0,0,0,0,7,
discovery,p17_s31_cross,17,31,cross,59,0.17647058823529413,17,35,15,35,15,3,3,0,0,3,3,10,10,1,3,1,3,1,0,0,0,0,0,0,7,
discovery,p17_s32_cross,17,32,cross,59,0.47058823529411764,17,42,16,42,16,8,8,0,0,8,8,10,10,1,5,1,5,1,1,1,0,0,1,1,9,9
discovery,p17_s33_cross,17,33,cross,59,1.0,17,70,17,70,17,17,17,0,0,17,17,9,9,1,4,1,4,1,1,1,0,0,1,1,9,9
discovery,p17_s34_cross,17,34,cross,59,0.0,17,33,17,33,17,0,0,0,0,0,0,8,,1,1,1,1,1,0,0,0,0,0,0,1,
discovery,p17_s35_cross,17,35,cross,59,1.0,17,56,17,56,17,17,17,0,0,17,17,9,9,1,3,1,3,1,1,1,0,0,1,1,9,9
discovery,p17_s36_cross,17,36,cross,59,0.7647058823529411,17,49,16,49,16,13,13,0,0,13,13,10,10,1,1,1,1,1,1,1,0,0,1,1,9,9
discovery,p17_s37_cross,17,37,cross,59,1.0,17,59,17,59,17,17,17,0,0,17,17,9,9,1,2,1,2,1,1,1,0,0,1,1,9,9
discovery,p17_s38_cross,17,38,cross,59,1.0,17,57,17,57,17,17,17,0,0,17,17,9,9,1,4,1,4,1,1,1,0,0,1,1,8,8
discovery,p17_s39_cross,17,39,cross,59,1.0,17,66,17,66,17,17,17,0,0,17,17,8,8,1,4,1,4,1,1,1,0,0,1,1,8,8
discovery,p17_s40_cross,17,40,cross,59,0.0,17,45,17,45,17,0,0,0,0,0,0,8,,1,5,1,5,1,0,0,0,0,0,0,9,
discovery,p17_s41_cross,17,41,cross,59,1.0,17,63,17,63,17,17,17,0,0,17,17,8,8,1,6,1,6,1,1,1,0,0,1,1,8,8
discovery,p17_s42_cross,17,42,cross,59,0.17647058823529413,17,56,17,56,17,3,3,0,0,3,3,12,12,1,2,1,2,1,0,0,0,0,0,0,7,
discovery,p17_s43_cross,17,43,cross,59,1.0,17,58,17,58,17,17,17,0,0,17,17,8,8,1,3,1,3,1,1,1,0,0,1,1,8,8
discovery,p17_s44_cross,17,44,cross,59,1.0,17,55,17,55,17,17,17,0,0,17,17,9,9,1,4,1,4,1,1,1,0,0,1,1,8,8
discovery,p17_s45_cross,17,45,cross,59,0.8823529411764706,17,51,17,51,17,15,15,0,0,15,15,10,10,1,2,1,2,1,1,1,0,0,1,1,9,9
discovery,p17_s46_cross,17,46,cross,59,0.47058823529411764,17,64,17,64,17,8,8,0,0,8,8,10,10,1,4,1,4,1,1,1,0,0,1,1,9,9
discovery,p17_s47_cross,17,47,cross,59,0.0,17,48,17,48,17,0,0,0,0,0,0,8,,1,3,1,3,1,0,0,0,0,0,0,7,
discovery,p17_s48_cross,17,48,cross,59,0.5882352941176471,17,54,16,54,16,10,10,0,0,10,10,11,11,1,5,1,5,1,1,1,0,0,1,1,9,9
discovery,p17_s49_cross,17,49,cross,59,1.0,17,72,17,72,17,17,17,0,0,17,17,9,9,1,3,1,3,1,1,1,0,0,1,1,8,8
discovery,p17_s50_cross,17,50,cross,59,1.0,17,57,17,57,17,17,17,0,0,17,17,9,9,1,5,1,5,1,1,1,0,0,1,1,8,8
discovery,p17_s51_cross,17,51,cross,59,1.0,17,68,17,68,17,17,17,0,0,17,17,8,8,1,3,1,3,1,1,1,0,0,1,1,8,8
discovery,p17_s52_cross,17,52,cross,59,1.0,17,52,17,52,17,17,17,0,0,17,17,9,9,1,3,1,3,1,1,1,0,0,1,1,8,8
discovery,p17_s53_cross,17,53,cross,59,1.0,17,69,17,69,17,17,17,0,0,17,17,9,9,1,4,1,4,1,1,1,0,0,1,1,8,8
discovery,p17_s54_cross,17,54,cross,59,1.0,17,49,17,49,17,17,17,0,0,17,17,8,8,1,2,1,2,1,1,1,0,0,1,1,8,8
discovery,p17_s55_cross,17,55,cross,59,1.0,17,52,17,52,17,17,17,0,0,17,17,8,8,1,1,1,1,1,1,1,0,0,1,1,8,8
discovery,p17_s56_cross,17,56,cross,59,0.0,17,40,16,40,16,0,0,0,0,0,0,8,,1,1,1,1,1,0,0,0,0,0,0,8,
discovery,p17_s57_cross,17,57,cross,59,1.0,17,50,17,50,17,17,17,0,0,17,17,8,8,1,3,1,3,1,1,1,0,0,1,1,8,8
discovery,p17_s58_cross,17,58,cross,59,0.29411764705882354,17,44,17,44,17,5,5,0,0,5,5,10,10,1,2,1,2,1,0,0,0,0,0,0,5,
discovery,p17_s59_cross,17,59,cross,59,0.8235294117647058,17,48,16,48,16,14,14,0,0,14,14,10,10,1,3,1,3,1,1,1,0,0,1,1,9,9
discovery,p17_s60_cross,17,60,cross,59,0.0,17,38,17,38,17,0,0,0,0,0,0,7,,1,1,1,1,1,0,0,0,0,0,0,3,
discovery,p17_s61_cross,17,61,cross,59,1.0,17,45,17,45,17,17,17,0,0,17,17,9,9,1,2,1,2,1,1,1,0,0,1,1,9,9
discovery,p17_s62_cross,17,62,cross,59,0.11764705882352941,17,40,17,40,17,2,2,0,0,2,2,11,11,1,3,1,3,1,0,0,0,0,0,0,7,
discovery,p17_s63_cross,17,63,cross,59,0.8823529411764706,17,49,17,49,17,15,15,0,0,15,15,10,10,1,3,1,3,1,1,1,0,0,1,1,9,9
discovery,p17_s64_cross,17,64,cross,59,1.0,17,67,17,67,17,17,17,0,0,17,17,9,9,1,4,1,4,1,1,1,0,0,1,1,8,8
discovery,p17_s65_cross,17,65,cross,59,1.0,17,54,17,54,17,17,17,0,0,17,17,9,9,1,4,1,4,1,1,1,0,0,1,1,9,9
discovery,p17_s66_cross,17,66,cross,59,0.7058823529411765,17,71,17,71,17,12,12,0,0,12,12,12,12,1,5,1,5,1,1,1,0,0,1,1,9,9
discovery,p17_s67_cross,17,67,cross,59,1.0,17,49,17,49,17,17,17,0,0,17,17,10,10,1,3,1,3,1,1,1,0,0,1,1,9,9
discovery,p17_s68_cross,17,68,cross,59,1.0,17,52,17,52,17,17,17,0,0,17,17,9,9,1,2,1,2,1,1,1,0,0,1,1,8,8
discovery,p17_s69_cross,17,69,cross,59,1.0,17,79,17,79,17,17,17,0,0,17,17,8,8,1,3,1,3,1,1,1,0,0,1,1,8,8
discovery,p29_none,29,0,none,59,0.0,29,1648,29,0,0,0,0,0,0,0,0,,,1,58,1,0,0,0,0,0,0,0,0,,
discovery,p29_s20_circ,29,20,circ,59,1.0,29,94,29,29,29,29,29,0,0,29,29,6,6,1,3,1,1,1,1,1,0,0,1,1,6,6
discovery,p29_s20_cross,29,20,cross,59,1.0,29,85,29,85,29,29,29,0,0,29,29,8,8,1,3,1,3,1,1,1,0,0,1,1,8,8
discovery,p29_s20_diag,29,20,diag,59,0.034482758620689655,29,80,29,80,29,1,1,0,0,1,1,12,12,1,50,1,49,1,0,0,0,0,0,0,59,
discovery,p29_s20_residual,29,20,residual,59,0.0,29,56,25,56,25,0,0,0,0,0,0,10,,1,4,1,4,1,0,0,0,0,0,0,8,
discovery,p29_s21_circ,29,21,circ,59,1.0,29,115,29,58,29,29,29,0,0,29,29,6,6,1,4,1,2,1,1,1,0,0,1,1,6,6
discovery,p29_s21_cross,29,21,cross,59,1.0,29,101,29,101,29,29,29,0,0,29,29,9,9,1,6,1,6,1,1,1,0,0,1,1,9,9
discovery,p29_s21_diag,29,21,diag,59,0.034482758620689655,29,95,29,95,29,1,1,0,0,1,1,12,12,1,46,1,44,1,0,0,0,0,0,0,59,
discovery,p29_s21_residual,29,21,residual,59,0.0,29,60,26,60,26,0,0,0,0,0,0,10,,1,4,1,4,1,0,0,0,0,0,0,9,
discovery,p29_s22_circ,29,22,circ,59,1.0,29,106,29,29,29,29,29,0,0,29,29,6,6,1,5,1,1,1,1,1,0,0,1,1,6,6
discovery,p29_s22_cross,29,22,cross,59,1.0,29,85,29,85,29,29,29,0,0,29,29,9,9,1,4,1,4,1,1,1,0,0,1,1,9,9
discovery,p29_s22_diag,29,22,diag,59,0.034482758620689655,29,82,29,82,29,1,1,0,0,1,1,12,12,1,52,1,50,1,0,0,0,0,0,0,59,
discovery,p29_s22_residual,29,22,residual,59,0.034482758620689655,29,55,26,55,26,1,1,0,0,1,1,11,11,1,4,1,4,1,0,0,0,0,0,0,8,
discovery,p29_s23_circ,29,23,circ,59,1.0,29,111,29,29,29,29,29,0,0,29,29,6,6,1,5,1,1,1,1,1,0,0,1,1,6,6
discovery,p29_s23_cross,29,23,cross,59,1.0,29,113,29,113,29,29,29,0,0,29,29,9,9,1,3,1,3,1,1,1,0,0,1,1,9,9
discovery,p29_s23_diag,29,23,diag,59,0.034482758620689655,29,84,29,84,29,1,1,0,0,1,1,12,12,1,49,1,48,1,0,0,0,0,0,0,59,
discovery,p29_s23_residual,29,23,residual,59,0.0,29,66,28,66,28,0,0,0,0,0,0,10,,1,0,0,0,0,0,0,0,0,0,0,,
discovery,p29_s24_circ,29,24,circ,59,1.0,29,111,29,58,29,29,29,0,0,29,29,6,6,1,3,1,2,1,1,1,0,0,1,1,6,6
discovery,p29_s24_cross,29,24,cross,59,1.0,29,97,29,97,29,29,29,0,0,29,29,9,9,1,4,1,4,1,1,1,0,0,1,1,9,9
discovery,p29_s24_diag,29,24,diag,59,0.034482758620689655,29,68,29,68,29,1,1,0,0,1,1,12,12,1,52,1,51,1,0,0,0,0,0,0,59,
discovery,p29_s24_residual,29,24,residual,59,0.034482758620689655,29,62,28,62,28,1,1,0,0,1,1,12,12,1,6,1,6,1,0,0,0,0,0,0,10,
probe,p17_s20_circ_matched_probe,17,20,circ,5,0.0,17,44,17,0,0,0,0,0,0,0,0,,,1,0,0,0,0,0,0,0,0,0,0,,
probe,p17_s21_circ_matched_probe,17,21,circ,5,0.0,17,40,17,0,0,0,0,0,0,0,0,,,1,3,1,0,0,0,0,0,0,0,0,,
probe,p17_s22_circ_matched_probe,17,22,circ,5,0.0,17,45,16,0,0,0,0,0,0,0,0,,,1,2,1,0,0,0,0,0,0,0,0,,
probe,p17_s23_circ_matched_probe,17,23,circ,5,0.0,17,51,17,17,17,0,0,0,0,0,0,5,,1,2,1,1,1,0,0,0,0,0,0,5,
probe,p17_s24_circ_matched_probe,17,24,circ,5,0.0,17,41,17,0,0,0,0,0,0,0,0,,,1,3,1,0,0,0,0,0,0,0,0,,
probe,p17_s30_circ_matched_probe,17,30,circ,5,0.0,17,47,17,0,0,0,0,0,0,0,0,,,1,4,1,0,0,0,0,0,0,0,0,,
probe,p17_s31_circ_matched_probe,17,31,circ,5,0.0,17,37,17,0,0,0,0,0,0,0,0,,,1,4,1,0,0,0,0,0,0,0,0,,
probe,p17_s32_circ_matched_probe,17,32,circ,5,0.0,17,63,17,34,17,0,0,0,0,0,0,5,,1,3,1,2,1,0,0,0,0,0,0,5,
probe,p17_s33_circ_matched_probe,17,33,circ,5,0.0,17,51,17,17,17,0,0,0,0,0,0,4,,1,3,1,1,1,0,0,0,0,0,0,4,
probe,p17_s34_circ_matched_probe,17,34,circ,5,0.0,17,45,17,0,0,0,0,0,0,0,0,,,1,3,1,0,0,0,0,0,0,0,0,,
probe,p17_s35_circ_matched_probe,17,35,circ,5,0.0,17,41,16,0,0,0,0,0,0,0,0,,,1,1,1,0,0,0,0,0,0,0,0,,
probe,p17_s36_circ_matched_probe,17,36,circ,5,0.0,17,43,16,0,0,0,0,0,0,0,0,,,1,1,1,0,0,0,0,0,0,0,0,,
probe,p17_s37_circ_matched_probe,17,37,circ,5,0.0,17,37,16,0,0,0,0,0,0,0,0,,,1,3,1,0,0,0,0,0,0,0,0,,
probe,p17_s38_circ_matched_probe,17,38,circ,5,0.0,17,55,17,17,17,0,0,0,0,0,0,5,,1,4,1,1,1,0,0,0,0,0,0,5,
probe,p17_s39_circ_matched_probe,17,39,circ,5,0.0,17,64,17,17,17,0,0,0,0,0,0,4,,1,4,1,1,1,0,0,0,0,0,0,4,
probe,p17_s40_circ_matched_probe,17,40,circ,5,0.0,17,40,17,0,0,0,0,0,0,0,0,,,1,2,1,0,0,0,0,0,0,0,0,,
probe,p17_s41_circ_matched_probe,17,41,circ,5,0.0,17,56,17,17,17,0,0,0,0,0,0,5,,1,4,1,1,1,0,0,0,0,0,0,5,
probe,p17_s42_circ_matched_probe,17,42,circ,5,0.0,17,36,15,0,0,0,0,0,0,0,0,,,1,2,1,0,0,0,0,0,0,0,0,,
probe,p17_s43_circ_matched_probe,17,43,circ,5,0.0,17,47,16,0,0,0,0,0,0,0,0,,,1,3,1,0,0,0,0,0,0,0,0,,
probe,p17_s44_circ_matched_probe,17,44,circ,5,0.0,17,44,16,0,0,0,0,0,0,0,0,,,1,2,1,0,0,0,0,0,0,0,0,,
probe,p17_s45_circ_matched_probe,17,45,circ,5,0.0,17,36,17,0,0,0,0,0,0,0,0,,,1,3,1,0,0,0,0,0,0,0,0,,
probe,p17_s46_circ_matched_probe,17,46,circ,5,0.0,17,51,17,17,17,0,0,0,0,0,0,5,,1,2,1,1,1,0,0,0,0,0,0,5,
probe,p17_s47_circ_matched_probe,17,47,circ,5,0.0,17,50,17,17,17,0,0,0,0,0,0,5,,1,3,1,1,1,0,0,0,0,0,0,5,
probe,p17_s48_circ_matched_probe,17,48,circ,5,0.0,17,45,17,17,17,0,0,0,0,0,0,5,,1,3,1,1,1,0,0,0,0,0,0,5,
probe,p17_s49_circ_matched_probe,17,49,circ,5,0.0,17,49,17,0,0,0,0,0,0,0,0,,,1,4,1,0,0,0,0,0,0,0,0,,
probe,p17_s50_circ_matched_probe,17,50,circ,5,0.0,17,45,17,17,17,0,0,0,0,0,0,4,,1,1,1,1,1,0,0,0,0,0,0,4,
probe,p17_s51_circ_matched_probe,17,51,circ,5,0.0,17,50,17,17,17,0,0,0,0,0,0,4,,1,2,1,1,1,0,0,0,0,0,0,4,
probe,p17_s52_circ_matched_probe,17,52,circ,5,0.0,17,51,16,0,0,0,0,0,0,0,0,,,1,2,1,0,0,0,0,0,0,0,0,,
probe,p17_s53_circ_matched_probe,17,53,circ,5,0.0,17,53,17,17,17,0,0,0,0,0,0,5,,1,2,1,1,1,0,0,0,0,0,0,5,
probe,p17_s54_circ_matched_probe,17,54,circ,5,0.0,17,42,15,0,0,0,0,0,0,0,0,,,1,2,1,0,0,0,0,0,0,0,0,,
probe,p17_s55_circ_matched_probe,17,55,circ,5,0.0,17,46,17,0,0,0,0,0,0,0,0,,,1,3,1,0,0,0,0,0,0,0,0,,
probe,p17_s56_circ_matched_probe,17,56,circ,5,0.0,17,48,17,0,0,0,0,0,0,0,0,,,1,3,1,0,0,0,0,0,0,0,0,,
probe,p17_s57_circ_matched_probe,17,57,circ,5,0.0,17,44,15,0,0,0,0,0,0,0,0,,,1,1,1,0,0,0,0,0,0,0,0,,
probe,p17_s58_circ_matched_probe,17,58,circ,5,0.0,17,52,17,17,17,0,0,0,0,0,0,5,,1,3,1,1,1,0,0,0,0,0,0,5,
probe,p17_s59_circ_matched_probe,17,59,circ,5,0.0,17,44,17,0,0,0,0,0,0,0,0,,,1,3,1,0,0,0,0,0,0,0,0,,
probe,p17_s60_circ_matched_probe,17,60,circ,5,0.0,17,38,15,0,0,0,0,0,0,0,0,,,1,3,1,0,0,0,0,0,0,0,0,,
probe,p17_s61_circ_matched_probe,17,61,circ,5,0.0,17,34,16,0,0,0,0,0,0,0,0,,,1,2,1,0,0,0,0,0,0,0,0,,
probe,p17_s62_circ_matched_probe,17,62,circ,5,0.0,17,54,17,17,17,0,0,0,0,0,0,5,,1,1,1,1,1,0,0,0,0,0,0,5,
probe,p17_s63_circ_matched_probe,17,63,circ,5,0.0,17,48,17,17,17,0,0,0,0,0,0,4,,1,2,1,1,1,0,0,0,0,0,0,4,
probe,p17_s64_circ_matched_probe,17,64,circ,5,0.0,17,44,17,17,17,0,0,0,0,0,0,5,,1,2,1,1,1,0,0,0,0,0,0,5,
probe,p17_s65_circ_matched_probe,17,65,circ,5,0.0,17,41,17,0,0,0,0,0,0,0,0,,,1,2,1,0,0,0,0,0,0,0,0,,
probe,p17_s66_circ_matched_probe,17,66,circ,5,0.0,17,59,17,34,17,0,0,0,0,0,0,5,,1,3,1,2,1,0,0,0,0,0,0,5,
probe,p17_s67_circ_matched_probe,17,67,circ,5,0.0,17,41,16,0,0,0,0,0,0,0,0,,,1,2,1,0,0,0,0,0,0,0,0,,
probe,p17_s68_circ_matched_probe,17,68,circ,5,0.0,17,42,17,0,0,0,0,0,0,0,0,,,1,4,1,0,0,0,0,0,0,0,0,,
probe,p17_s69_circ_matched_probe,17,69,circ,5,0.0,17,43,17,0,0,0,0,0,0,0,0,,,1,2,1,0,0,0,0,0,0,0,0,,
probe,p29_s20_circ_matched_probe,29,20,circ,5,0.0,29,78,28,0,0,0,0,0,0,0,0,,,1,3,1,0,0,0,0,0,0,0,0,,
probe,p29_s21_circ_matched_probe,29,21,circ,5,0.0,29,79,29,0,0,0,0,0,0,0,0,,,1,3,1,0,0,0,0,0,0,0,0,,
probe,p29_s22_circ_matched_probe,29,22,circ,5,0.0,29,72,28,0,0,0,0,0,0,0,0,,,1,1,1,0,0,0,0,0,0,0,0,,
probe,p29_s23_circ_matched_probe,29,23,circ,5,0.0,29,76,27,0,0,0,0,0,0,0,0,,,1,3,1,0,0,0,0,0,0,0,0,,
probe,p29_s24_circ_matched_probe,29,24,circ,5,0.0,29,94,29,29,29,0,0,0,0,0,0,5,,1,3,1,1,1,0,0,0,0,0,0,5,
operator,p17_difference1_2,17,1,mode_difference,59,1.0,17,92,17,17,17,17,17,0,0,17,17,9,9,1,4,1,1,1,1,1,0,0,1,1,9,9
operator,p17_difference1_3,17,1,mode_difference,59,1.0,17,84,17,17,17,17,17,0,0,17,17,9,9,1,8,1,1,1,1,1,0,0,1,1,9,9
operator,p17_difference2_3,17,2,mode_difference,59,1.0,17,89,17,17,17,17,17,0,0,17,17,9,9,1,4,1,1,1,1,1,0,0,1,1,9,9
operator,p17_mode1,17,1,mode,59,0.0,17,482,17,0,0,0,0,0,0,0,0,,,1,32,1,0,0,0,0,0,0,0,0,,
operator,p17_mode1_half,17,1,mode,59,0.0,17,505,17,0,0,0,0,0,0,0,0,,,1,30,1,0,0,0,0,0,0,0,0,,
operator,p17_mode2,17,2,mode,59,0.0,17,532,17,0,0,0,0,0,0,0,0,,,1,22,1,0,0,0,0,0,0,0,0,,
operator,p17_mode3,17,3,mode,59,0.0,17,507,17,0,0,0,0,0,0,0,0,,,1,31,1,0,0,0,0,0,0,0,0,,
operator,p17_mode4,17,4,mode,59,0.0,17,492,17,0,0,0,0,0,0,0,0,,,1,33,1,0,0,0,0,0,0,0,0,,
operator,p17_mode5,17,5,mode,59,0.0,17,510,17,0,0,0,0,0,0,0,0,,,1,30,1,0,0,0,0,0,0,0,0,,
operator,p17_mode6,17,6,mode,59,0.0,17,528,17,0,0,0,0,0,0,0,0,,,1,33,1,0,0,0,0,0,0,0,0,,
operator,p17_mode7,17,7,mode,59,0.0,17,508,17,0,0,0,0,0,0,0,0,,,1,27,1,0,0,0,0,0,0,0,0,,
operator,p17_mode8,17,8,mode,59,0.0,17,496,17,0,0,0,0,0,0,0,0,,,1,21,1,0,0,0,0,0,0,0,0,,
operator,p17_none,17,0,none,59,0.0,17,944,17,0,0,0,0,0,0,0,0,,,1,56,1,0,0,0,0,0,0,0,0,,
operator,p17_pair1_2,17,1,mode_pair,59,0.0,17,513,17,17,17,0,0,0,0,0,0,6,,1,26,1,1,1,0,0,0,0,0,0,6,
operator,p17_pair1_3,17,1,mode_pair,59,1.0,17,87,17,17,17,17,17,0,0,17,17,9,9,1,7,1,1,1,1,1,0,0,1,1,9,9
operator,p17_pair1_4,17,1,mode_pair,59,1.0,17,94,17,17,17,17,17,0,0,17,17,9,9,1,6,1,1,1,1,1,0,0,1,1,9,9
operator,p17_pair1_5,17,1,mode_pair,59,1.0,17,78,17,17,17,17,17,0,0,17,17,9,9,1,4,1,1,1,1,1,0,0,1,1,9,9
operator,p17_pair1_6,17,1,mode_pair,59,1.0,17,89,17,17,17,17,17,0,0,17,17,9,9,1,4,1,1,1,1,1,0,0,1,1,9,9
operator,p17_pair1_7,17,1,mode_pair,59,1.0,17,91,17,17,17,17,17,0,0,17,17,9,9,1,5,1,1,1,1,1,0,0,1,1,9,9
operator,p17_pair1_8,17,1,mode_pair,59,1.0,17,92,17,17,17,17,17,0,0,17,17,9,9,1,6,1,1,1,1,1,0,0,1,1,9,9
operator,p17_pair2_3,17,2,mode_pair,59,1.0,17,89,17,17,17,17,17,0,0,17,17,9,9,1,6,1,1,1,1,1,0,0,1,1,9,9
operator,p17_pair2_4,17,2,mode_pair,59,0.0,17,475,17,17,17,0,0,0,0,0,0,6,,1,30,1,1,1,0,0,0,0,0,0,6,
operator,p17_pair2_5,17,2,mode_pair,59,1.0,17,82,17,17,17,17,17,0,0,17,17,9,9,1,6,1,1,1,1,1,0,0,1,1,9,9
operator,p17_pair2_6,17,2,mode_pair,59,1.0,17,96,17,17,17,17,17,0,0,17,17,9,9,1,5,1,1,1,1,1,0,0,1,1,9,9
operator,p17_pair2_7,17,2,mode_pair,59,1.0,17,86,17,17,17,17,17,0,0,17,17,9,9,1,7,1,1,1,1,1,0,0,1,1,9,9
operator,p17_pair2_8,17,2,mode_pair,59,1.0,17,93,17,17,17,17,17,0,0,17,17,9,9,1,4,1,1,1,1,1,0,0,1,1,9,9
operator,p17_pair3_4,17,3,mode_pair,59,1.0,17,89,17,17,17,17,17,0,0,17,17,9,9,1,4,1,1,1,1,1,0,0,1,1,9,9
operator,p17_pair3_5,17,3,mode_pair,59,1.0,17,88,17,17,17,17,17,0,0,17,17,9,9,1,7,1,1,1,1,1,0,0,1,1,9,9
operator,p17_pair3_6,17,3,mode_pair,59,0.0,17,491,17,17,17,0,0,0,0,0,0,6,,1,33,1,1,1,0,0,0,0,0,0,6,
operator,p17_pair3_7,17,3,mode_pair,59,1.0,17,93,17,17,17,17,17,0,0,17,17,9,9,1,5,1,1,1,1,1,0,0,1,1,9,9
operator,p17_pair3_8,17,3,mode_pair,59,1.0,17,78,17,17,17,17,17,0,0,17,17,9,9,1,7,1,1,1,1,1,0,0,1,1,9,9
operator,p17_pair4_5,17,4,mode_pair,59,1.0,17,74,17,17,17,17,17,0,0,17,17,9,9,1,5,1,1,1,1,1,0,0,1,1,9,9
operator,p17_pair4_6,17,4,mode_pair,59,1.0,17,88,17,17,17,17,17,0,0,17,17,9,9,1,6,1,1,1,1,1,0,0,1,1,9,9
operator,p17_pair4_7,17,4,mode_pair,59,1.0,17,84,17,17,17,17,17,0,0,17,17,9,9,1,4,1,1,1,1,1,0,0,1,1,9,9
operator,p17_pair4_8,17,4,mode_pair,59,0.0,17,510,17,17,17,0,0,0,0,0,0,6,,1,27,1,1,1,0,0,0,0,0,0,6,
operator,p17_pair5_6,17,5,mode_pair,59,1.0,17,78,17,17,17,17,17,0,0,17,17,9,9,1,6,1,1,1,1,1,0,0,1,1,9,9
operator,p17_pair5_7,17,5,mode_pair,59,1.0,17,87,17,17,17,17,17,0,0,17,17,9,9,1,4,1,1,1,1,1,0,0,1,1,9,9
operator,p17_pair5_8,17,5,mode_pair,59,1.0,17,84,17,17,17,17,17,0,0,17,17,9,9,1,6,1,1,1,1,1,0,0,1,1,9,9
operator,p17_pair6_7,17,6,mode_pair,59,1.0,17,73,17,17,17,17,17,0,0,17,17,9,9,1,6,1,1,1,1,1,0,0,1,1,9,9
operator,p17_pair6_8,17,6,mode_pair,59,1.0,17,82,17,17,17,17,17,0,0,17,17,9,9,1,5,1,1,1,1,1,0,0,1,1,9,9
operator,p17_pair7_8,17,7,mode_pair,59,1.0,17,86,17,17,17,17,17,0,0,17,17,9,9,1,5,1,1,1,1,1,0,0,1,1,9,9
operator,p23_difference1_2,23,1,mode_difference,59,1.0,23,139,23,23,23,23,23,0,0,23,23,10,10,1,5,1,1,1,1,1,0,0,1,1,10,10
operator,p23_difference1_3,23,1,mode_difference,59,1.0,23,113,23,23,23,23,23,0,0,23,23,9,9,1,5,1,1,1,1,1,0,0,1,1,9,9
operator,p23_difference2_3,23,2,mode_difference,59,1.0,23,109,23,23,23,23,23,0,0,23,23,9,9,1,7,1,1,1,1,1,0,0,1,1,9,9
operator,p23_mode1,23,1,mode,59,0.0,23,695,23,0,0,0,0,0,0,0,0,,,1,33,1,0,0,0,0,0,0,0,0,,
operator,p23_mode10,23,10,mode,59,0.0,23,691,23,0,0,0,0,0,0,0,0,,,1,28,1,0,0,0,0,0,0,0,0,,
operator,p23_mode11,23,11,mode,59,0.0,23,691,23,0,0,0,0,0,0,0,0,,,1,27,1,0,0,0,0,0,0,0,0,,
operator,p23_mode1_half,23,1,mode,59,0.0,23,653,23,0,0,0,0,0,0,0,0,,,1,32,1,0,0,0,0,0,0,0,0,,
operator,p23_mode2,23,2,mode,59,0.0,23,709,23,0,0,0,0,0,0,0,0,,,1,24,1,0,0,0,0,0,0,0,0,,
operator,p23_mode3,23,3,mode,59,0.0,23,704,23,0,0,0,0,0,0,0,0,,,1,33,1,0,0,0,0,0,0,0,0,,
operator,p23_mode4,23,4,mode,59,0.0,23,690,23,0,0,0,0,0,0,0,0,,,1,25,1,0,0,0,0,0,0,0,0,,
operator,p23_mode5,23,5,mode,59,0.0,23,694,23,0,0,0,0,0,0,0,0,,,1,31,1,0,0,0,0,0,0,0,0,,
operator,p23_mode6,23,6,mode,59,0.0,23,686,23,0,0,0,0,0,0,0,0,,,1,36,1,0,0,0,0,0,0,0,0,,
operator,p23_mode7,23,7,mode,59,0.0,23,681,23,0,0,0,0,0,0,0,0,,,1,29,1,0,0,0,0,0,0,0,0,,
operator,p23_mode8,23,8,mode,59,0.0,23,655,23,0,0,0,0,0,0,0,0,,,1,32,1,0,0,0,0,0,0,0,0,,
operator,p23_mode9,23,9,mode,59,0.0,23,671,23,0,0,0,0,0,0,0,0,,,1,30,1,0,0,0,0,0,0,0,0,,
operator,p23_none,23,0,none,59,0.0,23,1295,23,0,0,0,0,0,0,0,0,,,1,49,1,0,0,0,0,0,0,0,0,,
operator,p23_pair10_11,23,10,mode_pair,59,1.0,23,117,23,23,23,23,23,0,0,23,23,10,10,1,5,1,1,1,1,1,0,0,1,1,10,10
operator,p23_pair1_10,23,1,mode_pair,59,1.0,23,123,23,23,23,23,23,0,0,23,23,9,9,1,4,1,1,1,1,1,0,0,1,1,9,9
operator,p23_pair1_11,23,1,mode_pair,59,1.0,23,113,23,23,23,23,23,0,0,23,23,10,10,1,5,1,1,1,1,1,0,0,1,1,10,10
operator,p23_pair1_2,23,1,mode_pair,59,0.0,23,657,23,23,23,0,0,0,0,0,0,7,,1,22,1,1,1,0,0,0,0,0,0,7,
operator,p23_pair1_3,23,1,mode_pair,59,1.0,23,124,23,23,23,23,23,0,0,23,23,10,10,1,4,1,1,1,1,1,0,0,1,1,10,10
operator,p23_pair1_4,23,1,mode_pair,59,1.0,23,104,23,23,23,23,23,0,0,23,23,9,9,1,3,1,1,1,1,1,0,0,1,1,9,9
operator,p23_pair1_5,23,1,mode_pair,59,1.0,23,126,23,69,23,23,23,0,0,23,23,9,9,1,5,1,3,1,1,1,0,0,1,1,9,9
operator,p23_pair1_6,23,1,mode_pair,59,1.0,23,114,23,23,23,23,23,0,0,23,23,9,9,1,7,1,1,1,1,1,0,0,1,1,9,9
operator,p23_pair1_7,23,1,mode_pair,59,1.0,23,108,23,23,23,23,23,0,0,23,23,9,9,1,7,1,1,1,1,1,0,0,1,1,9,9
operator,p23_pair1_8,23,1,mode_pair,59,1.0,23,137,23,23,23,23,23,0,0,23,23,10,10,1,5,1,1,1,1,1,0,0,1,1,10,10
operator,p23_pair1_9,23,1,mode_pair,59,1.0,23,114,23,23,23,23,23,0,0,23,23,9,9,1,6,1,1,1,1,1,0,0,1,1,9,9
operator,p23_pair2_10,23,2,mode_pair,59,1.0,23,136,23,69,23,23,23,0,0,23,23,9,9,1,6,1,3,1,1,1,0,0,1,1,9,9
operator,p23_pair2_11,23,2,mode_pair,59,1.0,23,114,23,23,23,23,23,0,0,23,23,9,9,1,6,1,1,1,1,1,0,0,1,1,9,9
operator,p23_pair2_3,23,2,mode_pair,59,1.0,23,116,23,23,23,23,23,0,0,23,23,9,9,1,6,1,1,1,1,1,0,0,1,1,9,9
operator,p23_pair2_4,23,2,mode_pair,59,0.0,23,655,23,23,23,0,0,0,0,0,0,7,,1,25,1,1,1,0,0,0,0,0,0,7,
operator,p23_pair2_5,23,2,mode_pair,59,1.0,23,142,23,69,23,23,23,0,0,23,23,9,9,1,8,1,3,1,1,1,0,0,1,1,9,9
operator,p23_pair2_6,23,2,mode_pair,59,1.0,23,130,23,23,23,23,23,0,0,23,23,10,10,1,6,1,1,1,1,1,0,0,1,1,10,10
operator,p23_pair2_7,23,2,mode_pair,59,1.0,23,121,23,23,23,23,23,0,0,23,23,9,9,1,3,1,1,1,1,1,0,0,1,1,9,9
operator,p23_pair2_8,23,2,mode_pair,59,1.0,23,106,23,23,23,23,23,0,0,23,23,9,9,1,4,1,1,1,1,1,0,0,1,1,9,9
operator,p23_pair2_9,23,2,mode_pair,59,1.0,23,111,23,23,23,23,23,0,0,23,23,9,9,1,5,1,1,1,1,1,0,0,1,1,9,9
operator,p23_pair3_10,23,3,mode_pair,59,1.0,23,124,23,23,23,23,23,0,0,23,23,10,10,1,7,1,1,1,1,1,0,0,1,1,10,10
operator,p23_pair3_11,23,3,mode_pair,59,1.0,23,115,23,23,23,23,23,0,0,23,23,9,9,1,4,1,1,1,1,1,0,0,1,1,9,9
operator,p23_pair3_4,23,3,mode_pair,59,1.0,23,109,23,23,23,23,23,0,0,23,23,9,9,1,6,1,1,1,1,1,0,0,1,1,9,9
operator,p23_pair3_5,23,3,mode_pair,59,1.0,23,117,23,23,23,23,23,0,0,23,23,9,9,1,6,1,1,1,1,1,0,0,1,1,9,9
operator,p23_pair3_6,23,3,mode_pair,59,0.0,23,709,23,23,23,0,0,0,0,0,0,7,,1,33,1,1,1,0,0,0,0,0,0,7,
operator,p23_pair3_7,23,3,mode_pair,59,1.0,23,119,23,23,23,23,23,0,0,23,23,9,9,1,4,1,1,1,1,1,0,0,1,1,9,9
operator,p23_pair3_8,23,3,mode_pair,59,1.0,23,107,23,23,23,23,23,0,0,23,23,9,9,1,6,1,1,1,1,1,0,0,1,1,9,9
operator,p23_pair3_9,23,3,mode_pair,59,1.0,23,133,23,23,23,23,23,0,0,23,23,10,10,1,6,1,1,1,1,1,0,0,1,1,10,10
operator,p23_pair4_10,23,4,mode_pair,59,1.0,23,139,23,69,23,23,23,0,0,23,23,9,9,1,7,1,3,1,1,1,0,0,1,1,9,9
operator,p23_pair4_11,23,4,mode_pair,59,1.0,23,118,23,23,23,23,23,0,0,23,23,9,9,1,3,1,1,1,1,1,0,0,1,1,9,9
operator,p23_pair4_5,23,4,mode_pair,59,1.0,23,107,23,23,23,23,23,0,0,23,23,9,9,1,4,1,1,1,1,1,0,0,1,1,9,9
operator,p23_pair4_6,23,4,mode_pair,59,1.0,23,114,23,23,23,23,23,0,0,23,23,9,9,1,5,1,1,1,1,1,0,0,1,1,9,9
operator,p23_pair4_7,23,4,mode_pair,59,1.0,23,111,23,23,23,23,23,0,0,23,23,9,9,1,3,1,1,1,1,1,0,0,1,1,9,9
operator,p23_pair4_8,23,4,mode_pair,59,0.0,23,694,23,23,23,0,0,0,0,0,0,7,,1,29,1,1,1,0,0,0,0,0,0,7,
operator,p23_pair4_9,23,4,mode_pair,59,1.0,23,123,23,23,23,23,23,0,0,23,23,10,10,1,5,1,1,1,1,1,0,0,1,1,10,10
operator,p23_pair5_10,23,5,mode_pair,59,0.0,23,666,23,23,23,0,0,0,0,0,0,7,,1,32,1,1,1,0,0,0,0,0,0,7,
operator,p23_pair5_11,23,5,mode_pair,59,1.0,23,110,23,23,23,23,23,0,0,23,23,9,9,1,5,1,1,1,1,1,0,0,1,1,9,9
operator,p23_pair5_6,23,5,mode_pair,59,1.0,23,106,23,23,23,23,23,0,0,23,23,9,9,1,5,1,1,1,1,1,0,0,1,1,9,9
operator,p23_pair5_7,23,5,mode_pair,59,1.0,23,120,23,23,23,23,23,0,0,23,23,9,9,1,5,1,1,1,1,1,0,0,1,1,9,9
operator,p23_pair5_8,23,5,mode_pair,59,1.0,23,123,23,23,23,23,23,0,0,23,23,9,9,1,2,1,1,1,1,1,0,0,1,1,9,9
operator,p23_pair5_9,23,5,mode_pair,59,1.0,23,123,23,23,23,23,23,0,0,23,23,10,10,1,3,1,1,1,1,1,0,0,1,1,10,10
operator,p23_pair6_10,23,6,mode_pair,59,1.0,23,105,23,23,23,23,23,0,0,23,23,9,9,1,3,1,1,1,1,1,0,0,1,1,9,9
operator,p23_pair6_11,23,6,mode_pair,59,1.0,23,116,23,23,23,23,23,0,0,23,23,10,10,1,5,1,1,1,1,1,0,0,1,1,10,10
operator,p23_pair6_7,23,6,mode_pair,59,1.0,23,147,23,69,23,23,23,0,0,23,23,9,9,1,6,1,3,1,1,1,0,0,1,1,9,9
operator,p23_pair6_8,23,6,mode_pair,59,1.0,23,113,23,23,23,23,23,0,0,23,23,9,9,1,4,1,1,1,1,1,0,0,1,1,9,9
operator,p23_pair6_9,23,6,mode_pair,59,1.0,23,105,23,23,23,23,23,0,0,23,23,9,9,1,6,1,1,1,1,1,0,0,1,1,9,9
operator,p23_pair7_10,23,7,mode_pair,59,1.0,23,134,23,23,23,23,23,0,0,23,23,10,10,1,5,1,1,1,1,1,0,0,1,1,10,10
operator,p23_pair7_11,23,7,mode_pair,59,1.0,23,124,23,23,23,23,23,0,0,23,23,9,9,1,5,1,1,1,1,1,0,0,1,1,9,9
operator,p23_pair7_8,23,7,mode_pair,59,1.0,23,129,23,23,23,23,23,0,0,23,23,10,10,1,6,1,1,1,1,1,0,0,1,1,10,10
operator,p23_pair7_9,23,7,mode_pair,59,1.0,23,122,23,23,23,23,23,0,0,23,23,10,10,1,4,1,1,1,1,1,0,0,1,1,10,10
operator,p23_pair8_10,23,8,mode_pair,59,1.0,23,118,23,23,23,23,23,0,0,23,23,9,9,1,6,1,1,1,1,1,0,0,1,1,9,9
operator,p23_pair8_11,23,8,mode_pair,59,1.0,23,123,23,23,23,23,23,0,0,23,23,9,9,1,8,1,1,1,1,1,0,0,1,1,9,9
operator,p23_pair8_9,23,8,mode_pair,59,1.0,23,111,23,23,23,23,23,0,0,23,23,9,9,1,6,1,1,1,1,1,0,0,1,1,9,9
operator,p23_pair9_10,23,9,mode_pair,59,1.0,23,116,23,23,23,23,23,0,0,23,23,9,9,1,5,1,1,1,1,1,0,0,1,1,9,9
operator,p23_pair9_11,23,9,mode_pair,59,1.0,23,142,23,69,23,23,23,0,0,23,23,9,9,1,8,1,3,1,1,1,0,0,1,1,9,9
confirmation,p17_s100_cross,17,100,cross,59,0.7058823529411765,17,54,17,54,17,12,12,0,0,12,12,10,10,1,4,1,4,1,1,1,0,0,1,1,9,9
confirmation,p17_s101_cross,17,101,cross,59,1.0,17,53,17,53,17,17,17,0,0,17,17,8,8,1,4,1,4,1,1,1,0,0,1,1,8,8
confirmation,p17_s102_cross,17,102,cross,59,1.0,17,48,17,48,17,17,17,0,0,17,17,9,9,1,3,1,3,1,1,1,0,0,1,1,9,9
confirmation,p17_s103_cross,17,103,cross,59,0.11764705882352941,17,42,16,42,16,2,2,0,0,2,2,10,10,1,1,1,1,1,0,0,0,0,0,0,1,
confirmation,p17_s104_cross,17,104,cross,59,1.0,17,56,17,56,17,17,17,0,0,17,17,9,9,1,3,1,3,1,1,1,0,0,1,1,8,8
confirmation,p17_s105_cross,17,105,cross,59,0.058823529411764705,17,43,17,43,17,1,1,0,0,1,1,10,10,1,3,1,3,1,0,0,0,0,0,0,5,
confirmation,p17_s106_cross,17,106,cross,59,0.058823529411764705,17,49,17,49,17,1,1,0,0,1,1,10,10,1,3,1,3,1,0,0,0,0,0,0,7,
confirmation,p17_s107_cross,17,107,cross,59,0.058823529411764705,17,43,17,42,17,1,1,0,0,1,1,10,10,1,0,0,0,0,0,0,0,0,0,0,,
confirmation,p17_s108_cross,17,108,cross,59,1.0,17,66,17,66,17,17,17,0,0,17,17,8,8,1,5,1,5,1,1,1,0,0,1,1,8,8
confirmation,p17_s109_cross,17,109,cross,59,1.0,17,62,17,62,17,17,17,0,0,17,17,8,8,1,5,1,5,1,1,1,0,0,1,1,8,8
confirmation,p17_s110_cross,17,110,cross,59,1.0,17,46,17,46,17,17,17,0,0,17,17,8,8,1,1,1,1,1,1,1,0,0,1,1,8,8
confirmation,p17_s111_cross,17,111,cross,59,0.47058823529411764,17,51,17,51,17,8,8,0,0,8,8,12,12,1,5,1,5,1,1,1,0,0,1,1,10,10
confirmation,p17_s112_cross,17,112,cross,59,1.0,17,66,17,66,17,17,17,0,0,17,17,9,9,1,3,1,3,1,1,1,0,0,1,1,8,8
confirmation,p17_s113_cross,17,113,cross,59,1.0,17,71,17,71,17,17,17,0,0,17,17,9,9,1,3,1,3,1,1,1,0,0,1,1,8,8
confirmation,p17_s114_cross,17,114,cross,59,0.17647058823529413,17,43,17,43,17,3,3,0,0,3,3,10,10,1,2,1,2,1,0,0,0,0,0,0,3,
confirmation,p17_s115_cross,17,115,cross,59,0.6470588235294118,17,62,17,62,17,11,11,0,0,11,11,10,10,1,4,1,4,1,1,1,0,0,1,1,9,9
confirmation,p17_s116_cross,17,116,cross,59,1.0,17,75,17,75,17,17,17,0,0,17,17,9,9,1,4,1,4,1,1,1,0,0,1,1,8,8
confirmation,p17_s117_cross,17,117,cross,59,1.0,17,60,17,60,17,17,17,0,0,17,17,10,10,1,5,1,5,1,1,1,0,0,1,1,9,9
confirmation,p17_s118_cross,17,118,cross,59,1.0,17,53,17,53,17,17,17,0,0,17,17,8,8,1,2,1,2,1,1,1,0,0,1,1,8,8
confirmation,p17_s119_cross,17,119,cross,59,1.0,17,53,17,53,17,17,17,0,0,17,17,9,9,1,3,1,3,1,1,1,0,0,1,1,8,8
confirmation,p17_s120_cross,17,120,cross,59,1.0,17,47,17,47,17,17,17,0,0,17,17,9,9,1,2,1,2,1,1,1,0,0,1,1,8,8
confirmation,p17_s121_cross,17,121,cross,59,1.0,17,63,17,63,17,17,17,0,0,17,17,9,9,1,5,1,5,1,1,1,0,0,1,1,9,9
confirmation,p17_s122_cross,17,122,cross,59,1.0,17,40,17,40,17,17,17,0,0,17,17,8,8,1,2,1,2,1,1,1,0,0,1,1,8,8
confirmation,p17_s123_cross,17,123,cross,59,0.9411764705882353,17,61,17,61,17,16,16,0,0,16,16,10,10,1,3,1,3,1,1,1,0,0,1,1,9,9
confirmation,p17_s124_cross,17,124,cross,59,1.0,17,50,17,50,17,17,17,0,0,17,17,9,9,1,3,1,3,1,1,1,0,0,1,1,8,8
confirmation,p17_s125_cross,17,125,cross,59,1.0,17,55,17,55,17,17,17,0,0,17,17,9,9,1,2,1,2,1,1,1,0,0,1,1,8,8
confirmation,p17_s126_cross,17,126,cross,59,1.0,17,45,17,45,17,17,17,0,0,17,17,9,9,1,2,1,2,1,1,1,0,0,1,1,9,9
confirmation,p17_s127_cross,17,127,cross,59,0.9411764705882353,17,61,17,61,17,16,16,0,0,16,16,9,9,1,3,1,3,1,1,1,0,0,1,1,9,9
confirmation,p17_s128_cross,17,128,cross,59,0.0,17,33,16,33,16,0,0,0,0,0,0,8,,1,1,1,1,1,0,0,0,0,0,0,1,
confirmation,p17_s129_cross,17,129,cross,59,1.0,17,62,17,62,17,17,17,0,0,17,17,8,8,1,4,1,4,1,1,1,0,0,1,1,8,8
confirmation,p17_s130_cross,17,130,cross,59,0.47058823529411764,17,66,17,66,17,8,8,0,0,8,8,10,10,1,5,1,5,1,1,1,0,0,1,1,10,10
confirmation,p17_s131_cross,17,131,cross,59,1.0,17,64,17,64,17,17,17,0,0,17,17,9,9,1,5,1,5,1,1,1,0,0,1,1,9,9
confirmation,p17_s132_cross,17,132,cross,59,0.9411764705882353,17,53,17,53,17,16,16,0,0,16,16,10,10,1,1,1,1,1,1,1,0,0,1,1,9,9
confirmation,p17_s133_cross,17,133,cross,59,1.0,17,64,17,64,17,17,17,0,0,17,17,8,8,1,3,1,3,1,1,1,0,0,1,1,8,8
confirmation,p17_s134_cross,17,134,cross,59,1.0,17,64,17,64,17,17,17,0,0,17,17,9,9,1,2,1,2,1,1,1,0,0,1,1,9,9
confirmation,p17_s135_cross,17,135,cross,59,1.0,17,54,17,54,17,17,17,0,0,17,17,9,9,1,4,1,4,1,1,1,0,0,1,1,8,8
confirmation,p17_s136_cross,17,136,cross,59,1.0,17,65,17,65,17,17,17,0,0,17,17,8,8,1,3,1,3,1,1,1,0,0,1,1,8,8
confirmation,p17_s137_cross,17,137,cross,59,1.0,17,51,17,51,17,17,17,0,0,17,17,9,9,1,3,1,3,1,1,1,0,0,1,1,8,8
confirmation,p17_s138_cross,17,138,cross,59,0.6470588235294118,17,49,17,49,17,11,11,0,0,11,11,10,10,1,5,1,5,1,1,1,0,0,1,1,9,9
confirmation,p17_s139_cross,17,139,cross,59,1.0,17,59,17,59,17,17,17,0,0,17,17,8,8,1,4,1,4,1,1,1,0,0,1,1,8,8
confirmation,p17_s140_cross,17,140,cross,59,0.7058823529411765,17,48,17,48,17,12,12,0,0,12,12,10,10,1,1,1,1,1,1,1,0,0,1,1,9,9
confirmation,p17_s141_cross,17,141,cross,59,0.9411764705882353,17,55,17,55,17,16,16,0,0,16,16,10,10,1,3,1,3,1,1,1,0,0,1,1,9,9
confirmation,p17_s142_cross,17,142,cross,59,1.0,17,60,17,60,17,17,17,0,0,17,17,9,9,1,3,1,3,1,1,1,0,0,1,1,9,9
confirmation,p17_s143_cross,17,143,cross,59,0.0,17,37,17,37,17,0,0,0,0,0,0,10,,1,3,1,3,1,0,0,0,0,0,0,7,
confirmation,p17_s144_cross,17,144,cross,59,1.0,17,50,17,50,17,17,17,0,0,17,17,9,9,1,1,1,1,1,1,1,0,0,1,1,9,9
confirmation,p17_s145_cross,17,145,cross,59,0.0,17,55,17,55,17,0,0,0,0,0,0,10,,1,3,1,3,1,0,0,0,0,0,0,6,
confirmation,p17_s146_cross,17,146,cross,59,1.0,17,56,17,56,17,17,17,0,0,17,17,9,9,1,4,1,4,1,1,1,0,0,1,1,8,8
confirmation,p17_s147_cross,17,147,cross,59,0.29411764705882354,17,45,14,45,14,5,5,0,0,5,5,10,10,1,4,1,4,1,0,0,0,0,0,0,6,
confirmation,p17_s148_cross,17,148,cross,59,1.0,17,61,17,61,17,17,17,0,0,17,17,9,9,1,4,1,4,1,1,1,0,0,1,1,8,8
confirmation,p17_s149_cross,17,149,cross,59,1.0,17,63,17,63,17,17,17,0,0,17,17,9,9,1,4,1,4,1,1,1,0,0,1,1,9,9
confirmation,p23_s100_cross,23,100,cross,59,1.0,23,70,23,70,23,23,23,0,0,23,23,8,8,1,2,1,2,1,1,1,0,0,1,1,8,8
confirmation,p23_s101_cross,23,101,cross,59,1.0,23,95,23,95,23,23,23,0,0,23,23,9,9,1,3,1,3,1,1,1,0,0,1,1,9,9
confirmation,p23_s102_cross,23,102,cross,59,0.34782608695652173,23,58,22,58,22,8,8,0,0,8,8,11,11,1,1,1,1,1,1,1,0,0,1,1,10,10
confirmation,p23_s103_cross,23,103,cross,59,1.0,23,80,23,80,23,23,23,0,0,23,23,9,9,1,3,1,3,1,1,1,0,0,1,1,9,9
confirmation,p23_s104_cross,23,104,cross,59,0.9565217391304348,23,71,23,71,23,22,22,0,0,22,22,10,10,1,3,1,3,1,1,1,0,0,1,1,9,9
confirmation,p23_s105_cross,23,105,cross,59,0.0,23,56,22,56,22,0,0,0,0,0,0,9,,1,2,1,2,1,0,0,0,0,0,0,4,
confirmation,p23_s106_cross,23,106,cross,59,1.0,23,74,23,74,23,23,23,0,0,23,23,9,9,1,3,1,3,1,1,1,0,0,1,1,8,8
confirmation,p23_s107_cross,23,107,cross,59,1.0,23,75,23,75,23,23,23,0,0,23,23,9,9,1,4,1,4,1,1,1,0,0,1,1,9,9
confirmation,p23_s108_cross,23,108,cross,59,1.0,23,74,23,74,23,23,23,0,0,23,23,9,9,1,2,1,2,1,1,1,0,0,1,1,9,9
confirmation,p23_s109_cross,23,109,cross,59,1.0,23,62,23,62,23,23,23,0,0,23,23,8,8,1,2,1,2,1,1,1,0,0,1,1,8,8
confirmation,p23_s110_cross,23,110,cross,59,1.0,23,68,23,68,23,23,23,0,0,23,23,8,8,1,2,1,2,1,1,1,0,0,1,1,8,8
confirmation,p23_s111_cross,23,111,cross,59,1.0,23,101,23,101,23,23,23,0,0,23,23,10,10,1,5,1,5,1,1,1,0,0,1,1,9,9
confirmation,p23_s112_cross,23,112,cross,59,1.0,23,100,23,100,23,23,23,0,0,23,23,9,9,1,5,1,5,1,1,1,0,0,1,1,9,9
confirmation,p23_s113_cross,23,113,cross,59,1.0,23,96,23,96,23,23,23,0,0,23,23,10,10,1,4,1,4,1,1,1,0,0,1,1,9,9
confirmation,p23_s114_cross,23,114,cross,59,1.0,23,79,23,79,23,23,23,0,0,23,23,8,8,1,3,1,3,1,1,1,0,0,1,1,8,8
confirmation,p23_s115_cross,23,115,cross,59,1.0,23,81,23,81,23,23,23,0,0,23,23,10,10,1,4,1,4,1,1,1,0,0,1,1,9,9
confirmation,p23_s116_cross,23,116,cross,59,1.0,23,80,23,80,23,23,23,0,0,23,23,8,8,1,3,1,3,1,1,1,0,0,1,1,8,8
confirmation,p23_s117_cross,23,117,cross,59,1.0,23,78,23,78,23,23,23,0,0,23,23,9,9,1,2,1,2,1,1,1,0,0,1,1,9,9
confirmation,p23_s118_cross,23,118,cross,59,1.0,23,82,23,82,23,23,23,0,0,23,23,8,8,1,4,1,4,1,1,1,0,0,1,1,8,8
confirmation,p23_s119_cross,23,119,cross,59,1.0,23,79,23,79,23,23,23,0,0,23,23,9,9,1,3,1,3,1,1,1,0,0,1,1,9,9
confirmation,p23_s120_cross,23,120,cross,59,1.0,23,92,23,92,23,23,23,0,0,23,23,8,8,1,5,1,5,1,1,1,0,0,1,1,8,8
confirmation,p23_s121_cross,23,121,cross,59,0.9565217391304348,23,107,23,107,23,22,22,0,0,22,22,11,11,1,5,1,5,1,1,1,0,0,1,1,9,9
confirmation,p23_s122_cross,23,122,cross,59,1.0,23,59,23,59,23,23,23,0,0,23,23,8,8,1,4,1,4,1,1,1,0,0,1,1,8,8
confirmation,p23_s123_cross,23,123,cross,59,0.6086956521739131,23,81,23,81,23,14,14,0,0,14,14,11,11,1,5,1,5,1,1,1,0,0,1,1,10,10
confirmation,p23_s124_cross,23,124,cross,59,0.0,23,47,22,47,22,0,0,0,0,0,0,10,,1,4,1,4,1,0,0,0,0,0,0,8,
confirmation,p23_s125_cross,23,125,cross,59,0.7391304347826086,23,63,23,63,23,17,17,0,0,17,17,11,11,1,3,1,3,1,1,1,0,0,1,1,10,10
confirmation,p23_s126_cross,23,126,cross,59,0.9565217391304348,23,65,23,65,23,22,22,0,0,22,22,10,10,1,3,1,3,1,1,1,0,0,1,1,9,9
confirmation,p23_s127_cross,23,127,cross,59,0.0,23,51,22,51,22,0,0,0,0,0,0,8,,1,1,1,1,1,0,0,0,0,0,0,4,
confirmation,p23_s128_cross,23,128,cross,59,1.0,23,89,23,89,23,23,23,0,0,23,23,9,9,1,4,1,4,1,1,1,0,0,1,1,9,9
confirmation,p23_s129_cross,23,129,cross,59,1.0,23,86,23,86,23,23,23,0,0,23,23,9,9,1,4,1,4,1,1,1,0,0,1,1,8,8
intervention,p17_s100_phase_best,17,100,phase_best,59,1.0,17,66,17,66,17,17,17,0,0,17,17,8,8,1,3,1,3,1,1,1,0,0,1,1,8,8
intervention,p17_s100_phase_best_control0,17,100,phase_best_control0,59,1.0,17,57,17,57,17,17,17,0,0,17,17,8,8,1,4,1,4,1,1,1,0,0,1,1,8,8
intervention,p17_s100_phase_best_control1,17,100,phase_best_control1,59,0.11764705882352941,17,46,17,46,17,2,2,0,0,2,2,10,10,1,4,1,4,1,0,0,0,0,0,0,5,
intervention,p17_s100_phase_best_control2,17,100,phase_best_control2,59,1.0,17,69,17,69,17,17,17,0,0,17,17,9,9,1,4,1,4,1,1,1,0,0,1,1,8,8
intervention,p17_s100_phase_worst,17,100,phase_worst,59,0.0,17,40,17,40,17,0,0,0,0,0,0,8,,1,2,1,2,1,0,0,0,0,0,0,5,
intervention,p17_s100_phase_worst_control0,17,100,phase_worst_control0,59,0.7058823529411765,17,52,16,52,16,12,12,0,0,12,12,10,10,1,3,1,3,1,1,1,0,0,1,1,9,9
intervention,p17_s100_phase_worst_control1,17,100,phase_worst_control1,59,1.0,17,54,17,54,17,17,17,0,0,17,17,8,8,1,3,1,3,1,1,1,0,0,1,1,8,8
intervention,p17_s100_phase_worst_control2,17,100,phase_worst_control2,59,0.8823529411764706,17,50,16,50,16,15,15,0,0,15,15,10,10,1,3,1,3,1,1,1,0,0,1,1,9,9
intervention,p17_s100_remove,17,100,remove,59,0.0,17,38,17,38,17,0,0,0,0,0,0,10,,1,3,1,3,1,0,0,0,0,0,0,9,
intervention,p17_s100_remove_control0,17,100,remove_control0,59,0.11764705882352941,17,36,17,36,17,2,2,0,0,2,2,10,10,1,2,1,2,1,0,0,0,0,0,0,2,
intervention,p17_s100_remove_control1,17,100,remove_control1,59,0.7058823529411765,17,56,17,56,17,12,12,0,0,12,12,11,11,1,4,1,4,1,1,1,0,0,1,1,9,9
intervention,p17_s100_remove_control2,17,100,remove_control2,59,0.8823529411764706,17,57,17,57,17,15,15,0,0,15,15,10,10,1,2,1,2,1,1,1,0,0,1,1,9,9
intervention,p17_s101_phase_best,17,101,phase_best,59,1.0,17,69,17,69,17,17,17,0,0,17,17,8,8,1,5,1,5,1,1,1,0,0,1,1,8,8
intervention,p17_s101_phase_best_control0,17,101,phase_best_control0,59,1.0,17,46,17,46,17,17,17,0,0,17,17,8,8,1,2,1,2,1,1,1,0,0,1,1,8,8
intervention,p17_s101_phase_best_control1,17,101,phase_best_control1,59,1.0,17,49,17,49,17,17,17,0,0,17,17,8,8,1,2,1,2,1,1,1,0,0,1,1,8,8
intervention,p17_s101_phase_best_control2,17,101,phase_best_control2,59,1.0,17,47,17,47,17,17,17,0,0,17,17,8,8,1,2,1,2,1,1,1,0,0,1,1,8,8
intervention,p17_s101_phase_worst,17,101,phase_worst,59,0.0,17,28,15,28,15,0,0,0,0,0,0,7,,1,3,1,3,1,0,0,0,0,0,0,7,
intervention,p17_s101_phase_worst_control0,17,101,phase_worst_control0,59,1.0,17,51,17,51,17,17,17,0,0,17,17,8,8,1,3,1,3,1,1,1,0,0,1,1,8,8
intervention,p17_s101_phase_worst_control1,17,101,phase_worst_control1,59,1.0,17,77,17,77,17,17,17,0,0,17,17,9,9,1,5,1,5,1,1,1,0,0,1,1,8,8
intervention,p17_s101_phase_worst_control2,17,101,phase_worst_control2,59,1.0,17,47,17,47,17,17,17,0,0,17,17,8,8,1,1,1,1,1,1,1,0,0,1,1,8,8
intervention,p17_s101_remove,17,101,remove,59,0.058823529411764705,17,43,15,43,15,1,1,0,0,1,1,10,10,1,6,1,6,1,0,0,0,0,0,0,9,
intervention,p17_s101_remove_control0,17,101,remove_control0,59,1.0,17,52,17,52,17,17,17,0,0,17,17,8,8,1,4,1,4,1,1,1,0,0,1,1,8,8
intervention,p17_s101_remove_control1,17,101,remove_control1,59,1.0,17,51,17,51,17,17,17,0,0,17,17,8,8,1,4,1,4,1,1,1,0,0,1,1,8,8
intervention,p17_s101_remove_control2,17,101,remove_control2,59,1.0,17,54,17,54,17,17,17,0,0,17,17,8,8,1,5,1,5,1,1,1,0,0,1,1,8,8
intervention,p17_s102_phase_best,17,102,phase_best,59,1.0,17,59,17,59,17,17,17,0,0,17,17,8,8,1,6,1,6,1,1,1,0,0,1,1,8,8
intervention,p17_s102_phase_best_control0,17,102,phase_best_control0,59,0.47058823529411764,17,46,15,46,15,8,8,0,0,8,8,10,10,1,2,1,2,1,1,1,0,0,1,1,9,9
intervention,p17_s102_phase_best_control1,17,102,phase_best_control1,59,0.9411764705882353,17,51,17,51,17,16,16,0,0,16,16,10,10,1,2,1,2,1,1,1,0,0,1,1,9,9
intervention,p17_s102_phase_best_control2,17,102,phase_best_control2,59,0.9411764705882353,17,57,17,57,17,16,16,0,0,16,16,11,11,1,3,1,3,1,1,1,0,0,1,1,9,9
intervention,p17_s102_phase_worst,17,102,phase_worst,59,0.0,17,41,17,41,17,0,0,0,0,0,0,8,,1,2,1,2,1,0,0,0,0,0,0,2,
intervention,p17_s102_phase_worst_control0,17,102,phase_worst_control0,59,1.0,17,51,17,51,17,17,17,0,0,17,17,8,8,1,2,1,2,1,1,1,0,0,1,1,8,8
intervention,p17_s102_phase_worst_control1,17,102,phase_worst_control1,59,0.058823529411764705,17,44,17,44,17,1,1,0,0,1,1,9,9,1,2,1,2,1,0,0,0,0,0,0,6,
intervention,p17_s102_phase_worst_control2,17,102,phase_worst_control2,59,0.8823529411764706,17,72,17,72,17,15,15,0,0,15,15,10,10,1,5,1,5,1,1,1,0,0,1,1,9,9
intervention,p17_s102_remove,17,102,remove,59,0.0,17,42,16,42,16,0,0,0,0,0,0,9,,1,4,1,4,1,0,0,0,0,0,0,10,
intervention,p17_s102_remove_control0,17,102,remove_control0,59,1.0,17,51,17,51,17,17,17,0,0,17,17,9,9,1,4,1,4,1,1,1,0,0,1,1,9,9
intervention,p17_s102_remove_control1,17,102,remove_control1,59,1.0,17,49,17,49,17,17,17,0,0,17,17,9,9,1,2,1,2,1,1,1,0,0,1,1,9,9
intervention,p17_s102_remove_control2,17,102,remove_control2,59,1.0,17,47,17,47,17,17,17,0,0,17,17,9,9,1,2,1,2,1,1,1,0,0,1,1,9,9
intervention,p17_s103_phase_best,17,103,phase_best,59,1.0,17,51,17,51,17,17,17,0,0,17,17,9,9,1,4,1,4,1,1,1,0,0,1,1,9,9
intervention,p17_s103_phase_best_control0,17,103,phase_best_control0,59,0.0,17,36,17,36,17,0,0,0,0,0,0,7,,1,1,1,1,1,0,0,0,0,0,0,1,
intervention,p17_s103_phase_best_control1,17,103,phase_best_control1,59,0.6470588235294118,17,54,16,54,16,11,11,0,0,11,11,10,10,1,3,1,3,1,1,1,0,0,1,1,9,9
intervention,p17_s103_phase_best_control2,17,103,phase_best_control2,59,0.47058823529411764,17,40,15,40,15,8,8,0,0,8,8,11,11,1,6,1,6,1,1,1,0,0,1,1,10,10
intervention,p17_s103_phase_worst,17,103,phase_worst,59,0.0,17,43,15,43,15,0,0,0,0,0,0,7,,1,1,1,1,1,0,0,0,0,0,0,1,
intervention,p17_s103_phase_worst_control0,17,103,phase_worst_control0,59,0.11764705882352941,17,37,16,37,16,2,2,0,0,2,2,10,10,1,3,1,3,1,0,0,0,0,0,0,3,
intervention,p17_s103_phase_worst_control1,17,103,phase_worst_control1,59,1.0,17,57,17,57,17,17,17,0,0,17,17,9,9,1,4,1,4,1,1,1,0,0,1,1,9,9
intervention,p17_s103_phase_worst_control2,17,103,phase_worst_control2,59,0.17647058823529413,17,43,17,43,17,3,3,0,0,3,3,10,10,1,2,1,2,1,0,0,0,0,0,0,7,
intervention,p17_s103_remove,17,103,remove,59,0.058823529411764705,17,39,16,39,16,1,1,0,0,1,1,10,10,1,4,1,4,1,0,0,0,0,0,0,9,
intervention,p17_s103_remove_control0,17,103,remove_control0,59,0.0,17,36,16,36,16,0,0,0,0,0,0,8,,1,2,1,2,1,0,0,0,0,0,0,5,
intervention,p17_s103_remove_control1,17,103,remove_control1,59,0.0,17,34,16,34,16,0,0,0,0,0,0,7,,1,1,1,1,1,0,0,0,0,0,0,1,
intervention,p17_s103_remove_control2,17,103,remove_control2,59,0.0,17,33,16,33,16,0,0,0,0,0,0,8,,1,0,0,0,0,0,0,0,0,0,0,,
intervention,p17_s104_phase_best,17,104,phase_best,59,1.0,17,69,17,69,17,17,17,0,0,17,17,8,8,1,4,1,4,1,1,1,0,0,1,1,8,8
intervention,p17_s104_phase_best_control0,17,104,phase_best_control0,59,0.058823529411764705,17,37,15,37,15,1,1,0,0,1,1,9,9,1,4,1,4,1,0,0,0,0,0,0,8,
intervention,p17_s104_phase_best_control1,17,104,phase_best_control1,59,1.0,17,68,17,68,17,17,17,0,0,17,17,8,8,1,4,1,4,1,1,1,0,0,1,1,8,8
intervention,p17_s104_phase_best_control2,17,104,phase_best_control2,59,1.0,17,49,17,49,17,17,17,0,0,17,17,8,8,1,2,1,2,1,1,1,0,0,1,1,8,8
intervention,p17_s104_phase_worst,17,104,phase_worst,59,0.0,17,38,17,38,17,0,0,0,0,0,0,8,,1,2,1,2,1,0,0,0,0,0,0,5,
intervention,p17_s104_phase_worst_control0,17,104,phase_worst_control0,59,1.0,17,66,17,66,17,17,17,0,0,17,17,9,9,1,4,1,4,1,1,1,0,0,1,1,8,8
intervention,p17_s104_phase_worst_control1,17,104,phase_worst_control1,59,0.6470588235294118,17,51,17,51,17,11,11,0,0,11,11,10,10,1,3,1,3,1,1,1,0,0,1,1,9,9
intervention,p17_s104_phase_worst_control2,17,104,phase_worst_control2,59,0.6470588235294118,17,37,16,37,16,11,11,0,0,11,11,10,10,1,2,1,2,1,1,1,0,0,1,1,9,9
intervention,p17_s104_remove,17,104,remove,59,0.058823529411764705,17,38,15,38,15,1,1,0,0,1,1,10,10,1,3,1,3,1,0,0,0,0,0,0,9,
intervention,p17_s104_remove_control0,17,104,remove_control0,59,1.0,17,56,17,56,17,17,17,0,0,17,17,9,9,1,2,1,2,1,1,1,0,0,1,1,8,8
intervention,p17_s104_remove_control1,17,104,remove_control1,59,1.0,17,54,17,54,17,17,17,0,0,17,17,9,9,1,3,1,3,1,1,1,0,0,1,1,9,9
intervention,p17_s104_remove_control2,17,104,remove_control2,59,1.0,17,60,17,60,17,17,17,0,0,17,17,8,8,1,4,1,4,1,1,1,0,0,1,1,8,8
intervention,p17_s105_phase_best,17,105,phase_best,59,0.29411764705882354,17,49,17,49,17,5,5,0,0,5,5,10,10,1,6,1,6,1,1,1,0,0,1,1,10,10
intervention,p17_s105_phase_best_control0,17,105,phase_best_control0,59,0.17647058823529413,17,42,16,42,16,3,3,0,0,3,3,10,10,1,3,1,3,1,0,0,0,0,0,0,5,
intervention,p17_s105_phase_best_control1,17,105,phase_best_control1,59,0.23529411764705882,17,54,17,54,17,4,4,0,0,4,4,10,10,1,3,1,3,1,0,0,0,0,0,0,5,
intervention,p17_s105_phase_best_control2,17,105,phase_best_control2,59,0.23529411764705882,17,53,17,53,17,4,4,0,0,4,4,10,10,1,3,1,3,1,0,0,0,0,0,0,7,
intervention,p17_s105_phase_worst,17,105,phase_worst,59,0.0,17,45,17,45,17,0,0,0,0,0,0,9,,1,3,1,3,1,0,0,0,0,0,0,4,
intervention,p17_s105_phase_worst_control0,17,105,phase_worst_control0,59,0.23529411764705882,17,43,16,43,16,4,4,0,0,4,4,10,10,1,4,1,4,1,1,1,0,0,1,1,10,10
intervention,p17_s105_phase_worst_control1,17,105,phase_worst_control1,59,0.058823529411764705,17,49,17,49,17,1,1,0,0,1,1,10,10,1,3,1,3,1,0,0,0,0,0,0,6,
intervention,p17_s105_phase_worst_control2,17,105,phase_worst_control2,59,0.058823529411764705,17,46,17,46,17,1,1,0,0,1,1,10,10,1,3,1,3,1,0,0,0,0,0,0,5,
intervention,p17_s105_remove,17,105,remove,59,0.058823529411764705,17,30,17,30,17,1,1,0,0,1,1,10,10,1,2,1,2,1,0,0,0,0,0,0,3,
intervention,p17_s105_remove_control0,17,105,remove_control0,59,0.11764705882352941,17,41,17,41,17,2,2,0,0,2,2,10,10,1,2,1,2,1,0,0,0,0,0,0,4,
intervention,p17_s105_remove_control1,17,105,remove_control1,59,0.058823529411764705,17,42,17,42,17,1,1,0,0,1,1,10,10,1,3,1,3,1,0,0,0,0,0,0,4,
intervention,p17_s105_remove_control2,17,105,remove_control2,59,0.11764705882352941,17,39,17,39,17,2,2,0,0,2,2,10,10,1,3,1,3,1,0,0,0,0,0,0,4,
intervention,p17_s106_phase_best,17,106,phase_best,59,1.0,17,60,17,60,17,17,17,0,0,17,17,8,8,1,4,1,4,1,1,1,0,0,1,1,8,8
intervention,p17_s106_phase_best_control0,17,106,phase_best_control0,59,1.0,17,44,17,44,17,17,17,0,0,17,17,9,9,1,3,1,3,1,1,1,0,0,1,1,8,8
intervention,p17_s106_phase_best_control1,17,106,phase_best_control1,59,1.0,17,58,17,58,17,17,17,0,0,17,17,8,8,1,3,1,3,1,1,1,0,0,1,1,8,8
intervention,p17_s106_phase_best_control2,17,106,phase_best_control2,59,0.8235294117647058,17,58,17,58,17,14,14,0,0,14,14,10,10,1,4,1,4,1,1,1,0,0,1,1,9,9
intervention,p17_s106_phase_worst,17,106,phase_worst,59,0.0,17,26,15,26,15,0,0,0,0,0,0,8,,1,1,1,1,1,0,0,0,0,0,0,1,
intervention,p17_s106_phase_worst_control0,17,106,phase_worst_control0,59,1.0,17,40,17,40,17,17,17,0,0,17,17,9,9,1,2,1,2,1,1,1,0,0,1,1,8,8
intervention,p17_s106_phase_worst_control1,17,106,phase_worst_control1,59,1.0,17,58,17,58,17,17,17,0,0,17,17,9,9,1,4,1,4,1,1,1,0,0,1,1,8,8
intervention,p17_s106_phase_worst_control2,17,106,phase_worst_control2,59,0.23529411764705882,17,52,16,52,16,4,4,0,0,4,4,10,10,1,4,1,4,1,1,1,0,0,1,1,11,11
intervention,p17_s106_remove,17,106,remove,59,0.058823529411764705,17,22,12,22,12,1,1,0,0,1,1,10,10,1,3,1,3,1,0,0,0,0,0,0,10,
intervention,p17_s106_remove_control0,17,106,remove_control0,59,0.5882352941176471,17,59,17,59,17,10,10,0,0,10,10,12,12,1,5,1,5,1,1,1,0,0,1,1,9,9
intervention,p17_s106_remove_control1,17,106,remove_control1,59,0.11764705882352941,17,50,17,50,17,2,2,0,0,2,2,10,10,1,3,1,3,1,0,0,0,0,0,0,7,
intervention,p17_s106_remove_control2,17,106,remove_control2,59,0.0,17,53,17,53,17,0,0,0,0,0,0,8,,1,2,1,2,1,0,0,0,0,0,0,7,
intervention,p17_s107_phase_best,17,107,phase_best,59,1.0,17,57,17,57,17,17,17,0,0,17,17,8,8,1,2,1,2,1,1,1,0,0,1,1,8,8
intervention,p17_s107_phase_best_control0,17,107,phase_best_control0,59,1.0,17,55,17,55,17,17,17,0,0,17,17,9,9,1,3,1,3,1,1,1,0,0,1,1,8,8
intervention,p17_s107_phase_best_control1,17,107,phase_best_control1,59,1.0,17,63,17,63,17,17,17,0,0,17,17,8,8,1,3,1,3,1,1,1,0,0,1,1,8,8
intervention,p17_s107_phase_best_control2,17,107,phase_best_control2,59,0.11764705882352941,17,54,17,54,17,2,2,0,0,2,2,9,9,1,5,1,5,1,0,0,0,0,0,0,7,
intervention,p17_s107_phase_worst,17,107,phase_worst,59,0.058823529411764705,17,43,17,42,17,1,1,0,0,1,1,10,10,1,0,0,0,0,0,0,0,0,0,0,,
intervention,p17_s107_phase_worst_control0,17,107,phase_worst_control0,59,0.058823529411764705,17,43,17,42,17,1,1,0,0,1,1,10,10,1,0,0,0,0,0,0,0,0,0,0,,
intervention,p17_s107_phase_worst_control1,17,107,phase_worst_control1,59,0.058823529411764705,17,43,17,42,17,1,1,0,0,1,1,10,10,1,0,0,0,0,0,0,0,0,0,0,,
intervention,p17_s107_phase_worst_control2,17,107,phase_worst_control2,59,0.058823529411764705,17,43,17,42,17,1,1,0,0,1,1,10,10,1,0,0,0,0,0,0,0,0,0,0,,
intervention,p17_s107_remove,17,107,remove,59,0.11764705882352941,17,46,16,46,16,2,2,0,0,2,2,11,11,1,5,1,5,1,0,0,0,0,0,0,9,
intervention,p17_s107_remove_control0,17,107,remove_control0,59,0.0,17,36,17,36,17,0,0,0,0,0,0,10,,1,0,0,0,0,0,0,0,0,0,0,,
intervention,p17_s107_remove_control1,17,107,remove_control1,59,0.0,17,52,17,52,17,0,0,0,0,0,0,8,,1,4,1,4,1,0,0,0,0,0,0,7,
intervention,p17_s107_remove_control2,17,107,remove_control2,59,0.058823529411764705,17,49,17,49,17,1,1,0,0,1,1,10,9,1,1,1,1,1,0,0,0,0,0,0,5,
intervention,p17_s108_phase_best,17,108,phase_best,59,1.0,17,65,17,65,17,17,17,0,0,17,17,8,8,1,6,1,6,1,1,1,0,0,1,1,8,8
intervention,p17_s108_phase_best_control0,17,108,phase_best_control0,59,1.0,17,69,17,69,17,17,17,0,0,17,17,8,8,1,4,1,4,1,1,1,0,0,1,1,8,8
intervention,p17_s108_phase_best_control1,17,108,phase_best_control1,59,1.0,17,59,17,59,17,17,17,0,0,17,17,8,8,1,6,1,6,1,1,1,0,0,1,1,8,8
intervention,p17_s108_phase_best_control2,17,108,phase_best_control2,59,1.0,17,59,17,59,17,17,17,0,0,17,17,8,8,1,3,1,3,1,1,1,0,0,1,1,8,8
intervention,p17_s108_phase_worst,17,108,phase_worst,59,0.0,17,47,16,47,16,0,0,0,0,0,0,8,,1,3,1,3,1,0,0,0,0,0,0,5,
intervention,p17_s108_phase_worst_control0,17,108,phase_worst_control0,59,0.6470588235294118,17,35,17,35,17,11,11,0,0,11,11,10,10,1,2,1,2,1,1,1,0,0,1,1,9,9
intervention,p17_s108_phase_worst_control1,17,108,phase_worst_control1,59,1.0,17,63,17,63,17,17,17,0,0,17,17,10,10,1,5,1,5,1,1,1,0,0,1,1,9,9
intervention,p17_s108_phase_worst_control2,17,108,phase_worst_control2,59,1.0,17,54,17,54,17,17,17,0,0,17,17,8,8,1,5,1,5,1,1,1,0,0,1,1,8,8
intervention,p17_s108_remove,17,108,remove,59,0.0,17,44,15,44,15,0,0,0,0,0,0,9,,1,3,1,3,1,0,0,0,0,0,0,10,
intervention,p17_s108_remove_control0,17,108,remove_control0,59,1.0,17,65,17,65,17,17,17,0,0,17,17,8,8,1,4,1,4,1,1,1,0,0,1,1,8,8
intervention,p17_s108_remove_control1,17,108,remove_control1,59,1.0,17,49,17,49,17,17,17,0,0,17,17,8,8,1,3,1,3,1,1,1,0,0,1,1,8,8
intervention,p17_s108_remove_control2,17,108,remove_control2,59,1.0,17,51,17,51,17,17,17,0,0,17,17,9,9,1,4,1,4,1,1,1,0,0,1,1,9,9
intervention,p17_s109_phase_best,17,109,phase_best,59,1.0,17,58,17,58,17,17,17,0,0,17,17,8,8,1,4,1,4,1,1,1,0,0,1,1,8,8
intervention,p17_s109_phase_best_control0,17,109,phase_best_control0,59,1.0,17,48,17,48,17,17,17,0,0,17,17,8,8,1,4,1,4,1,1,1,0,0,1,1,8,8
intervention,p17_s109_phase_best_control1,17,109,phase_best_control1,59,1.0,17,57,17,57,17,17,17,0,0,17,17,8,8,1,4,1,4,1,1,1,0,0,1,1,8,8
intervention,p17_s109_phase_best_control2,17,109,phase_best_control2,59,1.0,17,68,17,68,17,17,17,0,0,17,17,8,8,1,4,1,4,1,1,1,0,0,1,1,8,8
intervention,p17_s109_phase_worst,17,109,phase_worst,59,0.0,17,40,15,40,15,0,0,0,0,0,0,8,,1,1,1,1,1,0,0,0,0,0,0,1,
intervention,p17_s109_phase_worst_control0,17,109,phase_worst_control0,59,1.0,17,61,17,61,17,17,17,0,0,17,17,8,8,1,3,1,3,1,1,1,0,0,1,1,8,8
intervention,p17_s109_phase_worst_control1,17,109,phase_worst_control1,59,1.0,17,49,17,49,17,17,17,0,0,17,17,9,9,1,1,1,1,1,1,1,0,0,1,1,8,8
intervention,p17_s109_phase_worst_control2,17,109,phase_worst_control2,59,1.0,17,59,17,59,17,17,17,0,0,17,17,8,8,1,4,1,4,1,1,1,0,0,1,1,8,8
intervention,p17_s109_remove,17,109,remove,59,0.0,17,31,11,31,11,0,0,0,0,0,0,8,,1,6,1,6,1,0,0,0,0,0,0,9,
intervention,p17_s109_remove_control0,17,109,remove_control0,59,1.0,17,57,17,57,17,17,17,0,0,17,17,8,8,1,2,1,2,1,1,1,0,0,1,1,8,8
intervention,p17_s109_remove_control1,17,109,remove_control1,59,1.0,17,60,17,60,17,17,17,0,0,17,17,8,8,1,5,1,5,1,1,1,0,0,1,1,8,8
intervention,p17_s109_remove_control2,17,109,remove_control2,59,1.0,17,65,17,65,17,17,17,0,0,17,17,8,8,1,2,1,2,1,1,1,0,0,1,1,8,8
intervention,p17_s110_phase_best,17,110,phase_best,59,1.0,17,59,17,59,17,17,17,0,0,17,17,8,8,1,1,1,1,1,1,1,0,0,1,1,8,8
intervention,p17_s110_phase_best_control0,17,110,phase_best_control0,59,0.8823529411764706,17,65,17,65,17,15,15,0,0,15,15,10,10,1,3,1,3,1,1,1,0,0,1,1,9,9
intervention,p17_s110_phase_best_control1,17,110,phase_best_control1,59,1.0,17,46,17,46,17,17,17,0,0,17,17,8,8,1,2,1,2,1,1,1,0,0,1,1,8,8
intervention,p17_s110_phase_best_control2,17,110,phase_best_control2,59,1.0,17,64,17,64,17,17,17,0,0,17,17,8,8,1,5,1,5,1,1,1,0,0,1,1,8,8
intervention,p17_s110_phase_worst,17,110,phase_worst,59,0.0,17,29,17,29,17,0,0,0,0,0,0,8,,1,0,0,0,0,0,0,0,0,0,0,,
intervention,p17_s110_phase_worst_control0,17,110,phase_worst_control0,59,1.0,17,55,17,55,17,17,17,0,0,17,17,9,9,1,3,1,3,1,1,1,0,0,1,1,9,9
intervention,p17_s110_phase_worst_control1,17,110,phase_worst_control1,59,0.9411764705882353,17,69,17,69,17,16,16,0,0,16,16,9,9,1,5,1,5,1,1,1,0,0,1,1,9,9
intervention,p17_s110_phase_worst_control2,17,110,phase_worst_control2,59,1.0,17,67,17,67,17,17,17,0,0,17,17,9,9,1,5,1,5,1,1,1,0,0,1,1,8,8
intervention,p17_s110_remove,17,110,remove,59,0.0,17,33,16,33,16,0,0,0,0,0,0,7,,1,5,1,5,1,0,0,0,0,0,0,9,
intervention,p17_s110_remove_control0,17,110,remove_control0,59,1.0,17,47,17,47,17,17,17,0,0,17,17,9,9,1,1,1,1,1,1,1,0,0,1,1,8,8
intervention,p17_s110_remove_control1,17,110,remove_control1,59,1.0,17,46,17,46,17,17,17,0,0,17,17,9,9,1,1,1,1,1,1,1,0,0,1,1,8,8
intervention,p17_s110_remove_control2,17,110,remove_control2,59,1.0,17,46,17,46,17,17,17,0,0,17,17,9,9,1,1,1,1,1,1,1,0,0,1,1,9,9
intervention,p17_s111_phase_best,17,111,phase_best,59,1.0,17,58,17,58,17,17,17,0,0,17,17,9,9,1,4,1,4,1,1,1,0,0,1,1,8,8
intervention,p17_s111_phase_best_control0,17,111,phase_best_control0,59,1.0,17,62,17,62,17,17,17,0,0,17,17,9,9,1,4,1,4,1,1,1,0,0,1,1,9,9
intervention,p17_s111_phase_best_control1,17,111,phase_best_control1,59,0.7647058823529411,17,58,17,58,17,13,13,0,0,13,13,10,10,1,5,1,5,1,1,1,0,0,1,1,9,9
intervention,p17_s111_phase_best_control2,17,111,phase_best_control2,59,1.0,17,54,17,54,17,17,17,0,0,17,17,9,9,1,3,1,3,1,1,1,0,0,1,1,9,9
intervention,p17_s111_phase_worst,17,111,phase_worst,59,0.0,17,38,16,38,16,0,0,0,0,0,0,8,,1,3,1,3,1,0,0,0,0,0,0,8,
intervention,p17_s111_phase_worst_control0,17,111,phase_worst_control0,59,0.0,17,37,16,37,16,0,0,0,0,0,0,7,,1,3,1,3,1,0,0,0,0,0,0,7,
intervention,p17_s111_phase_worst_control1,17,111,phase_worst_control1,59,0.11764705882352941,17,43,16,43,16,2,2,0,0,2,2,10,10,1,4,1,4,1,1,1,0,0,1,1,10,10
intervention,p17_s111_phase_worst_control2,17,111,phase_worst_control2,59,0.5882352941176471,17,47,16,47,16,10,10,0,0,10,10,10,10,1,2,1,2,1,1,1,0,0,1,1,9,9
intervention,p17_s111_remove,17,111,remove,59,0.0,17,46,17,46,17,0,0,0,0,0,0,10,,1,4,1,4,1,0,0,0,0,0,0,8,
intervention,p17_s111_remove_control0,17,111,remove_control0,59,0.058823529411764705,17,43,16,43,16,1,1,0,0,1,1,11,11,1,1,1,1,1,0,0,0,0,0,0,3,
intervention,p17_s111_remove_control1,17,111,remove_control1,59,0.6470588235294118,17,52,17,52,17,11,11,0,0,11,11,10,10,1,4,1,4,1,1,1,0,0,1,1,9,9
intervention,p17_s111_remove_control2,17,111,remove_control2,59,0.29411764705882354,17,45,17,45,17,5,5,0,0,5,5,10,10,1,4,1,4,1,1,1,0,0,1,1,10,10
intervention,p17_s112_phase_best,17,112,phase_best,59,1.0,17,64,17,64,17,17,17,0,0,17,17,9,9,1,3,1,3,1,1,1,0,0,1,1,8,8
intervention,p17_s112_phase_best_control0,17,112,phase_best_control0,59,1.0,17,64,17,64,17,17,17,0,0,17,17,8,8,1,3,1,3,1,1,1,0,0,1,1,8,8
intervention,p17_s112_phase_best_control1,17,112,phase_best_control1,59,1.0,17,65,17,65,17,17,17,0,0,17,17,9,9,1,3,1,3,1,1,1,0,0,1,1,8,8
intervention,p17_s112_phase_best_control2,17,112,phase_best_control2,59,1.0,17,68,17,68,17,17,17,0,0,17,17,9,9,1,3,1,3,1,1,1,0,0,1,1,8,8
intervention,p17_s112_phase_worst,17,112,phase_worst,59,0.35294117647058826,17,46,15,46,15,6,6,0,0,6,6,11,11,1,0,0,0,0,0,0,0,0,0,0,,
intervention,p17_s112_phase_worst_control0,17,112,phase_worst_control0,59,1.0,17,72,17,72,17,17,17,0,0,17,17,9,9,1,3,1,3,1,1,1,0,0,1,1,8,8
intervention,p17_s112_phase_worst_control1,17,112,phase_worst_control1,59,1.0,17,64,17,64,17,17,17,0,0,17,17,10,10,1,1,1,1,1,1,1,0,0,1,1,9,9
intervention,p17_s112_phase_worst_control2,17,112,phase_worst_control2,59,1.0,17,47,17,47,17,17,17,0,0,17,17,9,9,1,1,1,1,1,1,1,0,0,1,1,8,8
intervention,p17_s112_remove,17,112,remove,59,0.058823529411764705,17,39,16,39,16,1,1,0,0,1,1,11,11,1,4,1,4,1,0,0,0,0,0,0,6,
intervention,p17_s112_remove_control0,17,112,remove_control0,59,1.0,17,64,17,64,17,17,17,0,0,17,17,9,9,1,3,1,3,1,1,1,0,0,1,1,8,8
intervention,p17_s112_remove_control1,17,112,remove_control1,59,1.0,17,69,17,69,17,17,17,0,0,17,17,9,9,1,3,1,3,1,1,1,0,0,1,1,8,8
intervention,p17_s112_remove_control2,17,112,remove_control2,59,1.0,17,79,17,79,17,17,17,0,0,17,17,9,9,1,3,1,3,1,1,1,0,0,1,1,8,8
intervention,p17_s113_phase_best,17,113,phase_best,59,1.0,17,60,17,60,17,17,17,0,0,17,17,8,8,1,3,1,3,1,1,1,0,0,1,1,8,8
intervention,p17_s113_phase_best_control0,17,113,phase_best_control0,59,1.0,17,60,17,60,17,17,17,0,0,17,17,8,8,1,3,1,3,1,1,1,0,0,1,1,8,8
intervention,p17_s113_phase_best_control1,17,113,phase_best_control1,59,1.0,17,68,17,68,17,17,17,0,0,17,17,9,9,1,3,1,3,1,1,1,0,0,1,1,9,9
intervention,p17_s113_phase_best_control2,17,113,phase_best_control2,59,1.0,17,55,17,55,17,17,17,0,0,17,17,8,8,1,2,1,2,1,1,1,0,0,1,1,8,8
intervention,p17_s113_phase_worst,17,113,phase_worst,59,0.0,17,51,17,51,17,0,0,0,0,0,0,11,,1,4,1,4,1,0,0,0,0,0,0,7,
intervention,p17_s113_phase_worst_control0,17,113,phase_worst_control0,59,1.0,17,64,17,64,17,17,17,0,0,17,17,9,9,1,6,1,6,1,1,1,0,0,1,1,9,9
intervention,p17_s113_phase_worst_control1,17,113,phase_worst_control1,59,0.058823529411764705,17,36,16,36,16,1,1,0,0,1,1,11,11,1,1,1,1,1,0,0,0,0,0,0,1,
intervention,p17_s113_phase_worst_control2,17,113,phase_worst_control2,59,1.0,17,58,17,58,17,17,17,0,0,17,17,8,8,1,5,1,5,1,1,1,0,0,1,1,8,8
intervention,p17_s113_remove,17,113,remove,59,0.058823529411764705,17,37,15,37,15,1,1,0,0,1,1,10,10,1,4,1,4,1,0,0,0,0,0,0,9,
intervention,p17_s113_remove_control0,17,113,remove_control0,59,1.0,17,61,17,61,17,17,17,0,0,17,17,9,9,1,4,1,4,1,1,1,0,0,1,1,8,8
intervention,p17_s113_remove_control1,17,113,remove_control1,59,0.8823529411764706,17,55,16,55,16,15,15,0,0,15,15,9,9,1,4,1,4,1,1,1,0,0,1,1,9,9
intervention,p17_s113_remove_control2,17,113,remove_control2,59,1.0,17,53,17,53,17,17,17,0,0,17,17,9,9,1,4,1,4,1,1,1,0,0,1,1,8,8
intervention,p17_s114_phase_best,17,114,phase_best,59,1.0,17,62,17,62,17,17,17,0,0,17,17,8,8,1,5,1,5,1,1,1,0,0,1,1,8,8
intervention,p17_s114_phase_best_control0,17,114,phase_best_control0,59,0.9411764705882353,17,64,17,64,17,16,16,0,0,16,16,10,10,1,4,1,4,1,1,1,0,0,1,1,9,9
intervention,p17_s114_phase_best_control1,17,114,phase_best_control1,59,0.5294117647058824,17,38,17,38,17,9,9,0,0,9,9,10,10,1,2,1,2,1,1,1,0,0,1,1,9,9
intervention,p17_s114_phase_best_control2,17,114,phase_best_control2,59,1.0,17,68,17,67,17,17,17,0,0,17,17,9,9,1,5,1,5,1,1,1,0,0,1,1,9,9
intervention,p17_s114_phase_worst,17,114,phase_worst,59,0.0,17,38,17,38,17,0,0,0,0,0,0,8,,1,2,1,2,1,0,0,0,0,0,0,3,
intervention,p17_s114_phase_worst_control0,17,114,phase_worst_control0,59,0.17647058823529413,17,42,16,42,16,3,3,0,0,3,3,10,10,1,3,1,3,1,0,0,0,0,0,0,7,
intervention,p17_s114_phase_worst_control1,17,114,phase_worst_control1,59,1.0,17,46,17,46,17,17,17,0,0,17,17,9,9,1,1,1,1,1,1,1,0,0,1,1,8,8
intervention,p17_s114_phase_worst_control2,17,114,phase_worst_control2,59,1.0,17,58,17,58,17,17,17,0,0,17,17,9,9,1,4,1,4,1,1,1,0,0,1,1,8,8
intervention,p17_s114_remove,17,114,remove,59,0.058823529411764705,17,32,14,32,14,1,1,0,0,1,1,10,10,1,5,1,5,1,0,0,0,0,0,0,9,
intervention,p17_s114_remove_control0,17,114,remove_control0,59,1.0,17,48,17,48,17,17,17,0,0,17,17,9,9,1,2,1,2,1,1,1,0,0,1,1,9,9
intervention,p17_s114_remove_control1,17,114,remove_control1,59,0.8235294117647058,17,54,17,54,17,14,14,0,0,14,14,11,11,1,3,1,3,1,1,1,0,0,1,1,9,9
intervention,p17_s114_remove_control2,17,114,remove_control2,59,0.058823529411764705,17,35,17,35,17,1,1,0,0,1,1,9,9,1,2,1,2,1,0,0,0,0,0,0,3,
intervention,p17_s115_phase_best,17,115,phase_best,59,1.0,17,73,17,73,17,17,17,0,0,17,17,8,8,1,3,1,3,1,1,1,0,0,1,1,8,8
intervention,p17_s115_phase_best_control0,17,115,phase_best_control0,59,1.0,17,57,17,57,17,17,17,0,0,17,17,9,9,1,3,1,3,1,1,1,0,0,1,1,9,9
intervention,p17_s115_phase_best_control1,17,115,phase_best_control1,59,0.11764705882352941,17,47,16,47,16,2,2,0,0,2,2,10,10,1,3,1,3,1,0,0,0,0,0,0,9,
intervention,p17_s115_phase_best_control2,17,115,phase_best_control2,59,1.0,17,59,17,59,17,17,17,0,0,17,17,9,9,1,5,1,5,1,1,1,0,0,1,1,9,9
intervention,p17_s115_phase_worst,17,115,phase_worst,59,0.058823529411764705,17,41,16,41,16,1,1,0,0,1,1,10,10,1,1,1,1,1,0,0,0,0,0,0,5,
intervention,p17_s115_phase_worst_control0,17,115,phase_worst_control0,59,0.23529411764705882,17,58,17,58,17,4,4,0,0,4,4,10,10,1,4,1,4,1,1,1,0,0,1,1,10,10
intervention,p17_s115_phase_worst_control1,17,115,phase_worst_control1,59,1.0,17,57,17,57,17,17,17,0,0,17,17,11,11,1,2,1,2,1,1,1,0,0,1,1,9,9
intervention,p17_s115_phase_worst_control2,17,115,phase_worst_control2,59,1.0,17,64,17,64,17,17,17,0,0,17,17,10,10,1,4,1,4,1,1,1,0,0,1,1,9,9
intervention,p17_s115_remove,17,115,remove,59,0.058823529411764705,17,41,16,41,16,1,1,0,0,1,1,11,10,1,2,1,2,1,0,0,0,0,0,0,6,
intervention,p17_s115_remove_control0,17,115,remove_control0,59,0.17647058823529413,17,50,17,50,17,3,3,0,0,3,3,10,10,1,4,1,4,1,0,0,0,0,0,0,7,
intervention,p17_s115_remove_control1,17,115,remove_control1,59,0.7058823529411765,17,61,17,61,17,12,12,0,0,12,12,10,10,1,4,1,4,1,1,1,0,0,1,1,9,9
intervention,p17_s115_remove_control2,17,115,remove_control2,59,1.0,17,75,17,75,17,17,17,0,0,17,17,9,9,1,3,1,3,1,1,1,0,0,1,1,9,9
intervention,p17_s116_phase_best,17,116,phase_best,59,1.0,17,51,17,51,17,17,17,0,0,17,17,9,9,1,2,1,2,1,1,1,0,0,1,1,8,8
intervention,p17_s116_phase_best_control0,17,116,phase_best_control0,59,1.0,17,52,17,52,17,17,17,0,0,17,17,9,9,1,3,1,3,1,1,1,0,0,1,1,9,9
intervention,p17_s116_phase_best_control1,17,116,phase_best_control1,59,0.8235294117647058,17,72,17,72,17,14,14,0,0,14,14,10,10,1,5,1,5,1,1,1,0,0,1,1,9,9
intervention,p17_s116_phase_best_control2,17,116,phase_best_control2,59,1.0,17,58,17,58,17,17,17,0,0,17,17,9,9,1,4,1,4,1,1,1,0,0,1,1,9,9
intervention,p17_s116_phase_worst,17,116,phase_worst,59,0.17647058823529413,17,45,16,45,16,3,3,0,0,3,3,11,11,1,3,1,3,1,0,0,0,0,0,0,6,
intervention,p17_s116_phase_worst_control0,17,116,phase_worst_control0,59,1.0,17,55,17,55,17,17,17,0,0,17,17,9,9,1,3,1,3,1,1,1,0,0,1,1,8,8
intervention,p17_s116_phase_worst_control1,17,116,phase_worst_control1,59,1.0,17,57,17,57,17,17,17,0,0,17,17,9,9,1,2,1,2,1,1,1,0,0,1,1,9,9
intervention,p17_s116_phase_worst_control2,17,116,phase_worst_control2,59,0.5294117647058824,17,66,17,66,17,9,9,0,0,9,9,10,10,1,4,1,4,1,1,1,0,0,1,1,9,9
intervention,p17_s116_remove,17,116,remove,59,0.0,17,39,16,39,16,0,0,0,0,0,0,8,,1,3,1,3,1,0,0,0,0,0,0,9,
intervention,p17_s116_remove_control0,17,116,remove_control0,59,1.0,17,71,17,71,17,17,17,0,0,17,17,9,9,1,4,1,4,1,1,1,0,0,1,1,9,9
intervention,p17_s116_remove_control1,17,116,remove_control1,59,1.0,17,73,17,73,17,17,17,0,0,17,17,9,9,1,4,1,4,1,1,1,0,0,1,1,8,8
intervention,p17_s116_remove_control2,17,116,remove_control2,59,1.0,17,82,17,82,17,17,17,0,0,17,17,9,9,1,4,1,4,1,1,1,0,0,1,1,9,9
intervention,p17_s117_phase_best,17,117,phase_best,59,1.0,17,70,17,70,17,17,17,0,0,17,17,9,9,1,4,1,4,1,1,1,0,0,1,1,8,8
intervention,p17_s117_phase_best_control0,17,117,phase_best_control0,59,1.0,17,69,17,69,17,17,17,0,0,17,17,9,9,1,4,1,4,1,1,1,0,0,1,1,8,8
intervention,p17_s117_phase_best_control1,17,117,phase_best_control1,59,0.11764705882352941,17,47,17,47,17,2,2,0,0,2,2,10,10,1,3,1,3,1,1,1,0,0,1,1,10,10
intervention,p17_s117_phase_best_control2,17,117,phase_best_control2,59,1.0,17,67,17,67,17,17,17,0,0,17,17,9,9,1,4,1,4,1,1,1,0,0,1,1,8,8
intervention,p17_s117_phase_worst,17,117,phase_worst,59,0.0,17,52,17,52,17,0,0,0,0,0,0,8,,1,6,1,6,1,0,0,0,0,0,0,8,
intervention,p17_s117_phase_worst_control0,17,117,phase_worst_control0,59,1.0,17,66,17,66,17,17,17,0,0,17,17,9,9,1,3,1,3,1,1,1,0,0,1,1,9,9
intervention,p17_s117_phase_worst_control1,17,117,phase_worst_control1,59,1.0,17,44,17,44,17,17,17,0,0,17,17,9,9,1,2,1,2,1,1,1,0,0,1,1,8,8
intervention,p17_s117_phase_worst_control2,17,117,phase_worst_control2,59,1.0,17,55,17,55,17,17,17,0,0,17,17,9,9,1,2,1,2,1,1,1,0,0,1,1,8,8
intervention,p17_s117_remove,17,117,remove,59,0.0,17,37,15,37,15,0,0,0,0,0,0,9,,1,3,1,3,1,0,0,0,0,0,0,9,
intervention,p17_s117_remove_control0,17,117,remove_control0,59,0.7058823529411765,17,52,17,52,17,12,12,0,0,12,12,11,11,1,3,1,3,1,1,1,0,0,1,1,9,9
intervention,p17_s117_remove_control1,17,117,remove_control1,59,1.0,17,64,17,64,17,17,17,0,0,17,17,9,9,1,2,1,2,1,1,1,0,0,1,1,9,9
intervention,p17_s117_remove_control2,17,117,remove_control2,59,0.5294117647058824,17,48,17,48,17,9,9,0,0,9,9,10,10,1,6,1,6,1,1,1,0,0,1,1,9,9
intervention,p17_s118_phase_best,17,118,phase_best,59,1.0,17,67,17,67,17,17,17,0,0,17,17,8,8,1,2,1,2,1,1,1,0,0,1,1,8,8
intervention,p17_s118_phase_best_control0,17,118,phase_best_control0,59,0.9411764705882353,17,44,17,44,17,16,16,0,0,16,16,10,10,1,2,1,2,1,1,1,0,0,1,1,9,9
intervention,p17_s118_phase_best_control1,17,118,phase_best_control1,59,1.0,17,56,17,56,17,17,17,0,0,17,17,8,8,1,4,1,4,1,1,1,0,0,1,1,8,8
intervention,p17_s118_phase_best_control2,17,118,phase_best_control2,59,1.0,17,60,17,60,17,17,17,0,0,17,17,8,8,1,2,1,2,1,1,1,0,0,1,1,8,8
intervention,p17_s118_phase_worst,17,118,phase_worst,59,0.0,17,34,16,34,16,0,0,0,0,0,0,9,,1,1,1,1,1,0,0,0,0,0,0,1,
intervention,p17_s118_phase_worst_control0,17,118,phase_worst_control0,59,1.0,17,57,17,57,17,17,17,0,0,17,17,8,8,1,4,1,4,1,1,1,0,0,1,1,8,8
intervention,p17_s118_phase_worst_control1,17,118,phase_worst_control1,59,1.0,17,54,17,54,17,17,17,0,0,17,17,9,9,1,2,1,2,1,1,1,0,0,1,1,8,8
intervention,p17_s118_phase_worst_control2,17,118,phase_worst_control2,59,1.0,17,47,17,47,17,17,17,0,0,17,17,8,8,1,2,1,2,1,1,1,0,0,1,1,8,8
intervention,p17_s118_remove,17,118,remove,59,0.058823529411764705,17,33,15,33,15,1,1,0,0,1,1,11,11,1,7,1,7,1,0,0,0,0,0,0,8,
intervention,p17_s118_remove_control0,17,118,remove_control0,59,1.0,17,51,17,51,17,17,17,0,0,17,17,8,8,1,2,1,2,1,1,1,0,0,1,1,8,8
intervention,p17_s118_remove_control1,17,118,remove_control1,59,1.0,17,62,17,62,17,17,17,0,0,17,17,8,8,1,4,1,4,1,1,1,0,0,1,1,8,8
intervention,p17_s118_remove_control2,17,118,remove_control2,59,1.0,17,49,17,49,17,17,17,0,0,17,17,8,8,1,1,1,1,1,1,1,0,0,1,1,8,8
intervention,p17_s119_phase_best,17,119,phase_best,59,1.0,17,59,17,59,17,17,17,0,0,17,17,9,9,1,4,1,4,1,1,1,0,0,1,1,8,8
intervention,p17_s119_phase_best_control0,17,119,phase_best_control0,59,0.5294117647058824,17,59,17,59,17,9,9,0,0,9,9,10,10,1,4,1,4,1,1,1,0,0,1,1,9,9
intervention,p17_s119_phase_best_control1,17,119,phase_best_control1,59,0.9411764705882353,17,59,17,59,17,16,16,0,0,16,16,9,9,1,4,1,4,1,1,1,0,0,1,1,9,9
intervention,p17_s119_phase_best_control2,17,119,phase_best_control2,59,0.6470588235294118,17,48,16,48,16,11,11,0,0,11,11,10,10,1,2,1,2,1,1,1,0,0,1,1,9,9
intervention,p17_s119_phase_worst,17,119,phase_worst,59,0.0,17,33,15,33,15,0,0,0,0,0,0,7,,1,0,0,0,0,0,0,0,0,0,0,,
intervention,p17_s119_phase_worst_control0,17,119,phase_worst_control0,59,0.8823529411764706,17,57,17,57,17,15,15,0,0,15,15,10,10,1,5,1,5,1,1,1,0,0,1,1,9,9
intervention,p17_s119_phase_worst_control1,17,119,phase_worst_control1,59,0.5294117647058824,17,46,17,46,17,9,9,0,0,9,9,11,11,1,2,1,2,1,1,1,0,0,1,1,10,10
intervention,p17_s119_phase_worst_control2,17,119,phase_worst_control2,59,1.0,17,51,17,51,17,17,17,0,0,17,17,9,9,1,2,1,2,1,1,1,0,0,1,1,8,8
intervention,p17_s119_remove,17,119,remove,59,0.058823529411764705,17,33,16,33,16,1,1,0,0,1,1,10,10,1,3,1,3,1,0,0,0,0,0,0,7,
intervention,p17_s119_remove_control0,17,119,remove_control0,59,1.0,17,54,17,54,17,17,17,0,0,17,17,9,9,1,1,1,1,1,1,1,0,0,1,1,8,8
intervention,p17_s119_remove_control1,17,119,remove_control1,59,1.0,17,56,17,56,17,17,17,0,0,17,17,9,9,1,2,1,2,1,1,1,0,0,1,1,9,9
intervention,p17_s119_remove_control2,17,119,remove_control2,59,1.0,17,53,17,53,17,17,17,0,0,17,17,9,9,1,1,1,1,1,1,1,0,0,1,1,9,9
intervention,p23_s100_phase_best,23,100,phase_best,59,1.0,23,78,23,78,23,23,23,0,0,23,23,8,8,1,3,1,3,1,1,1,0,0,1,1,8,8
intervention,p23_s100_phase_best_control0,23,100,phase_best_control0,59,1.0,23,70,23,70,23,23,23,0,0,23,23,10,10,1,2,1,2,1,1,1,0,0,1,1,9,9
intervention,p23_s100_phase_best_control1,23,100,phase_best_control1,59,1.0,23,97,23,97,23,23,23,0,0,23,23,9,9,1,4,1,4,1,1,1,0,0,1,1,9,9
intervention,p23_s100_phase_best_control2,23,100,phase_best_control2,59,1.0,23,73,23,73,23,23,23,0,0,23,23,9,9,1,3,1,3,1,1,1,0,0,1,1,9,9
intervention,p23_s100_phase_worst,23,100,phase_worst,59,0.0,23,58,22,58,22,0,0,0,0,0,0,8,,1,2,1,2,1,0,0,0,0,0,0,4,
intervention,p23_s100_phase_worst_control0,23,100,phase_worst_control0,59,1.0,23,89,23,89,23,23,23,0,0,23,23,9,9,1,5,1,5,1,1,1,0,0,1,1,8,8
intervention,p23_s100_phase_worst_control1,23,100,phase_worst_control1,59,1.0,23,67,23,67,23,23,23,0,0,23,23,9,9,1,3,1,3,1,1,1,0,0,1,1,8,8
intervention,p23_s100_phase_worst_control2,23,100,phase_worst_control2,59,1.0,23,97,23,97,23,23,23,0,0,23,23,10,10,1,5,1,5,1,1,1,0,0,1,1,9,9
intervention,p23_s100_remove,23,100,remove,59,0.0,23,50,22,50,22,0,0,0,0,0,0,10,,1,3,1,3,1,0,0,0,0,0,0,10,
intervention,p23_s100_remove_control0,23,100,remove_control0,59,1.0,23,71,23,71,23,23,23,0,0,23,23,8,8,1,2,1,2,1,1,1,0,0,1,1,8,8
intervention,p23_s100_remove_control1,23,100,remove_control1,59,1.0,23,72,23,72,23,23,23,0,0,23,23,8,8,1,3,1,3,1,1,1,0,0,1,1,8,8
intervention,p23_s100_remove_control2,23,100,remove_control2,59,1.0,23,69,23,69,23,23,23,0,0,23,23,8,8,1,3,1,3,1,1,1,0,0,1,1,8,8
intervention,p23_s101_phase_best,23,101,phase_best,59,1.0,23,99,23,99,23,23,23,0,0,23,23,8,8,1,5,1,5,1,1,1,0,0,1,1,8,8
intervention,p23_s101_phase_best_control0,23,101,phase_best_control0,59,1.0,23,77,23,77,23,23,23,0,0,23,23,10,10,1,3,1,3,1,1,1,0,0,1,1,9,9
intervention,p23_s101_phase_best_control1,23,101,phase_best_control1,59,1.0,23,89,23,89,23,23,23,0,0,23,23,9,9,1,3,1,3,1,1,1,0,0,1,1,8,8
intervention,p23_s101_phase_best_control2,23,101,phase_best_control2,59,1.0,23,81,23,81,23,23,23,0,0,23,23,9,9,1,3,1,3,1,1,1,0,0,1,1,9,9
intervention,p23_s101_phase_worst,23,101,phase_worst,59,0.0,23,65,21,65,21,0,0,0,0,0,0,9,,1,3,1,3,1,0,0,0,0,0,0,8,
intervention,p23_s101_phase_worst_control0,23,101,phase_worst_control0,59,1.0,23,99,23,99,23,23,23,0,0,23,23,9,9,1,4,1,4,1,1,1,0,0,1,1,9,9
intervention,p23_s101_phase_worst_control1,23,101,phase_worst_control1,59,1.0,23,76,23,76,23,23,23,0,0,23,23,9,9,1,3,1,3,1,1,1,0,0,1,1,9,9
intervention,p23_s101_phase_worst_control2,23,101,phase_worst_control2,59,1.0,23,80,23,80,23,23,23,0,0,23,23,9,9,1,4,1,4,1,1,1,0,0,1,1,8,8
intervention,p23_s101_remove,23,101,remove,59,0.043478260869565216,23,56,22,56,22,1,1,0,0,1,1,10,10,1,2,1,2,1,0,0,0,0,0,0,9,
intervention,p23_s101_remove_control0,23,101,remove_control0,59,1.0,23,100,23,100,23,23,23,0,0,23,23,9,9,1,4,1,4,1,1,1,0,0,1,1,8,8
intervention,p23_s101_remove_control1,23,101,remove_control1,59,1.0,23,84,23,84,23,23,23,0,0,23,23,9,9,1,5,1,5,1,1,1,0,0,1,1,9,9
intervention,p23_s101_remove_control2,23,101,remove_control2,59,1.0,23,97,23,97,23,23,23,0,0,23,23,9,9,1,6,1,6,1,1,1,0,0,1,1,9,9
intervention,p23_s102_phase_best,23,102,phase_best,59,1.0,23,73,23,73,23,23,23,0,0,23,23,8,8,1,2,1,2,1,1,1,0,0,1,1,8,8
intervention,p23_s102_phase_best_control0,23,102,phase_best_control0,59,1.0,23,88,23,88,23,23,23,0,0,23,23,8,8,1,4,1,4,1,1,1,0,0,1,1,8,8
intervention,p23_s102_phase_best_control1,23,102,phase_best_control1,59,1.0,23,78,23,78,23,23,23,0,0,23,23,9,9,1,4,1,4,1,1,1,0,0,1,1,8,8
intervention,p23_s102_phase_best_control2,23,102,phase_best_control2,59,0.5652173913043478,23,53,22,53,22,13,13,0,0,13,13,11,11,1,1,1,1,1,1,1,0,0,1,1,10,10
intervention,p23_s102_phase_worst,23,102,phase_worst,59,0.0,23,60,23,60,23,0,0,0,0,0,0,8,,1,4,1,4,1,0,0,0,0,0,0,7,
intervention,p23_s102_phase_worst_control0,23,102,phase_worst_control0,59,1.0,23,76,23,76,23,23,23,0,0,23,23,10,10,1,4,1,4,1,1,1,0,0,1,1,9,9
intervention,p23_s102_phase_worst_control1,23,102,phase_worst_control1,59,0.17391304347826086,23,81,23,81,23,4,4,0,0,4,4,11,11,1,4,1,4,1,0,0,0,0,0,0,9,
intervention,p23_s102_phase_worst_control2,23,102,phase_worst_control2,59,1.0,23,73,23,73,23,23,23,0,0,23,23,8,8,1,1,1,1,1,1,1,0,0,1,1,8,8
intervention,p23_s102_remove,23,102,remove,59,0.043478260869565216,23,43,21,43,21,1,1,0,0,1,1,11,11,1,5,1,5,1,0,0,0,0,0,0,9,
intervention,p23_s102_remove_control0,23,102,remove_control0,59,0.8695652173913043,23,69,23,69,23,20,20,0,0,20,20,10,10,1,1,1,1,1,1,1,0,0,1,1,9,9
intervention,p23_s102_remove_control1,23,102,remove_control1,59,0.43478260869565216,23,58,22,58,22,10,10,0,0,10,10,11,11,1,1,1,1,1,1,1,0,0,1,1,10,10
intervention,p23_s102_remove_control2,23,102,remove_control2,59,0.6086956521739131,23,57,22,57,22,14,14,0,0,14,14,11,11,1,1,1,1,1,1,1,0,0,1,1,10,10
intervention,p23_s103_phase_best,23,103,phase_best,59,1.0,23,70,23,70,23,23,23,0,0,23,23,9,9,1,5,1,5,1,1,1,0,0,1,1,8,8
intervention,p23_s103_phase_best_control0,23,103,phase_best_control0,59,0.8695652173913043,23,72,22,72,22,20,20,0,0,20,20,11,11,1,4,1,4,1,1,1,0,0,1,1,9,9
intervention,p23_s103_phase_best_control1,23,103,phase_best_control1,59,1.0,23,90,23,90,23,23,23,0,0,23,23,9,9,1,5,1,5,1,1,1,0,0,1,1,9,9
intervention,p23_s103_phase_best_control2,23,103,phase_best_control2,59,1.0,23,86,23,86,23,23,23,0,0,23,23,9,9,1,5,1,5,1,1,1,0,0,1,1,9,9
intervention,p23_s103_phase_worst,23,103,phase_worst,59,0.0,23,62,22,62,22,0,0,0,0,0,0,8,,1,4,1,4,1,0,0,0,0,0,0,7,
intervention,p23_s103_phase_worst_control0,23,103,phase_worst_control0,59,1.0,23,90,23,90,23,23,23,0,0,23,23,9,9,1,6,1,6,1,1,1,0,0,1,1,9,9
intervention,p23_s103_phase_worst_control1,23,103,phase_worst_control1,59,1.0,23,76,23,76,23,23,23,0,0,23,23,10,10,1,3,1,3,1,1,1,0,0,1,1,9,9
intervention,p23_s103_phase_worst_control2,23,103,phase_worst_control2,59,1.0,23,94,23,94,23,23,23,0,0,23,23,9,9,1,5,1,5,1,1,1,0,0,1,1,9,9
intervention,p23_s103_remove,23,103,remove,59,0.043478260869565216,23,47,22,47,22,1,1,0,0,1,1,10,10,1,3,1,3,1,0,0,0,0,0,0,8,
intervention,p23_s103_remove_control0,23,103,remove_control0,59,1.0,23,88,23,88,23,23,23,0,0,23,23,9,9,1,4,1,4,1,1,1,0,0,1,1,9,9
intervention,p23_s103_remove_control1,23,103,remove_control1,59,1.0,23,85,23,85,23,23,23,0,0,23,23,9,9,1,6,1,6,1,1,1,0,0,1,1,9,9
intervention,p23_s103_remove_control2,23,103,remove_control2,59,1.0,23,89,23,89,23,23,23,0,0,23,23,11,11,1,2,1,2,1,1,1,0,0,1,1,9,9
intervention,p23_s104_phase_best,23,104,phase_best,59,1.0,23,88,23,88,23,23,23,0,0,23,23,9,9,1,3,1,3,1,1,1,0,0,1,1,8,8
intervention,p23_s104_phase_best_control0,23,104,phase_best_control0,59,0.8260869565217391,23,72,23,72,23,19,19,0,0,19,19,10,10,1,3,1,3,1,1,1,0,0,1,1,9,9
intervention,p23_s104_phase_best_control1,23,104,phase_best_control1,59,1.0,23,82,23,82,23,23,23,0,0,23,23,9,9,1,1,1,1,1,1,1,0,0,1,1,9,9
intervention,p23_s104_phase_best_control2,23,104,phase_best_control2,59,1.0,23,84,23,84,23,23,23,0,0,23,23,9,9,1,5,1,5,1,1,1,0,0,1,1,9,9
intervention,p23_s104_phase_worst,23,104,phase_worst,59,0.0,23,67,22,67,22,0,0,0,0,0,0,9,,1,3,1,3,1,0,0,0,0,0,0,8,
intervention,p23_s104_phase_worst_control0,23,104,phase_worst_control0,59,1.0,23,92,23,92,23,23,23,0,0,23,23,9,9,1,4,1,4,1,1,1,0,0,1,1,9,9
intervention,p23_s104_phase_worst_control1,23,104,phase_worst_control1,59,1.0,23,88,23,88,23,23,23,0,0,23,23,9,9,1,3,1,3,1,1,1,0,0,1,1,9,9
intervention,p23_s104_phase_worst_control2,23,104,phase_worst_control2,59,1.0,23,96,23,96,23,23,23,0,0,23,23,9,9,1,5,1,5,1,1,1,0,0,1,1,9,9
intervention,p23_s104_remove,23,104,remove,59,0.043478260869565216,23,54,23,54,23,1,1,0,0,1,1,10,10,1,3,1,3,1,0,0,0,0,0,0,7,
intervention,p23_s104_remove_control0,23,104,remove_control0,59,1.0,23,78,23,78,23,23,23,0,0,23,23,10,10,1,4,1,4,1,1,1,0,0,1,1,9,9
intervention,p23_s104_remove_control1,23,104,remove_control1,59,1.0,23,75,23,75,23,23,23,0,0,23,23,10,10,1,2,1,2,1,1,1,0,0,1,1,9,9
intervention,p23_s104_remove_control2,23,104,remove_control2,59,1.0,23,73,23,73,23,23,23,0,0,23,23,10,10,1,5,1,5,1,1,1,0,0,1,1,9,9
intervention,p23_s105_phase_best,23,105,phase_best,59,1.0,23,91,23,91,23,23,23,0,0,23,23,8,8,1,4,1,4,1,1,1,0,0,1,1,8,8
intervention,p23_s105_phase_best_control0,23,105,phase_best_control0,59,1.0,23,90,23,90,23,23,23,0,0,23,23,9,9,1,3,1,3,1,1,1,0,0,1,1,9,9
intervention,p23_s105_phase_best_control1,23,105,phase_best_control1,59,0.9130434782608695,23,93,23,93,23,21,21,0,0,21,21,10,10,1,3,1,3,1,1,1,0,0,1,1,9,9
intervention,p23_s105_phase_best_control2,23,105,phase_best_control2,59,1.0,23,98,23,98,23,23,23,0,0,23,23,9,9,1,5,1,5,1,1,1,0,0,1,1,9,9
intervention,p23_s105_phase_worst,23,105,phase_worst,59,0.0,23,55,23,55,23,0,0,0,0,0,0,8,,1,2,1,2,1,0,0,0,0,0,0,5,
intervention,p23_s105_phase_worst_control0,23,105,phase_worst_control0,59,0.0,23,64,23,64,23,0,0,0,0,0,0,9,,1,2,1,2,1,0,0,0,0,0,0,5,
intervention,p23_s105_phase_worst_control1,23,105,phase_worst_control1,59,0.9130434782608695,23,77,23,77,23,21,21,0,0,21,21,10,10,1,6,1,6,1,1,1,0,0,1,1,9,9
intervention,p23_s105_phase_worst_control2,23,105,phase_worst_control2,59,1.0,23,92,23,92,23,23,23,0,0,23,23,11,11,1,5,1,5,1,1,1,0,0,1,1,9,9
intervention,p23_s105_remove,23,105,remove,59,0.043478260869565216,23,59,22,59,22,1,1,0,0,1,1,11,11,1,6,1,6,1,0,0,0,0,0,0,9,
intervention,p23_s105_remove_control0,23,105,remove_control0,59,0.6956521739130435,23,67,22,67,22,16,16,0,0,16,16,10,10,1,4,1,4,1,1,1,0,0,1,1,9,9
intervention,p23_s105_remove_control1,23,105,remove_control1,59,0.0,23,43,22,43,22,0,0,0,0,0,0,7,,1,1,1,1,1,0,0,0,0,0,0,3,
intervention,p23_s105_remove_control2,23,105,remove_control2,59,0.0,23,55,22,55,22,0,0,0,0,0,0,8,,1,3,1,3,1,0,0,0,0,0,0,6,
intervention,p23_s106_phase_best,23,106,phase_best,59,1.0,23,79,23,79,23,23,23,0,0,23,23,8,8,1,3,1,3,1,1,1,0,0,1,1,8,8
intervention,p23_s106_phase_best_control0,23,106,phase_best_control0,59,1.0,23,95,23,95,23,23,23,0,0,23,23,10,10,1,3,1,3,1,1,1,0,0,1,1,9,9
intervention,p23_s106_phase_best_control1,23,106,phase_best_control1,59,0.9565217391304348,23,86,23,86,23,22,22,0,0,22,22,11,11,1,2,1,2,1,1,1,0,0,1,1,9,9
intervention,p23_s106_phase_best_control2,23,106,phase_best_control2,59,0.6521739130434783,23,109,23,109,23,15,15,0,0,15,15,11,11,1,7,1,7,1,1,1,0,0,1,1,9,9
intervention,p23_s106_phase_worst,23,106,phase_worst,59,0.0,23,62,23,62,23,0,0,0,0,0,0,11,,1,0,0,0,0,0,0,0,0,0,0,,
intervention,p23_s106_phase_worst_control0,23,106,phase_worst_control0,59,0.9565217391304348,23,107,23,107,23,22,22,0,0,22,22,10,10,1,5,1,5,1,1,1,0,0,1,1,9,9
intervention,p23_s106_phase_worst_control1,23,106,phase_worst_control1,59,0.6086956521739131,23,73,22,73,22,14,14,0,0,14,14,10,10,1,4,1,4,1,1,1,0,0,1,1,10,10
intervention,p23_s106_phase_worst_control2,23,106,phase_worst_control2,59,1.0,23,72,23,72,23,23,23,0,0,23,23,9,9,1,4,1,4,1,1,1,0,0,1,1,9,9
intervention,p23_s106_remove,23,106,remove,59,0.0,23,58,23,58,23,0,0,0,0,0,0,9,,1,2,1,2,1,0,0,0,0,0,0,7,
intervention,p23_s106_remove_control0,23,106,remove_control0,59,1.0,23,70,23,70,23,23,23,0,0,23,23,9,9,1,3,1,3,1,1,1,0,0,1,1,9,9
intervention,p23_s106_remove_control1,23,106,remove_control1,59,1.0,23,71,23,71,23,23,23,0,0,23,23,9,9,1,3,1,3,1,1,1,0,0,1,1,9,9
intervention,p23_s106_remove_control2,23,106,remove_control2,59,1.0,23,74,23,74,23,23,23,0,0,23,23,8,8,1,2,1,2,1,1,1,0,0,1,1,8,8
intervention,p23_s107_phase_best,23,107,phase_best,59,1.0,23,79,23,79,23,23,23,0,0,23,23,8,8,1,4,1,4,1,1,1,0,0,1,1,8,8
intervention,p23_s107_phase_best_control0,23,107,phase_best_control0,59,0.9565217391304348,23,63,22,63,22,22,22,0,0,22,22,10,10,1,3,1,3,1,1,1,0,0,1,1,9,9
intervention,p23_s107_phase_best_control1,23,107,phase_best_control1,59,1.0,23,86,23,86,23,23,23,0,0,23,23,9,9,1,2,1,2,1,1,1,0,0,1,1,8,8
intervention,p23_s107_phase_best_control2,23,107,phase_best_control2,59,1.0,23,96,23,96,23,23,23,0,0,23,23,9,9,1,4,1,4,1,1,1,0,0,1,1,9,9
intervention,p23_s107_phase_worst,23,107,phase_worst,59,0.0,23,54,22,54,22,0,0,0,0,0,0,8,,1,2,1,2,1,0,0,0,0,0,0,7,
intervention,p23_s107_phase_worst_control0,23,107,phase_worst_control0,59,1.0,23,62,23,62,23,23,23,0,0,23,23,10,10,1,1,1,1,1,1,1,0,0,1,1,9,9
intervention,p23_s107_phase_worst_control1,23,107,phase_worst_control1,59,1.0,23,86,23,86,23,23,23,0,0,23,23,9,9,1,4,1,4,1,1,1,0,0,1,1,9,9
intervention,p23_s107_phase_worst_control2,23,107,phase_worst_control2,59,1.0,23,74,23,74,23,23,23,0,0,23,23,9,9,1,3,1,3,1,1,1,0,0,1,1,9,9
intervention,p23_s107_remove,23,107,remove,59,0.08695652173913043,23,57,23,57,23,2,2,0,0,2,2,11,11,1,3,1,3,1,0,0,0,0,0,0,9,
intervention,p23_s107_remove_control0,23,107,remove_control0,59,1.0,23,71,23,71,23,23,23,0,0,23,23,10,10,1,4,1,4,1,1,1,0,0,1,1,9,9
intervention,p23_s107_remove_control1,23,107,remove_control1,59,1.0,23,79,23,79,23,23,23,0,0,23,23,9,9,1,3,1,3,1,1,1,0,0,1,1,9,9
intervention,p23_s107_remove_control2,23,107,remove_control2,59,1.0,23,83,23,83,23,23,23,0,0,23,23,9,9,1,3,1,3,1,1,1,0,0,1,1,9,9
intervention,p23_s108_phase_best,23,108,phase_best,59,1.0,23,80,23,80,23,23,23,0,0,23,23,8,8,1,3,1,3,1,1,1,0,0,1,1,8,8
intervention,p23_s108_phase_best_control0,23,108,phase_best_control0,59,1.0,23,78,23,78,23,23,23,0,0,23,23,9,9,1,3,1,3,1,1,1,0,0,1,1,8,8
intervention,p23_s108_phase_best_control1,23,108,phase_best_control1,59,1.0,23,65,23,65,23,23,23,0,0,23,23,8,8,1,2,1,2,1,1,1,0,0,1,1,8,8
intervention,p23_s108_phase_best_control2,23,108,phase_best_control2,59,1.0,23,78,23,78,23,23,23,0,0,23,23,9,9,1,3,1,3,1,1,1,0,0,1,1,9,9
intervention,p23_s108_phase_worst,23,108,phase_worst,59,0.0,23,61,22,61,22,0,0,0,0,0,0,9,,1,1,1,1,1,0,0,0,0,0,0,2,
intervention,p23_s108_phase_worst_control0,23,108,phase_worst_control0,59,1.0,23,80,23,80,23,23,23,0,0,23,23,9,9,1,4,1,4,1,1,1,0,0,1,1,8,8
intervention,p23_s108_phase_worst_control1,23,108,phase_worst_control1,59,0.9130434782608695,23,96,23,96,23,21,21,0,0,21,21,10,10,1,4,1,4,1,1,1,0,0,1,1,9,9
intervention,p23_s108_phase_worst_control2,23,108,phase_worst_control2,59,1.0,23,73,23,73,23,23,23,0,0,23,23,8,8,1,3,1,3,1,1,1,0,0,1,1,8,8
intervention,p23_s108_remove,23,108,remove,59,0.0,23,45,21,45,21,0,0,0,0,0,0,11,,1,3,1,3,1,0,0,0,0,0,0,10,
intervention,p23_s108_remove_control0,23,108,remove_control0,59,1.0,23,63,23,63,23,23,23,0,0,23,23,9,9,1,2,1,2,1,1,1,0,0,1,1,8,8
intervention,p23_s108_remove_control1,23,108,remove_control1,59,1.0,23,70,23,70,23,23,23,0,0,23,23,9,9,1,4,1,4,1,1,1,0,0,1,1,9,9
intervention,p23_s108_remove_control2,23,108,remove_control2,59,0.08695652173913043,23,54,21,54,21,2,2,0,0,2,2,10,10,1,4,1,4,1,1,1,0,0,1,1,11,11
intervention,p23_s109_phase_best,23,109,phase_best,59,1.0,23,89,23,89,23,23,23,0,0,23,23,8,8,1,3,1,3,1,1,1,0,0,1,1,8,8
intervention,p23_s109_phase_best_control0,23,109,phase_best_control0,59,1.0,23,96,23,96,23,23,23,0,0,23,23,8,8,1,4,1,4,1,1,1,0,0,1,1,8,8
intervention,p23_s109_phase_best_control1,23,109,phase_best_control1,59,1.0,23,62,23,62,23,23,23,0,0,23,23,8,8,1,2,1,2,1,1,1,0,0,1,1,8,8
intervention,p23_s109_phase_best_control2,23,109,phase_best_control2,59,1.0,23,69,23,69,23,23,23,0,0,23,23,8,8,1,2,1,2,1,1,1,0,0,1,1,8,8
intervention,p23_s109_phase_worst,23,109,phase_worst,59,0.5652173913043478,23,71,23,71,23,13,13,0,0,13,13,11,11,1,3,1,3,1,1,1,0,0,1,1,10,10
intervention,p23_s109_phase_worst_control0,23,109,phase_worst_control0,59,1.0,23,110,23,110,23,23,23,0,0,23,23,9,9,1,4,1,4,1,1,1,0,0,1,1,8,8
intervention,p23_s109_phase_worst_control1,23,109,phase_worst_control1,59,1.0,23,72,23,72,23,23,23,0,0,23,23,8,8,1,2,1,2,1,1,1,0,0,1,1,8,8
intervention,p23_s109_phase_worst_control2,23,109,phase_worst_control2,59,1.0,23,75,23,75,23,23,23,0,0,23,23,9,9,1,2,1,2,1,1,1,0,0,1,1,8,8
intervention,p23_s109_remove,23,109,remove,59,0.043478260869565216,23,50,20,50,20,1,1,0,0,1,1,11,11,1,0,0,0,0,0,0,0,0,0,0,,
intervention,p23_s109_remove_control0,23,109,remove_control0,59,1.0,23,63,23,63,23,23,23,0,0,23,23,9,9,1,2,1,2,1,1,1,0,0,1,1,8,8
intervention,p23_s109_remove_control1,23,109,remove_control1,59,1.0,23,58,23,58,23,23,23,0,0,23,23,8,8,1,2,1,2,1,1,1,0,0,1,1,8,8
intervention,p23_s109_remove_control2,23,109,remove_control2,59,1.0,23,55,23,55,23,23,23,0,0,23,23,8,8,1,2,1,2,1,1,1,0,0,1,1,8,8
boundary,p17_s100_bw15,17,100,bw15,59,0.23529411764705882,17,44,16,44,16,4,4,0,0,4,4,11,11,1,4,1,4,1,1,1,0,0,1,1,11,11
boundary,p17_s100_bw20,17,100,bw20,59,0.47058823529411764,17,48,16,48,16,8,8,0,0,8,8,11,11,1,4,1,4,1,1,1,0,0,1,1,9,9
boundary,p17_s100_bw30,17,100,bw30,59,0.8823529411764706,17,57,17,57,17,15,15,0,0,15,15,11,11,1,4,1,4,1,1,1,0,0,1,1,9,9
boundary,p17_s100_eps001,17,100,eps001,59,0.7058823529411765,17,54,17,54,17,12,12,0,0,12,12,12,12,1,4,1,4,1,1,1,0,0,1,1,10,10
boundary,p17_s100_eps03,17,100,eps03,59,0.9411764705882353,17,49,17,49,17,16,16,0,0,16,16,8,8,1,4,1,4,1,1,1,0,0,1,1,7,7
boundary,p17_s100_paper,17,100,paper,59,0.11764705882352941,17,36,16,36,16,2,2,0,0,2,2,12,12,1,2,1,2,1,0,0,0,0,0,0,4,
boundary,p17_s100_paper_uncentered,17,100,paper_uncentered,59,0.0,17,41,16,41,16,0,0,0,0,0,0,9,,1,3,1,3,1,0,0,0,0,0,0,7,
boundary,p17_s100_uncentered,17,100,uncentered,59,0.5882352941176471,17,70,17,70,17,10,10,0,0,10,10,18,18,1,4,1,4,1,1,1,0,0,1,1,13,13
boundary,p17_s101_bw15,17,101,bw15,59,1.0,17,43,17,43,17,17,17,0,0,17,17,9,9,1,5,1,5,1,1,1,0,0,1,1,9,9
boundary,p17_s101_bw20,17,101,bw20,59,1.0,17,48,17,48,17,17,17,0,0,17,17,8,8,1,5,1,5,1,1,1,0,0,1,1,8,8
boundary,p17_s101_bw30,17,101,bw30,59,1.0,17,56,17,56,17,17,17,0,0,17,17,8,8,1,5,1,5,1,1,1,0,0,1,1,8,8
boundary,p17_s101_eps001,17,101,eps001,59,1.0,17,57,17,57,17,17,17,0,0,17,17,10,10,1,5,1,5,1,1,1,0,0,1,1,10,10
boundary,p17_s101_eps03,17,101,eps03,59,1.0,17,49,17,49,17,17,17,0,0,17,17,7,7,1,4,1,4,1,1,1,0,0,1,1,7,7
boundary,p17_s101_paper,17,101,paper,59,1.0,17,41,17,41,17,17,17,0,0,17,17,10,10,1,3,1,3,1,1,1,0,0,1,1,10,10
boundary,p17_s101_paper_uncentered,17,101,paper_uncentered,59,1.0,17,52,17,52,17,17,17,0,0,17,17,11,11,1,4,1,4,1,1,1,0,0,1,1,10,10
boundary,p17_s101_uncentered,17,101,uncentered,59,1.0,17,71,17,71,17,17,17,0,0,17,17,11,11,1,5,1,5,1,1,1,0,0,1,1,11,11
boundary,p17_s102_bw15,17,102,bw15,59,0.9411764705882353,17,40,17,40,17,16,16,0,0,16,16,12,12,1,3,1,3,1,1,1,0,0,1,1,10,10
boundary,p17_s102_bw20,17,102,bw20,59,1.0,17,46,17,46,17,17,17,0,0,17,17,10,10,1,3,1,3,1,1,1,0,0,1,1,9,9
boundary,p17_s102_bw30,17,102,bw30,59,1.0,17,52,17,52,17,17,17,0,0,17,17,9,9,1,3,1,3,1,1,1,0,0,1,1,9,9
boundary,p17_s102_eps001,17,102,eps001,59,1.0,17,49,17,49,17,17,17,0,0,17,17,11,11,1,3,1,3,1,1,1,0,0,1,1,10,10
boundary,p17_s102_eps03,17,102,eps03,59,1.0,17,47,17,47,17,17,17,0,0,17,17,8,8,1,3,1,3,1,1,1,0,0,1,1,7,7
boundary,p17_s102_paper,17,102,paper,59,0.5294117647058824,17,34,16,34,16,9,9,0,0,9,9,12,12,1,3,1,3,1,1,1,0,0,1,1,11,11
boundary,p17_s102_paper_uncentered,17,102,paper_uncentered,59,0.11764705882352941,17,36,16,36,16,2,2,0,0,2,2,14,14,1,1,1,1,1,0,0,0,0,0,0,1,
boundary,p17_s102_uncentered,17,102,uncentered,59,0.7058823529411765,17,63,17,63,17,12,12,0,0,12,12,18,18,1,4,1,4,1,1,1,0,0,1,1,14,14
boundary,p17_s103_bw15,17,103,bw15,59,0.0,17,31,16,31,16,0,0,0,0,0,0,10,,1,1,1,1,1,0,0,0,0,0,0,1,
boundary,p17_s103_bw20,17,103,bw20,59,0.058823529411764705,17,38,16,38,16,1,1,0,0,1,1,10,10,1,1,1,1,1,0,0,0,0,0,0,1,
boundary,p17_s103_bw30,17,103,bw30,59,0.17647058823529413,17,47,16,47,16,3,3,0,0,3,3,10,10,1,1,1,1,1,0,0,0,0,0,0,1,
boundary,p17_s103_eps001,17,103,eps001,59,0.11764705882352941,17,42,16,42,16,2,2,0,0,2,2,11,11,1,1,1,1,1,0,0,0,0,0,0,1,
boundary,p17_s103_eps03,17,103,eps03,59,0.17647058823529413,17,43,16,43,16,3,3,0,0,3,3,11,11,1,1,1,1,1,0,0,0,0,0,0,1,
boundary,p17_s103_paper,17,103,paper,59,0.0,17,28,16,28,16,0,0,0,0,0,0,8,,1,1,1,1,1,0,0,0,0,0,0,1,
boundary,p17_s103_paper_uncentered,17,103,paper_uncentered,59,0.0,17,31,16,31,16,0,0,0,0,0,0,6,,1,1,1,1,1,0,0,0,0,0,0,1,
boundary,p17_s103_uncentered,17,103,uncentered,59,0.0,17,40,17,40,17,0,0,0,0,0,0,14,,1,1,1,1,1,0,0,0,0,0,0,1,
boundary,p17_s104_bw15,17,104,bw15,59,1.0,17,49,17,49,17,17,17,0,0,17,17,11,11,1,3,1,3,1,1,1,0,0,1,1,9,9
boundary,p17_s104_bw20,17,104,bw20,59,1.0,17,54,17,54,17,17,17,0,0,17,17,9,9,1,3,1,3,1,1,1,0,0,1,1,9,9
boundary,p17_s104_bw30,17,104,bw30,59,1.0,17,55,17,55,17,17,17,0,0,17,17,9,9,1,3,1,3,1,1,1,0,0,1,1,8,8
boundary,p17_s104_eps001,17,104,eps001,59,1.0,17,55,17,55,17,17,17,0,0,17,17,10,10,1,3,1,3,1,1,1,0,0,1,1,10,10
boundary,p17_s104_eps03,17,104,eps03,59,1.0,17,53,17,53,17,17,17,0,0,17,17,8,8,1,3,1,3,1,1,1,0,0,1,1,7,7
boundary,p17_s104_paper,17,104,paper,59,0.9411764705882353,17,49,16,49,16,16,16,0,0,16,16,14,14,1,3,1,3,1,1,1,0,0,1,1,11,11
boundary,p17_s104_paper_uncentered,17,104,paper_uncentered,59,0.17647058823529413,17,39,16,39,16,3,3,0,0,3,3,13,13,1,3,1,3,1,1,1,0,0,1,1,16,16
boundary,p17_s104_uncentered,17,104,uncentered,59,0.8823529411764706,17,61,17,61,17,15,15,0,0,15,15,15,15,1,4,1,4,1,1,1,0,0,1,1,13,13
boundary,p17_s105_bw15,17,105,bw15,59,0.058823529411764705,17,37,17,37,17,1,1,0,0,1,1,11,11,1,3,1,3,1,0,0,0,0,0,0,5,
boundary,p17_s105_bw20,17,105,bw20,59,0.058823529411764705,17,40,17,40,17,1,1,0,0,1,1,10,10,1,3,1,3,1,0,0,0,0,0,0,5,
boundary,p17_s105_bw30,17,105,bw30,59,0.058823529411764705,17,49,17,49,17,1,1,0,0,1,1,10,9,1,3,1,3,1,0,0,0,0,0,0,5,
boundary,p17_s105_eps001,17,105,eps001,59,0.058823529411764705,17,43,17,43,17,1,1,0,0,1,1,11,11,1,3,1,3,1,0,0,0,0,0,0,5,
boundary,p17_s105_eps03,17,105,eps03,59,0.058823529411764705,17,42,17,42,17,1,1,0,0,1,1,9,9,1,3,1,3,1,0,0,0,0,0,0,5,
boundary,p17_s105_paper,17,105,paper,59,0.058823529411764705,17,36,17,36,17,1,1,0,0,1,1,15,15,1,2,1,2,1,0,0,0,0,0,0,5,
boundary,p17_s105_paper_uncentered,17,105,paper_uncentered,59,0.0,17,37,17,37,17,0,0,0,0,0,0,12,,1,4,1,4,1,0,0,0,0,0,0,6,
boundary,p17_s105_uncentered,17,105,uncentered,59,0.0,17,48,17,48,17,0,0,0,0,0,0,14,,1,2,1,2,1,0,0,0,0,0,0,6,
boundary,p17_s106_bw15,17,106,bw15,59,0.0,17,41,16,41,16,0,0,0,0,0,0,7,,1,3,1,3,1,0,0,0,0,0,0,7,
boundary,p17_s106_bw20,17,106,bw20,59,0.0,17,45,17,45,17,0,0,0,0,0,0,7,,1,3,1,3,1,0,0,0,0,0,0,7,
boundary,p17_s106_bw30,17,106,bw30,59,0.058823529411764705,17,51,17,51,17,1,1,0,0,1,1,10,10,1,3,1,3,1,0,0,0,0,0,0,7,
boundary,p17_s106_eps001,17,106,eps001,59,0.058823529411764705,17,49,17,49,17,1,1,0,0,1,1,11,11,1,3,1,3,1,0,0,0,0,0,0,7,
boundary,p17_s106_eps03,17,106,eps03,59,0.058823529411764705,17,48,17,48,17,1,1,0,0,1,1,8,8,1,3,1,3,1,0,0,0,0,0,0,8,
boundary,p17_s106_paper,17,106,paper,59,0.0,17,35,16,35,16,0,0,0,0,0,0,8,,1,3,1,3,1,0,0,0,0,0,0,6,
boundary,p17_s106_paper_uncentered,17,106,paper_uncentered,59,0.0,17,24,14,24,14,0,0,0,0,0,0,7,,1,1,1,1,1,0,0,0,0,0,0,1,
boundary,p17_s106_uncentered,17,106,uncentered,59,0.0,17,54,17,54,17,0,0,0,0,0,0,12,,1,3,1,3,1,0,0,0,0,0,0,11,
boundary,p17_s107_bw15,17,107,bw15,59,0.0,17,31,16,31,16,0,0,0,0,0,0,9,,1,0,0,0,0,0,0,0,0,0,0,,
boundary,p17_s107_bw20,17,107,bw20,59,0.0,17,36,16,36,16,0,0,0,0,0,0,8,,1,0,0,0,0,0,0,0,0,0,0,,
boundary,p17_s107_bw30,17,107,bw30,59,0.058823529411764705,17,57,17,57,17,1,1,0,0,1,1,10,10,1,2,1,2,1,0,0,0,0,0,0,7,
boundary,p17_s107_eps001,17,107,eps001,59,0.058823529411764705,17,42,17,42,17,1,1,0,0,1,1,11,11,1,0,0,0,0,0,0,0,0,0,0,,
boundary,p17_s107_eps03,17,107,eps03,59,0.058823529411764705,17,44,16,44,16,7,4,3,3,4,4,8,8,1,0,0,0,0,0,0,0,0,0,0,,
boundary,p17_s107_paper,17,107,paper,59,0.0,17,32,16,32,16,0,0,0,0,0,0,8,,1,0,0,0,0,0,0,0,0,0,0,,
boundary,p17_s107_paper_uncentered,17,107,paper_uncentered,59,0.0,17,31,15,31,15,0,0,0,0,0,0,14,,1,0,0,0,0,0,0,0,0,0,0,,
boundary,p17_s107_uncentered,17,107,uncentered,59,0.0,17,59,17,59,17,0,0,0,0,0,0,10,,1,2,1,2,1,0,0,0,0,0,0,9,
boundary,p17_s108_bw15,17,108,bw15,59,1.0,17,46,17,46,17,17,17,0,0,17,17,9,9,1,3,1,3,1,1,1,0,0,1,1,9,9
boundary,p17_s108_bw20,17,108,bw20,59,1.0,17,50,17,50,17,17,17,0,0,17,17,8,8,1,3,1,3,1,1,1,0,0,1,1,8,8
boundary,p17_s108_bw30,17,108,bw30,59,1.0,17,70,17,70,17,17,17,0,0,17,17,8,8,1,5,1,5,1,1,1,0,0,1,1,8,8
boundary,p17_s108_eps001,17,108,eps001,59,1.0,17,65,17,65,17,17,17,0,0,17,17,10,10,1,5,1,5,1,1,1,0,0,1,1,10,10
boundary,p17_s108_eps03,17,108,eps03,59,1.0,17,50,17,50,17,17,17,0,0,17,17,7,7,1,3,1,3,1,1,1,0,0,1,1,6,6
boundary,p17_s108_paper,17,108,paper,59,1.0,17,42,17,42,17,17,17,0,0,17,17,11,11,1,3,1,3,1,1,1,0,0,1,1,10,10
boundary,p17_s108_paper_uncentered,17,108,paper_uncentered,59,1.0,17,46,17,46,17,17,17,0,0,17,17,12,12,1,4,1,4,1,1,1,0,0,1,1,11,11
boundary,p17_s108_uncentered,17,108,uncentered,59,1.0,17,79,17,79,17,17,17,0,0,17,17,11,11,1,5,1,5,1,1,1,0,0,1,1,11,11
boundary,p17_s109_bw15,17,109,bw15,59,1.0,17,49,17,49,17,17,17,0,0,17,17,9,9,1,4,1,4,1,1,1,0,0,1,1,8,8
boundary,p17_s109_bw20,17,109,bw20,59,1.0,17,53,17,53,17,17,17,0,0,17,17,8,8,1,4,1,4,1,1,1,0,0,1,1,8,8
boundary,p17_s109_bw30,17,109,bw30,59,1.0,17,69,17,69,17,17,17,0,0,17,17,8,8,1,5,1,5,1,1,1,0,0,1,1,8,8
boundary,p17_s109_eps001,17,109,eps001,59,1.0,17,62,17,62,17,17,17,0,0,17,17,10,10,1,5,1,5,1,1,1,0,0,1,1,10,10
boundary,p17_s109_eps03,17,109,eps03,59,1.0,17,48,17,48,17,17,17,0,0,17,17,6,6,1,4,1,4,1,1,1,0,0,1,1,6,6
boundary,p17_s109_paper,17,109,paper,59,1.0,17,47,17,47,17,17,17,0,0,17,17,10,10,1,2,1,2,1,1,1,0,0,1,1,10,10
boundary,p17_s109_paper_uncentered,17,109,paper_uncentered,59,1.0,17,53,17,53,17,17,17,0,0,17,17,10,10,1,2,1,2,1,1,1,0,0,1,1,10,10
boundary,p17_s109_uncentered,17,109,uncentered,59,1.0,17,74,17,74,17,17,17,0,0,17,17,11,11,1,4,1,4,1,1,1,0,0,1,1,10,10
boundary,p23_s100_bw15,23,100,bw15,59,1.0,23,73,23,73,23,23,23,0,0,23,23,9,9,1,2,1,2,1,1,1,0,0,1,1,9,9
boundary,p23_s100_bw20,23,100,bw20,59,1.0,23,76,23,76,23,23,23,0,0,23,23,9,9,1,2,1,2,1,1,1,0,0,1,1,9,9
boundary,p23_s100_bw30,23,100,bw30,59,1.0,23,70,23,70,23,23,23,0,0,23,23,8,8,1,2,1,2,1,1,1,0,0,1,1,8,8
boundary,p23_s100_eps001,23,100,eps001,59,1.0,23,74,23,74,23,23,23,0,0,23,23,10,10,1,2,1,2,1,1,1,0,0,1,1,10,10
boundary,p23_s100_eps03,23,100,eps03,59,1.0,23,67,23,67,23,23,23,0,0,23,23,7,7,1,2,1,2,1,1,1,0,0,1,1,7,7
boundary,p23_s100_paper,23,100,paper,59,1.0,23,69,23,69,23,23,23,0,0,23,23,11,11,1,2,1,2,1,1,1,0,0,1,1,10,10
boundary,p23_s100_paper_uncentered,23,100,paper_uncentered,59,1.0,23,75,23,75,23,23,23,0,0,23,23,11,11,1,2,1,2,1,1,1,0,0,1,1,11,11
boundary,p23_s100_uncentered,23,100,uncentered,59,1.0,23,77,23,77,23,23,23,0,0,23,23,10,10,1,4,1,4,1,1,1,0,0,1,1,10,10
boundary,p23_s101_bw15,23,101,bw15,59,1.0,23,80,23,80,23,23,23,0,0,23,23,10,10,1,3,1,3,1,1,1,0,0,1,1,9,9
boundary,p23_s101_bw20,23,101,bw20,59,1.0,23,86,23,86,23,23,23,0,0,23,23,9,9,1,3,1,3,1,1,1,0,0,1,1,9,9
boundary,p23_s101_bw30,23,101,bw30,59,1.0,23,94,23,94,23,23,23,0,0,23,23,9,9,1,5,1,5,1,1,1,0,0,1,1,9,9
boundary,p23_s101_eps001,23,101,eps001,59,1.0,23,96,23,96,23,23,23,0,0,23,23,10,10,1,3,1,3,1,1,1,0,0,1,1,10,10
boundary,p23_s101_eps03,23,101,eps03,59,1.0,23,80,23,80,23,23,23,0,0,23,23,7,7,1,3,1,3,1,1,1,0,0,1,1,7,7
boundary,p23_s101_paper,23,101,paper,59,1.0,23,76,23,76,23,23,23,0,0,23,23,12,12,1,3,1,3,1,1,1,0,0,1,1,11,11
boundary,p23_s101_paper_uncentered,23,101,paper_uncentered,59,0.7391304347826086,23,68,22,68,22,17,17,0,0,17,17,14,14,1,1,1,1,1,1,1,0,0,1,1,12,12
boundary,p23_s101_uncentered,23,101,uncentered,59,1.0,23,84,23,84,23,23,23,0,0,23,23,11,11,1,4,1,4,1,1,1,0,0,1,1,10,10
boundary,p23_s102_bw15,23,102,bw15,59,0.0,23,43,22,43,22,0,0,0,0,0,0,8,,1,0,0,0,0,0,0,0,0,0,0,,
boundary,p23_s102_bw20,23,102,bw20,59,0.2608695652173913,23,50,22,50,22,6,6,0,0,6,6,11,11,1,0,0,0,0,0,0,0,0,0,0,,
boundary,p23_s102_bw30,23,102,bw30,59,0.4782608695652174,23,60,23,60,23,11,11,0,0,11,11,11,11,1,1,1,1,1,1,1,0,0,1,1,10,10
boundary,p23_s102_eps001,23,102,eps001,59,0.34782608695652173,23,58,22,57,22,8,8,0,0,8,8,12,12,1,1,1,1,1,1,1,0,0,1,1,12,12
boundary,p23_s102_eps03,23,102,eps03,59,0.391304347826087,23,81,23,81,23,37,23,14,14,23,23,10,10,1,1,1,1,1,1,1,0,0,1,1,7,7
boundary,p23_s102_paper,23,102,paper,59,0.0,23,40,22,40,22,0,0,0,0,0,0,11,,1,0,0,0,0,0,0,0,0,0,0,,
boundary,p23_s102_paper_uncentered,23,102,paper_uncentered,59,0.0,23,44,22,44,22,0,0,0,0,0,0,10,,1,0,0,0,0,0,0,0,0,0,0,,
boundary,p23_s102_uncentered,23,102,uncentered,59,0.391304347826087,23,53,22,53,22,9,9,0,0,9,9,15,15,1,1,1,1,1,1,1,0,0,1,1,13,13
boundary,p23_s103_bw15,23,103,bw15,59,0.8260869565217391,23,68,22,68,22,19,19,0,0,19,19,12,12,1,3,1,3,1,1,1,0,0,1,1,10,10
boundary,p23_s103_bw20,23,103,bw20,59,1.0,23,77,23,77,23,23,23,0,0,23,23,10,10,1,3,1,3,1,1,1,0,0,1,1,9,9
boundary,p23_s103_bw30,23,103,bw30,59,1.0,23,91,23,91,23,23,23,0,0,23,23,9,9,1,3,1,3,1,1,1,0,0,1,1,9,9
boundary,p23_s103_eps001,23,103,eps001,59,1.0,23,87,23,87,23,23,23,0,0,23,23,11,11,1,3,1,3,1,1,1,0,0,1,1,11,11
boundary,p23_s103_eps03,23,103,eps03,59,1.0,23,65,23,65,23,23,23,0,0,23,23,8,8,1,3,1,3,1,1,1,0,0,1,1,7,7
boundary,p23_s103_paper,23,103,paper,59,0.391304347826087,23,56,21,56,21,9,9,0,0,9,9,13,13,1,5,1,5,1,1,1,0,0,1,1,12,12
boundary,p23_s103_paper_uncentered,23,103,paper_uncentered,59,0.17391304347826086,23,58,22,58,22,4,4,0,0,4,4,15,15,1,3,1,3,1,1,1,0,0,1,1,13,13
boundary,p23_s103_uncentered,23,103,uncentered,59,1.0,23,97,23,97,23,23,23,0,0,23,23,12,12,1,3,1,3,1,1,1,0,0,1,1,11,11
boundary,p23_s104_bw15,23,104,bw15,59,0.6521739130434783,23,63,23,63,23,15,15,0,0,15,15,12,12,1,3,1,3,1,1,1,0,0,1,1,11,11
boundary,p23_s104_bw20,23,104,bw20,59,0.9130434782608695,23,72,22,72,22,21,21,0,0,21,21,12,12,1,3,1,3,1,1,1,0,0,1,1,10,10
boundary,p23_s104_bw30,23,104,bw30,59,1.0,23,71,23,71,23,23,23,0,0,23,23,11,11,1,3,1,3,1,1,1,0,0,1,1,9,9
boundary,p23_s104_eps001,23,104,eps001,59,0.9565217391304348,23,72,23,72,23,22,22,0,0,22,22,12,12,1,3,1,3,1,1,1,0,0,1,1,11,11
boundary,p23_s104_eps03,23,104,eps03,59,0.9565217391304348,23,70,23,70,23,22,22,0,0,22,22,9,9,1,3,1,3,1,1,1,0,0,1,1,8,8
boundary,p23_s104_paper,23,104,paper,59,0.2608695652173913,23,56,23,56,23,6,6,0,0,6,6,14,14,1,2,1,2,1,1,1,0,0,1,1,14,14
boundary,p23_s104_paper_uncentered,23,104,paper_uncentered,59,0.043478260869565216,23,65,23,65,23,1,1,0,0,1,1,14,14,1,3,1,3,1,0,0,0,0,0,0,4,
boundary,p23_s104_uncentered,23,104,uncentered,59,0.8695652173913043,23,93,23,93,23,20,20,0,0,20,20,14,14,1,4,1,4,1,1,1,0,0,1,1,12,12
boundary,p23_s105_bw15,23,105,bw15,59,0.0,23,53,22,53,22,0,0,0,0,0,0,7,,1,2,1,2,1,0,0,0,0,0,0,4,
boundary,p23_s105_bw20,23,105,bw20,59,0.0,23,52,22,52,22,0,0,0,0,0,0,8,,1,2,1,2,1,0,0,0,0,0,0,4,
boundary,p23_s105_bw30,23,105,bw30,59,0.0,23,59,22,59,22,0,0,0,0,0,0,8,,1,2,1,2,1,0,0,0,0,0,0,4,
boundary,p23_s105_eps001,23,105,eps001,59,0.0,23,56,22,56,22,0,0,0,0,0,0,9,,1,2,1,2,1,0,0,0,0,0,0,4,
boundary,p23_s105_eps03,23,105,eps03,59,0.0,23,72,22,72,22,20,10,10,10,10,10,9,9,1,4,1,4,1,2,1,1,1,1,1,8,8
boundary,p23_s105_paper,23,105,paper,59,0.0,23,56,22,56,22,0,0,0,0,0,0,7,,1,3,1,3,1,0,0,0,0,0,0,4,
boundary,p23_s105_paper_uncentered,23,105,paper_uncentered,59,0.0,23,51,22,51,22,0,0,0,0,0,0,9,,1,3,1,3,1,0,0,0,0,0,0,4,
boundary,p23_s105_uncentered,23,105,uncentered,59,0.0,23,52,21,52,21,0,0,0,0,0,0,11,,1,2,1,2,1,0,0,0,0,0,0,4,
boundary,p23_s106_bw15,23,106,bw15,59,1.0,23,70,23,70,23,23,23,0,0,23,23,10,10,1,2,1,2,1,1,1,0,0,1,1,9,9
boundary,p23_s106_bw20,23,106,bw20,59,1.0,23,71,23,71,23,23,23,0,0,23,23,9,9,1,2,1,2,1,1,1,0,0,1,1,9,9
boundary,p23_s106_bw30,23,106,bw30,59,1.0,23,76,23,76,23,23,23,0,0,23,23,9,9,1,3,1,3,1,1,1,0,0,1,1,8,8
boundary,p23_s106_eps001,23,106,eps001,59,1.0,23,75,23,75,23,23,23,0,0,23,23,10,10,1,3,1,3,1,1,1,0,0,1,1,10,10
boundary,p23_s106_eps03,23,106,eps03,59,1.0,23,65,23,65,23,23,23,0,0,23,23,7,7,1,3,1,3,1,1,1,0,0,1,1,7,7
boundary,p23_s106_paper,23,106,paper,59,1.0,23,63,23,63,23,23,23,0,0,23,23,11,11,1,2,1,2,1,1,1,0,0,1,1,10,10
boundary,p23_s106_paper_uncentered,23,106,paper_uncentered,59,1.0,23,70,23,70,23,23,23,0,0,23,23,11,11,1,2,1,2,1,1,1,0,0,1,1,11,11
boundary,p23_s106_uncentered,23,106,uncentered,59,1.0,23,96,23,96,23,23,23,0,0,23,23,10,10,1,3,1,3,1,1,1,0,0,1,1,10,10
boundary,p23_s107_bw15,23,107,bw15,59,1.0,23,65,23,65,23,23,23,0,0,23,23,10,10,1,4,1,4,1,1,1,0,0,1,1,10,10
boundary,p23_s107_bw20,23,107,bw20,59,1.0,23,68,23,68,23,23,23,0,0,23,23,9,9,1,3,1,3,1,1,1,0,0,1,1,9,9
boundary,p23_s107_bw30,23,107,bw30,59,1.0,23,76,23,76,23,23,23,0,0,23,23,9,9,1,3,1,3,1,1,1,0,0,1,1,9,9
boundary,p23_s107_eps001,23,107,eps001,59,1.0,23,77,23,77,23,23,23,0,0,23,23,11,11,1,4,1,4,1,1,1,0,0,1,1,10,10
boundary,p23_s107_eps03,23,107,eps03,59,1.0,23,64,23,64,23,23,23,0,0,23,23,7,7,1,3,1,3,1,1,1,0,0,1,1,7,7
boundary,p23_s107_paper,23,107,paper,59,1.0,23,63,23,63,23,23,23,0,0,23,23,12,12,1,4,1,4,1,1,1,0,0,1,1,11,11
boundary,p23_s107_paper_uncentered,23,107,paper_uncentered,59,0.9130434782608695,23,76,23,76,23,21,21,0,0,21,21,15,15,1,4,1,4,1,1,1,0,0,1,1,12,12
boundary,p23_s107_uncentered,23,107,uncentered,59,1.0,23,89,23,89,23,23,23,0,0,23,23,11,11,1,4,1,4,1,1,1,0,0,1,1,10,10
boundary,p23_s108_bw15,23,108,bw15,59,0.6521739130434783,23,60,23,60,23,15,15,0,0,15,15,12,12,1,2,1,2,1,1,1,0,0,1,1,10,10
boundary,p23_s108_bw20,23,108,bw20,59,1.0,23,71,23,71,23,23,23,0,0,23,23,11,11,1,2,1,2,1,1,1,0,0,1,1,9,9
boundary,p23_s108_bw30,23,108,bw30,59,1.0,23,86,23,86,23,23,23,0,0,23,23,9,9,1,4,1,4,1,1,1,0,0,1,1,9,9
boundary,p23_s108_eps001,23,108,eps001,59,1.0,23,74,23,74,23,23,23,0,0,23,23,11,11,1,2,1,2,1,1,1,0,0,1,1,11,11
boundary,p23_s108_eps03,23,108,eps03,59,1.0,23,65,23,65,23,23,23,0,0,23,23,6,6,1,2,1,2,1,1,1,0,0,1,1,6,6
boundary,p23_s108_paper,23,108,paper,59,0.13043478260869565,23,46,23,46,23,3,3,0,0,3,3,14,14,1,1,1,1,1,0,0,0,0,0,0,2,
boundary,p23_s108_paper_uncentered,23,108,paper_uncentered,59,0.0,23,48,23,48,23,0,0,0,0,0,0,9,,1,1,1,1,1,0,0,0,0,0,0,2,
boundary,p23_s108_uncentered,23,108,uncentered,59,0.17391304347826086,23,73,23,73,23,4,4,0,0,4,4,14,14,1,3,1,3,1,0,0,0,0,0,0,7,
boundary,p23_s109_bw15,23,109,bw15,59,1.0,23,59,23,59,23,23,23,0,0,23,23,9,9,1,2,1,2,1,1,1,0,0,1,1,9,9
boundary,p23_s109_bw20,23,109,bw20,59,1.0,23,61,23,61,23,23,23,0,0,23,23,8,8,1,2,1,2,1,1,1,0,0,1,1,8,8
boundary,p23_s109_bw30,23,109,bw30,59,1.0,23,69,23,69,23,23,23,0,0,23,23,8,8,1,2,1,2,1,1,1,0,0,1,1,8,8
boundary,p23_s109_eps001,23,109,eps001,59,1.0,23,63,23,63,23,23,23,0,0,23,23,10,10,1,2,1,2,1,1,1,0,0,1,1,10,10
boundary,p23_s109_eps03,23,109,eps03,59,1.0,23,57,23,57,23,23,23,0,0,23,23,7,7,1,2,1,2,1,1,1,0,0,1,1,6,6
boundary,p23_s109_paper,23,109,paper,59,1.0,23,59,23,59,23,23,23,0,0,23,23,10,10,1,2,1,2,1,1,1,0,0,1,1,10,10
boundary,p23_s109_paper_uncentered,23,109,paper_uncentered,59,1.0,23,67,23,67,23,23,23,0,0,23,23,11,11,1,2,1,2,1,1,1,0,0,1,1,10,10
boundary,p23_s109_uncentered,23,109,uncentered,59,1.0,23,66,23,66,23,23,23,0,0,23,23,10,10,1,3,1,3,1,1,1,0,0,1,1,9,9
