phase,name,p,seed,kind,epsilon,amount,formula,centering,eig_cutoff,ridge,bandwidth,iterations,device,dtype,timeout,iteration,acc,mse,mean_margin,min_margin,relative_residual,symmetry_defect,n_rows,elapsed_s
discovery,p17_none,17,0,none,0.0,,code,True,0.0,0.0,2.5,60,cuda,float64,600,59,0.0,0.05545865094396067,-1.6779800004539185e-08,-3.566865562631971e-08,3.635318954506335e-14,4.757232469050766e-09,60,0.8910410920000018
discovery,p17_s20_circ,17,20,circ,0.01,,code,True,0.0,0.0,2.5,60,cuda,float64,600,59,0.0,0.0526715216611645,-0.011755884999721095,-0.011755892419438127,3.5066170592721235e-14,0.35294488511946426,60,0.8623219950000021
discovery,p17_s20_cross,17,20,cross,0.01,,code,True,0.0,0.0,2.5,60,cuda,float64,600,59,0.0,0.055279248091546794,-0.0006774946347200207,-0.0009294953809174389,3.660874264407754e-14,0.08220390717255259,60,0.9282638059999968
discovery,p17_s20_diag,17,20,diag,0.01,,code,True,0.0,0.0,2.5,60,cuda,float64,600,59,0.058823529411764705,0.05545864986280118,-3.0426805926391046e-06,-7.540429487043476e-06,3.332695043613126e-14,0.006461391708504444,60,0.8951969680000005
discovery,p17_s20_residual,17,20,residual,0.01,,code,True,0.0,0.0,2.5,60,cuda,float64,600,59,0.058823529411764705,0.055460283383557796,-7.978749533052524e-05,-0.00017322665062981246,3.703843191510802e-14,0.012092723078590134,60,0.9150812150000007
discovery,p17_s21_circ,17,21,circ,0.01,,code,True,0.0,0.0,2.5,60,cuda,float64,600,59,1.0,0.0514913362719297,0.017753352258543128,0.01775334867489274,3.601817854461073e-14,0.3528649055659621,60,0.8916126709999972
discovery,p17_s21_cross,17,21,cross,0.01,,code,True,0.0,0.0,2.5,60,cuda,float64,600,59,1.0,0.05499645645307747,0.0017544617566154904,0.0011164114193774888,3.67065472850345e-14,0.11851870909336343,60,0.8970876939999997
discovery,p17_s21_diag,17,21,diag,0.01,,code,True,0.0,0.0,2.5,60,cuda,float64,600,59,0.058823529411764705,0.05545865047633781,-2.698058528639776e-06,-5.124822242477678e-06,3.6111374463911544e-14,0.005294546695240036,60,0.9422144779999968
discovery,p17_s21_residual,17,21,residual,0.01,,code,True,0.0,0.0,2.5,60,cuda,float64,600,59,0.058823529411764705,0.05546007602602152,-8.30431545127857e-05,-0.00015244927437121913,3.561947663554015e-14,0.011297873597330782,60,0.9175903670000025
discovery,p17_s22_circ,17,22,circ,0.01,,code,True,0.0,0.0,2.5,60,cuda,float64,600,59,1.0,0.05266952624100332,0.004418773675025488,0.0044187673171021125,3.4335089211142284e-14,0.36021835009038683,60,0.9638471450000026
discovery,p17_s22_cross,17,22,cross,0.01,,code,True,0.0,0.0,2.5,60,cuda,float64,600,59,0.47058823529411764,0.05527902469866004,3.0242396741475226e-05,-0.0003714599020203657,3.612676137083171e-14,0.09069212822362857,60,0.954495510000001
discovery,p17_s22_diag,17,22,diag,0.01,,code,True,0.0,0.0,2.5,60,cuda,float64,600,59,0.058823529411764705,0.05545865004635678,-3.154580073946703e-06,-6.465668577468331e-06,3.637606159274747e-14,0.006010458577348988,60,0.9610596650000076
discovery,p17_s22_residual,17,22,residual,0.01,,code,True,0.0,0.0,2.5,60,cuda,float64,600,59,0.0,0.05546111357005325,-9.02269628622332e-05,-0.00017554353679639922,3.403900643282285e-14,0.013063646601979817,60,1.044168974999991
discovery,p17_s23_circ,17,23,circ,0.01,,code,True,0.0,0.0,2.5,60,cuda,float64,600,59,0.0,0.054652097802127035,-0.013085227070577552,-0.0130852327955166,3.541392338211567e-14,0.3531764965913081,60,1.014113137999999
discovery,p17_s23_cross,17,23,cross,0.01,,code,True,0.0,0.0,2.5,60,cuda,float64,600,59,0.0,0.055384955496228384,-0.0011728487040037483,-0.0015541242306959385,3.845625422325143e-14,0.09940317187445798,60,0.947897741999995
discovery,p17_s23_diag,17,23,diag,0.01,,code,True,0.0,0.0,2.5,60,cuda,float64,600,59,0.058823529411764705,0.05545864958202251,-3.974625494699063e-06,-8.14548808875104e-06,3.409447667590747e-14,0.006814875568747783,60,0.9774666459999963
discovery,p17_s23_residual,17,23,residual,0.01,,code,True,0.0,0.0,2.5,60,cuda,float64,600,59,0.058823529411764705,0.055460554534684875,-7.58263034659087e-05,-0.00013720712661362267,3.508783275302297e-14,0.013052901702627122,60,1.0120945910000074
discovery,p17_s24_circ,17,24,circ,0.01,,code,True,0.0,0.0,2.5,60,cuda,float64,600,59,1.0,0.05080342487704242,0.01684637646921769,0.016846370613709846,3.5192245732728346e-14,0.36295020120949645,60,0.8990856869999959
discovery,p17_s24_cross,17,24,cross,0.01,,code,True,0.0,0.0,2.5,60,cuda,float64,600,59,1.0,0.05517776054483829,0.0007824414402733559,0.0005088339812836518,3.7656210926538585e-14,0.08750024056196931,60,0.9846198869999938
discovery,p17_s24_diag,17,24,diag,0.01,,code,True,0.0,0.0,2.5,60,cuda,float64,600,59,0.058823529411764705,0.0554586497597658,-2.274850506972678e-06,-4.35834397949364e-06,3.4443357673855125e-14,0.004330226859106568,60,0.9525514380000004
discovery,p17_s24_residual,17,24,residual,0.01,,code,True,0.0,0.0,2.5,60,cuda,float64,600,59,0.0,0.05546069545807224,-8.991305885130566e-05,-0.00022776049885712968,3.557653122668308e-14,0.013226978790500962,60,1.0149602439999938
discovery,p17_s30_cross,17,30,cross,0.01,,code,True,0.0,0.0,2.5,60,cuda,float64,600,59,0.058823529411764705,0.0554213970733482,-0.00013720349055284012,-0.0003445768407952937,3.586119768609691e-14,0.06019458030037126,60,2.014235873999999
discovery,p17_s31_cross,17,31,cross,0.01,,code,True,0.0,0.0,2.5,60,cuda,float64,600,59,0.1764705882352941,0.05523212917576481,-0.0001904794630678838,-0.0004009674090833665,3.432084554323807e-14,0.1200308605061182,60,1.0036302090000007
discovery,p17_s32_cross,17,32,cross,0.01,,code,True,0.0,0.0,2.5,60,cuda,float64,600,59,0.47058823529411764,0.05531448516723176,-8.422448069567729e-05,-0.0008785631052671133,3.9643605029292926e-14,0.10771651547089577,60,1.3134656500000013
discovery,p17_s33_cross,17,33,cross,0.01,,code,True,0.0,0.0,2.5,60,cuda,float64,600,59,1.0,0.05529459984350078,0.0005033087652468647,0.00013394209961190007,3.403294298827033e-14,0.07305605168480687,60,1.1544601869999997
discovery,p17_s34_cross,17,34,cross,0.01,,code,True,0.0,0.0,2.5,60,cuda,float64,600,59,0.0,0.05523451164862333,-0.0004155907508793301,-0.0006794338480283907,3.452062956322176e-14,0.08929205456370048,60,1.1627933440000007
discovery,p17_s35_cross,17,35,cross,0.01,,code,True,0.0,0.0,2.5,60,cuda,float64,600,59,1.0,0.0552082924586857,0.000693407644138475,0.0001592335763292707,3.572995836952609e-14,0.08855539777644751,60,1.0109852119999978
discovery,p17_s36_cross,17,36,cross,0.01,,code,True,0.0,0.0,2.5,60,cuda,float64,600,59,0.7647058823529411,0.05513522290227974,0.0001866974080067268,-0.00010556248217505337,3.674348553562382e-14,0.10750237700291126,60,1.3686225080000014
discovery,p17_s37_cross,17,37,cross,0.01,,code,True,0.0,0.0,2.5,60,cuda,float64,600,59,1.0,0.055228382752590253,0.0006351012097306453,0.0002470317868836225,3.280946868326754e-14,0.08437586824771466,60,1.4360369070000019
discovery,p17_s38_cross,17,38,cross,0.01,,code,True,0.0,0.0,2.5,60,cuda,float64,600,59,1.0,0.0552034204672947,0.0010169371545085731,0.000675754903713896,3.588394152550961e-14,0.09347684253455438,60,1.6026581059999998
discovery,p17_s39_cross,17,39,cross,0.01,,code,True,0.0,0.0,2.5,60,cuda,float64,600,59,1.0,0.0548101086709429,0.003154072503087188,0.0027673458625527003,3.670412176794563e-14,0.11832646064080049,60,1.8079771220000005
discovery,p17_s40_cross,17,40,cross,0.01,,code,True,0.0,0.0,2.5,60,cuda,float64,600,59,0.0,0.05541760635018416,-0.0005212547628372285,-0.0006966720735789994,3.636881300878889e-14,0.08098689195193821,60,1.3689041530000026
discovery,p17_s41_cross,17,41,cross,0.01,,code,True,0.0,0.0,2.5,60,cuda,float64,600,59,1.0,0.05489976284773971,0.0028269916305375307,0.00204516783327352,3.398207727560495e-14,0.12866587414869227,60,1.703386056000003
discovery,p17_s42_cross,17,42,cross,0.01,,code,True,0.0,0.0,2.5,60,cuda,float64,600,59,0.1764705882352941,0.05535689411568046,-0.00024224311887165336,-0.0005994682921485611,3.4748239918912576e-14,0.08705052186282493,60,1.8167576089999997
discovery,p17_s43_cross,17,43,cross,0.01,,code,True,0.0,0.0,2.5,60,cuda,float64,600,59,1.0,0.05512841052366182,0.0015015515435204383,0.0013034293184910895,3.469108632815692e-14,0.0938308089633846,60,1.5115298730000006
discovery,p17_s44_cross,17,44,cross,0.01,,code,True,0.0,0.0,2.5,60,cuda,float64,600,59,1.0,0.055161901797533,0.0010599628949558276,0.0005589496847077241,3.407444054847796e-14,0.08653953245580842,60,1.3231573489999988
discovery,p17_s45_cross,17,45,cross,0.01,,code,True,0.0,0.0,2.5,60,cuda,float64,600,59,0.8823529411764706,0.05524450489240768,0.0003387989882519023,-7.478948646331973e-05,3.586058739430618e-14,0.08627048640426754,60,1.187093307999998
discovery,p17_s46_cross,17,46,cross,0.01,,code,True,0.0,0.0,2.5,60,cuda,float64,600,59,0.47058823529411764,0.05520163161357213,3.7684569139182106e-05,-0.00045315410440009696,3.3861811282042874e-14,0.1301637166155809,60,1.0109371810000027
discovery,p17_s47_cross,17,47,cross,0.01,,code,True,0.0,0.0,2.5,60,cuda,float64,600,59,0.0,0.05541107321235866,-0.0006224312071713243,-0.0009215657861443016,3.775576989366997e-14,0.09228741776163604,60,0.8354127690000013
discovery,p17_s48_cross,17,48,cross,0.01,,code,True,0.0,0.0,2.5,60,cuda,float64,600,59,0.5882352941176471,0.05543011509449633,2.0026984296010496e-05,-0.00019921137207074002,3.6643992961428434e-14,0.03713933455096435,60,0.8805604229999986
discovery,p17_s49_cross,17,49,cross,0.01,,code,True,0.0,0.0,2.5,60,cuda,float64,600,59,1.0,0.0552564814131461,0.0007718010346152037,0.0002382853497573667,3.86830154611329e-14,0.1054970531337674,60,0.9151612510000007
discovery,p17_s50_cross,17,50,cross,0.01,,code,True,0.0,0.0,2.5,60,cuda,float64,600,59,1.0,0.05520123496724584,0.0008965228046736602,0.0005191563391637455,3.466614401872555e-14,0.1008921462561127,60,0.900465883999999
discovery,p17_s51_cross,17,51,cross,0.01,,code,True,0.0,0.0,2.5,60,cuda,float64,600,59,1.0,0.054508510480925795,0.0032240065539181667,0.002382984183532319,3.5504426438648434e-14,0.16148343323778697,60,0.9345505060000008
discovery,p17_s52_cross,17,52,cross,0.01,,code,True,0.0,0.0,2.5,60,cuda,float64,600,59,1.0,0.05514574932023212,0.0008190547175831682,0.00039124600366016726,3.6784372403516115e-14,0.09235002677223789,60,0.9108922859999993
discovery,p17_s53_cross,17,53,cross,0.01,,code,True,0.0,0.0,2.5,60,cuda,float64,600,59,1.0,0.055177523120154094,0.0013669293262303928,0.0006492752729319456,3.3509160115751947e-14,0.10244224327776363,60,1.001725368999999
discovery,p17_s54_cross,17,54,cross,0.01,,code,True,0.0,0.0,2.5,60,cuda,float64,600,59,1.0,0.05509403310001583,0.001643674309121961,0.0013259753001127195,3.4302313415386514e-14,0.09436573911491693,60,0.9002205009999997
discovery,p17_s55_cross,17,55,cross,0.01,,code,True,0.0,0.0,2.5,60,cuda,float64,600,59,1.0,0.05486256530339923,0.0019065348518211298,0.0014597821613671902,3.517733045326731e-14,0.12909151497740226,60,1.0015294379999986
discovery,p17_s56_cross,17,56,cross,0.01,,code,True,0.0,0.0,2.5,60,cuda,float64,600,59,0.0,0.055376030020539986,-0.0004740727045015251,-0.000826732912491232,3.750955964714767e-14,0.09756961948506339,60,0.9071351549999989
discovery,p17_s57_cross,17,57,cross,0.01,,code,True,0.0,0.0,2.5,60,cuda,float64,600,59,1.0,0.05508627289105894,0.0016954955520058661,0.0012229817803355442,3.712157020351089e-14,0.09774812669567409,60,0.9100895969999954
discovery,p17_s58_cross,17,58,cross,0.01,,code,True,0.0,0.0,2.5,60,cuda,float64,600,59,0.29411764705882354,0.05538963473888575,-0.00020010547222556446,-0.0006269374437145314,3.5741998791207483e-14,0.07723909597485552,60,0.9275311820000027
discovery,p17_s59_cross,17,59,cross,0.01,,code,True,0.0,0.0,2.5,60,cuda,float64,600,59,0.8235294117647058,0.055319783913008236,0.0002955161644240934,-9.336383835431561e-05,3.396326560907873e-14,0.08032375593729264,60,0.9493327140000005
discovery,p17_s60_cross,17,60,cross,0.01,,code,True,0.0,0.0,2.5,60,cuda,float64,600,59,0.0,0.055400337022274315,-0.00032670077343082267,-0.0005884526430408599,3.4474331722872804e-14,0.07433432412775966,60,0.9203199439999992
discovery,p17_s61_cross,17,61,cross,0.01,,code,True,0.0,0.0,2.5,60,cuda,float64,600,59,1.0,0.05485373273772597,0.0005027196918043029,0.00020548326410700646,3.5941733689242483e-14,0.11633578989594996,60,0.9719696829999975
discovery,p17_s62_cross,17,62,cross,0.01,,code,True,0.0,0.0,2.5,60,cuda,float64,600,59,0.11764705882352941,0.05538110094633666,-0.0003396430008557662,-0.0008446603382500362,3.6885155327442223e-14,0.10591549257631243,60,0.9208859480000058
discovery,p17_s63_cross,17,63,cross,0.01,,code,True,0.0,0.0,2.5,60,cuda,float64,600,59,0.8823529411764706,0.05529863825061176,0.00020800944165520833,-0.00027230621554551193,3.5880462821780064e-14,0.09921614097211698,60,0.9054890919999963
discovery,p17_s64_cross,17,64,cross,0.01,,code,True,0.0,0.0,2.5,60,cuda,float64,600,59,1.0,0.05523196222280938,0.0008188807911614311,0.0005008160863056998,3.2074767632923705e-14,0.07709142160527942,60,0.9579773690000053
discovery,p17_s65_cross,17,65,cross,0.01,,code,True,0.0,0.0,2.5,60,cuda,float64,600,59,1.0,0.055218280441489846,0.00047310792448798,0.00012511016731747704,3.7219111194379985e-14,0.08756048526556365,60,0.9190824370000001
discovery,p17_s66_cross,17,66,cross,0.01,,code,True,0.0,0.0,2.5,60,cuda,float64,600,59,0.7058823529411764,0.055347578526918205,0.0001308299584935825,-0.00017273449252344641,3.604760904834817e-14,0.08652867338146815,60,0.9853848329999977
discovery,p17_s67_cross,17,67,cross,0.01,,code,True,0.0,0.0,2.5,60,cuda,float64,600,59,1.0,0.055335767796399316,0.00022485045608429806,8.962439149690082e-06,3.5078953308887934e-14,0.05275958105627004,60,0.9087359369999959
discovery,p17_s68_cross,17,68,cross,0.01,,code,True,0.0,0.0,2.5,60,cuda,float64,600,59,1.0,0.055152279254809304,0.0012636850269202198,0.0007316832305790388,3.5748108804421955e-14,0.10261790658780905,60,0.8943114950000037
discovery,p17_s69_cross,17,69,cross,0.01,,code,True,0.0,0.0,2.5,60,cuda,float64,600,59,1.0,0.05499055860870297,0.0024657334007007286,0.0018134879647976193,3.4649348150552785e-14,0.12286655781190382,60,0.9288018040000026
discovery,p29_none,29,0,none,0.0,,code,True,0.0,0.0,2.5,60,cuda,float64,600,59,0.0,0.03332745329345187,-1.2267682134504725e-08,-2.5641023526645768e-08,3.3888942267186286e-13,6.475151816237492e-09,60,1.923433750000001
discovery,p29_s20_circ,29,20,circ,0.01,,code,True,0.0,0.0,2.5,60,cuda,float64,600,59,1.0,0.027876847184662896,0.05237136710869893,0.052371300292495704,3.675016937984767e-13,0.5718301686126464,60,1.8908375040000038
discovery,p29_s20_cross,29,20,cross,0.01,,code,True,0.0,0.0,2.5,60,cuda,float64,600,59,1.0,0.03286236607879693,0.0032394911339841325,0.0027057896365469958,3.400954946473837e-13,0.16131525560448884,60,1.9762691229999945
discovery,p29_s20_diag,29,20,diag,0.01,,code,True,0.0,0.0,2.5,60,cuda,float64,600,59,0.034482758620689655,0.033327453211647075,-2.9140775250471394e-06,-5.744666861318137e-06,3.372129525221403e-13,0.005914878825589861,60,2.004611949000008
discovery,p29_s20_residual,29,20,residual,0.01,,code,True,0.0,0.0,2.5,60,cuda,float64,600,59,0.0,0.03332790077378339,-3.891776419597891e-05,-7.496866231981869e-05,3.357642299558273e-13,0.010919790373763,60,1.928134036000003
discovery,p29_s21_circ,29,21,circ,0.01,,code,True,0.0,0.0,2.5,60,cuda,float64,600,59,1.0,0.027098796236206986,0.04533300945154759,0.04533295878345811,3.6573942524952075e-13,0.5738799749442867,60,1.8764417760000072
discovery,p29_s21_cross,29,21,cross,0.01,,code,True,0.0,0.0,2.5,60,cuda,float64,600,59,1.0,0.03294082710302177,0.002093483539887452,0.001788493780432887,3.404446148666826e-13,0.13418656709351198,60,1.9174774370000023
discovery,p29_s21_diag,29,21,diag,0.01,,code,True,0.0,0.0,2.5,60,cuda,float64,600,59,0.034482758620689655,0.033327453122176595,-2.3002354362290405e-06,-4.697686437182824e-06,3.3423044778124804e-13,0.005519024112709859,60,1.983792833999999
discovery,p29_s21_residual,29,21,residual,0.01,,code,True,0.0,0.0,2.5,60,cuda,float64,600,59,0.0,0.033328136033253394,-4.715437218487432e-05,-7.484939938429136e-05,3.3509031388794567e-13,0.01042139214935422,60,1.900754784
discovery,p29_s22_circ,29,22,circ,0.01,,code,True,0.0,0.0,2.5,60,cuda,float64,600,59,1.0,0.027295167121712486,0.047170442310567356,0.04717040098314751,3.6815369849538544e-13,0.5625634715457446,60,1.8461309220000004
discovery,p29_s22_cross,29,22,cross,0.01,,code,True,0.0,0.0,2.5,60,cuda,float64,600,59,1.0,0.03310893191527652,0.001139921348916403,0.0009260042709957617,3.373843992315279e-13,0.101475214347839,60,2.002564890000002
discovery,p29_s22_diag,29,22,diag,0.01,,code,True,0.0,0.0,2.5,60,cuda,float64,600,59,0.034482758620689655,0.03332745300491257,-2.5326702021500163e-06,-5.073976707237193e-06,3.365575789857806e-13,0.005147414830905738,60,1.9292237880000016
discovery,p29_s22_residual,29,22,residual,0.01,,code,True,0.0,0.0,2.5,60,cuda,float64,600,59,0.034482758620689655,0.03332816126838489,-4.5999330853574055e-05,-9.906245790425316e-05,3.3648840863402525e-13,0.010710783283820278,60,1.8983266199999917
discovery,p29_s23_circ,29,23,circ,0.01,,code,True,0.0,0.0,2.5,60,cuda,float64,600,59,1.0,0.026254237189917876,0.07967109583366094,0.07967104366280608,3.656506182777854e-13,0.5923058711942363,60,1.851118647000007
discovery,p29_s23_cross,29,23,cross,0.01,,code,True,0.0,0.0,2.5,60,cuda,float64,600,59,1.0,0.0330771406077944,0.002148054872769968,0.0017474799088237347,3.368954189814156e-13,0.10545274832049194,60,1.9799215059999966
discovery,p29_s23_diag,29,23,diag,0.01,,code,True,0.0,0.0,2.5,60,cuda,float64,600,59,0.034482758620689655,0.03332745308350929,-1.4835201584425795e-06,-2.6689452887751486e-06,3.3700104469708603e-13,0.004199596609105489,60,1.7648041779999915
discovery,p29_s23_residual,29,23,residual,0.01,,code,True,0.0,0.0,2.5,60,cuda,float64,600,59,0.0,0.03332831971964547,-5.6710047954745586e-05,-8.668808427003682e-05,3.365667226793779e-13,0.010686923518745249,60,1.8653721539999992
discovery,p29_s24_circ,29,24,circ,0.01,,code,True,0.0,0.0,2.5,60,cuda,float64,600,59,1.0,0.029809935653753915,0.02296099696631264,0.022960932717188243,3.708485773524342e-13,0.5934910186897914,60,1.7187933220000104
discovery,p29_s24_cross,29,24,cross,0.01,,code,True,0.0,0.0,2.5,60,cuda,float64,600,59,1.0,0.03314625081827683,0.0009128746316229516,0.0005941206374764363,3.364369393537237e-13,0.13097885154570277,60,1.8358439229999988
discovery,p29_s24_diag,29,24,diag,0.01,,code,True,0.0,0.0,2.5,60,cuda,float64,600,59,0.034482758620689655,0.03332745291340045,-2.8233357475375084e-06,-4.801668559650807e-06,3.3646973320074647e-13,0.005593859581610147,60,1.9230705810000046
discovery,p29_s24_residual,29,24,residual,0.01,,code,True,0.0,0.0,2.5,60,cuda,float64,600,59,0.034482758620689655,0.03332803430332579,-4.82230209429873e-05,-9.801322924829492e-05,3.3578850598715354e-13,0.009892180509368976,60,2.0717018959999933
probe,p17_s20_circ_matched_probe,17,20,circ,0.0021031983322268174,,code,True,0.0,0.0,2.5,6,cuda,float64,600,5,0.0,0.06768108673714199,-0.10627226669112645,-0.10627226669115218,4.644794867387673e-14,0.06738063794349292,6,0.10931274899999721
probe,p17_s21_circ_matched_probe,17,21,circ,0.0030698841024155814,,code,True,0.0,0.0,2.5,6,cuda,float64,600,5,0.0,0.06736514884751166,-0.10426319604480451,-0.10426319604483761,4.971555752107863e-14,0.09806062452294638,6,0.10828695699999713
probe,p17_s22_circ_matched_probe,17,22,circ,0.0023201779557744883,,code,True,0.0,0.0,2.5,6,cuda,float64,600,5,0.0,0.06763189961490837,-0.10562843752071875,-0.1056284375207508,5.124555787368395e-14,0.07435466796716318,6,0.17432613999999802
probe,p17_s23_circ_matched_probe,17,23,circ,0.002551591780433671,,code,True,0.0,0.0,2.5,6,cuda,float64,600,5,0.0,0.06759768136422963,-0.10536259687918005,-0.10536259687920707,4.823255805990072e-14,0.08174896033904382,6,0.10369817600000175
probe,p17_s24_circ_matched_probe,17,24,circ,0.002236946781016651,,code,True,0.0,0.0,2.5,6,cuda,float64,600,5,0.0,0.06762915076168263,-0.10552393933943134,-0.10552393933948165,5.2989436180776385e-14,0.07164784668615759,6,0.111244911
probe,p17_s30_circ_matched_probe,17,30,circ,0.001522794371341578,,code,True,0.0,0.0,2.5,6,cuda,float64,600,5,0.0,0.06782023914881448,-0.10666428134113567,-0.10666428134115463,4.642505079994629e-14,0.04890171743348052,6,0.7433764379999985
probe,p17_s31_circ_matched_probe,17,31,circ,0.0030886401124434106,,code,True,0.0,0.0,2.5,6,cuda,float64,600,5,0.0,0.06740943013459864,-0.10418772392704975,-0.10418772392709064,4.9128801831656454e-14,0.09889134217580714,6,0.09020405799999764
probe,p17_s32_circ_matched_probe,17,32,circ,0.0027664690022901955,,code,True,0.0,0.0,2.5,6,cuda,float64,600,5,0.0,0.06752312856846517,-0.10469364141369665,-0.10469364141372067,4.714968003263058e-14,0.08867077497472707,6,0.09555826700000125
probe,p17_s33_circ_matched_probe,17,33,circ,0.0018573952921848871,,code,True,0.0,0.0,2.5,6,cuda,float64,600,5,0.0,0.0677342916955992,-0.10619160648476908,-0.10619160648479262,4.765232235861472e-14,0.05955819278114279,6,0.09702871200000374
probe,p17_s34_circ_matched_probe,17,34,circ,0.002288262450512815,,code,True,0.0,0.0,2.5,6,cuda,float64,600,5,0.0,0.06762957974363028,-0.10578451144509582,-0.10578451144514554,4.886242062021764e-14,0.07328239791832365,6,0.11836314299999628
probe,p17_s35_circ_matched_probe,17,35,circ,0.002267410517576523,,code,True,0.0,0.0,2.5,6,cuda,float64,600,5,0.0,0.06762893968310824,-0.10540484895824077,-0.10540484895827146,4.8759612196311917e-14,0.07261958422416948,6,0.11748235999999679
probe,p17_s36_circ_matched_probe,17,36,circ,0.0027811457837506365,,code,True,0.0,0.0,2.5,6,cuda,float64,600,5,0.0,0.06748187187557862,-0.10480535219777076,-0.1048053521977983,5.1819662554549524e-14,0.08880095302097633,6,0.11591613299999892
probe,p17_s37_circ_matched_probe,17,37,circ,0.002163962161061146,,code,True,0.0,0.0,2.5,6,cuda,float64,600,5,0.0,0.06765711814220593,-0.10573291444569193,-0.10573291444572067,4.920585504327519e-14,0.06926222489879884,6,0.11248384200000316
probe,p17_s38_circ_matched_probe,17,38,circ,0.0023970938065661007,,code,True,0.0,0.0,2.5,6,cuda,float64,600,5,0.0,0.06759663778235112,-0.10514918269753408,-0.10514918269757857,4.7875449278983643e-14,0.07678187086833758,6,0.10865822400000269
probe,p17_s39_circ_matched_probe,17,39,circ,0.003047238829439699,,code,True,0.0,0.0,2.5,6,cuda,float64,600,5,0.0,0.0673299018590393,-0.10363425038748089,-0.10363425038750873,4.62148356809126e-14,0.09747702924988888,6,0.10861411599999826
probe,p17_s40_circ_matched_probe,17,40,circ,0.0020701291903966086,,code,True,0.0,0.0,2.5,6,cuda,float64,600,5,0.0,0.06771848527957325,-0.10605928142308836,-0.10605928142312115,5.182740947863529e-14,0.06640879173729096,6,0.1213388170000016
probe,p17_s41_circ_matched_probe,17,41,circ,0.003318363391979353,,code,True,0.0,0.0,2.5,6,cuda,float64,600,5,0.0,0.06726181489994851,-0.10281014804403096,-0.10281014804406363,4.7265084814032225e-14,0.10613165931403175,6,0.1050446770000022
probe,p17_s42_circ_matched_probe,17,42,circ,0.002223256450510762,,code,True,0.0,0.0,2.5,6,cuda,float64,600,5,0.0,0.06767114188983671,-0.1057911808575715,-0.10579118085760998,4.532069691920694e-14,0.07130985177375773,6,0.12357013700000152
probe,p17_s43_circ_matched_probe,17,43,circ,0.00240175545847499,,code,True,0.0,0.0,2.5,6,cuda,float64,600,5,0.0,0.0675789969011963,-0.10494900287667065,-0.10494900287671664,5.330907250286976e-14,0.0769171737785755,6,0.09969286700000168
probe,p17_s44_circ_matched_probe,17,44,circ,0.002208314297728805,,code,True,0.0,0.0,2.5,6,cuda,float64,600,5,0.0,0.06763201159070793,-0.10546256512177388,-0.10546256512179183,4.6902891324935825e-14,0.0707384853423876,6,0.10468837299999478
probe,p17_s45_circ_matched_probe,17,45,circ,0.0022046595835134982,,code,True,0.0,0.0,2.5,6,cuda,float64,600,5,0.0,0.06765092393690605,-0.10549309264181708,-0.10549309264186141,4.740455744650519e-14,0.07064225290907586,6,0.10742049099999917
probe,p17_s46_circ_matched_probe,17,46,circ,0.0033582990363373263,,code,True,0.0,0.0,2.5,6,cuda,float64,600,5,0.0,0.06731388498360238,-0.10316128652639078,-0.10316128652641215,5.11648433884695e-14,0.10750004212112978,6,0.10561597600000283
probe,p17_s47_circ_matched_probe,17,47,circ,0.002361215333231146,,code,True,0.0,0.0,2.5,6,cuda,float64,600,5,0.0,0.06765033410887411,-0.10543701674181169,-0.10543701674184788,5.107056322127592e-14,0.07577692572653254,6,0.10412889599999886
probe,p17_s48_circ_matched_probe,17,48,circ,0.0008982629498998978,,code,True,0.0,0.0,2.5,6,cuda,float64,600,5,0.0,0.0679000755238947,-0.10719342666588125,-0.1071934266658996,4.859116955625703e-14,0.0288407108456616,6,0.11768459700000022
probe,p17_s49_circ_matched_probe,17,49,circ,0.002706931984468287,,code,True,0.0,0.0,2.5,6,cuda,float64,600,5,0.0,0.06752712701425861,-0.1046235255889752,-0.10462352558902285,5.455408689595159e-14,0.08674857139160852,6,0.09903237199999637
probe,p17_s50_circ_matched_probe,17,50,circ,0.0025900539615403466,,code,True,0.0,0.0,2.5,6,cuda,float64,600,5,0.0,0.06754712403824893,-0.10510080708550967,-0.10510080708552953,4.7577596769932776e-14,0.08294270001384843,6,0.08929717500000578
probe,p17_s51_circ_matched_probe,17,51,circ,0.004221828478207799,,code,True,0.0,0.0,2.5,6,cuda,float64,600,5,0.0,0.06683612120067985,-0.1005972792224827,-0.1005972792225355,5.785512076469874e-14,0.1343591837461065,6,0.10772644200000059
probe,p17_s52_circ_matched_probe,17,52,circ,0.0023684968513288146,,code,True,0.0,0.0,2.5,6,cuda,float64,600,5,0.0,0.06759111635024884,-0.10512683995048927,-0.10512683995052044,4.8958440362854386e-14,0.07584015857046617,6,0.11042728000000324
probe,p17_s53_circ_matched_probe,17,53,circ,0.002634074670003187,,code,True,0.0,0.0,2.5,6,cuda,float64,600,5,0.0,0.06753061393264617,-0.10498773349181674,-0.10498773349184135,4.648759408845785e-14,0.08432810036803416,6,0.10592593100000158
probe,p17_s54_circ_matched_probe,17,54,circ,0.0024318109527208813,,code,True,0.0,0.0,2.5,6,cuda,float64,600,5,0.0,0.06756486591904906,-0.10509925118620828,-0.10509925118624718,5.1829073971793276e-14,0.0777636343284086,6,0.10010349199999524
probe,p17_s55_circ_matched_probe,17,55,circ,0.00335509380448278,,code,True,0.0,0.0,2.5,6,cuda,float64,600,5,0.0,0.06724357782236069,-0.10285549254739779,-0.10285549254742303,4.882360163877453e-14,0.10699304324074119,6,0.12460483299999936
probe,p17_s56_circ_matched_probe,17,56,circ,0.0024954758618095773,,code,True,0.0,0.0,2.5,6,cuda,float64,600,5,0.0,0.06760923485342861,-0.10527166558125355,-0.10527166558129462,5.238032374945788e-14,0.08003961662149475,6,0.10899809500000401
probe,p17_s57_circ_matched_probe,17,57,circ,0.0025116620060447736,,code,True,0.0,0.0,2.5,6,cuda,float64,600,5,0.0,0.06754253630440916,-0.10468524408113403,-0.10468524408117622,5.511801247145982e-14,0.08040820426960502,6,0.1102328770000014
probe,p17_s58_circ_matched_probe,17,58,circ,0.001967527660719281,,code,True,0.0,0.0,2.5,6,cuda,float64,600,5,0.0,0.06773346247324101,-0.10597535078271787,-0.10597535078274811,5.007453053600181e-14,0.06313528299396533,6,0.1035124209999978
probe,p17_s59_circ_matched_probe,17,59,circ,0.002051349074543537,,code,True,0.0,0.0,2.5,6,cuda,float64,600,5,0.0,0.06770124008526562,-0.10606566035998792,-0.10606566036003498,5.220459842407343e-14,0.0657260869954371,6,0.10042755700000328
probe,p17_s60_circ_matched_probe,17,60,circ,0.0018873301183659264,,code,True,0.0,0.0,2.5,6,cuda,float64,600,5,0.0,0.06775138232469646,-0.10629922114023613,-0.10629922114025989,5.258247937385329e-14,0.060595129154163825,6,0.1120219459999987
probe,p17_s61_circ_matched_probe,17,61,circ,0.003008719424532598,,code,True,0.0,0.0,2.5,6,cuda,float64,600,5,0.0,0.0673519426799447,-0.10424522762632144,-0.10424522762634547,4.9668132581125234e-14,0.09610878345459864,6,0.12326815299999794
probe,p17_s62_circ_matched_probe,17,62,circ,0.002712945862408442,,code,True,0.0,0.0,2.5,6,cuda,float64,600,5,0.0,0.06755241732564277,-0.10499288840781741,-0.10499288840785653,5.173884227325259e-14,0.08701345384351998,6,0.1200644960000048
probe,p17_s63_circ_matched_probe,17,63,circ,0.002540050375360711,,code,True,0.0,0.0,2.5,6,cuda,float64,600,5,0.0,0.06758102028679311,-0.10538787115949223,-0.10538787115952608,4.87180772768093e-14,0.08143856010182923,6,0.11386239600000181
probe,p17_s64_circ_matched_probe,17,64,circ,0.001962133365979053,,code,True,0.0,0.0,2.5,6,cuda,float64,600,5,0.0,0.06770034865016551,-0.10602898845826934,-0.10602898845829845,4.661315623671269e-14,0.06284717060351137,6,0.09711531800000017
probe,p17_s65_circ_matched_probe,17,65,circ,0.0022401930740337758,,code,True,0.0,0.0,2.5,6,cuda,float64,600,5,0.0,0.06763721070886228,-0.10577645769935952,-0.10577645769938104,4.6523353275530903e-14,0.07177155471182145,6,0.10114495299999504
probe,p17_s66_circ_matched_probe,17,66,circ,0.002202866416893039,,code,True,0.0,0.0,2.5,6,cuda,float64,600,5,0.0,0.06767360201481298,-0.10574725985640025,-0.10574725985643263,5.390022576237147e-14,0.07069104456158445,6,0.08941293600000222
probe,p17_s67_circ_matched_probe,17,67,circ,0.001325230092944466,,code,True,0.0,0.0,2.5,6,cuda,float64,600,5,0.0,0.06783068262263008,-0.10681593230804494,-0.10681593230808692,5.509891959022635e-14,0.04245332301315664,6,0.11286261699999756
probe,p17_s68_circ_matched_probe,17,68,circ,0.0026288060351099462,,code,True,0.0,0.0,2.5,6,cuda,float64,600,5,0.0,0.06752525744536986,-0.10443245703968798,-0.10443245703971585,4.6598867254639365e-14,0.0842369934382482,6,0.10433951999999636
probe,p17_s69_circ_matched_probe,17,69,circ,0.0031670409276340103,,code,True,0.0,0.0,2.5,6,cuda,float64,600,5,0.0,0.06733179068883807,-0.10347345178919838,-0.10347345178923228,4.836117159604533e-14,0.10134827701623417,6,0.10686082699999844
probe,p29_s20_circ_matched_probe,29,20,circ,0.0023155105594399156,,code,True,0.0,0.0,2.5,6,cuda,float64,600,5,0.0,0.037886880585800295,-0.06780838411603402,-0.06780838411615941,5.663797718613013e-13,0.09743846845183854,6,0.2158176199999957
probe,p29_s21_circ_matched_probe,29,21,circ,0.0019184084152035334,,code,True,0.0,0.0,2.5,6,cuda,float64,600,5,0.0,0.037952771718561935,-0.06811551876159215,-0.06811551876170086,5.655720443999898e-13,0.08079106936229553,6,0.17355923000000217
probe,p29_s22_circ_matched_probe,29,22,circ,0.0014401377453219493,,code,True,0.0,0.0,2.5,6,cuda,float64,600,5,0.0,0.038020802228133324,-0.06906346300664848,-0.06906346300677058,5.660577256842787e-13,0.06071504363868752,6,0.19919947900000068
probe,p29_s23_circ_matched_probe,29,23,circ,0.001495231652718235,,code,True,0.0,0.0,2.5,6,cuda,float64,600,5,0.0,0.03801310017936806,-0.06883595813214548,-0.0688359581322473,5.643699498534765e-13,0.06304687785779944,6,0.17326624500000065
probe,p29_s24_circ_matched_probe,29,24,circ,0.001864595504048063,,code,True,0.0,0.0,2.5,6,cuda,float64,600,5,0.0,0.03797078237507963,-0.06828060101999982,-0.06828060102009914,5.588365554098511e-13,0.07860173663242656,6,0.18197602499999732
operator,p17_difference1_2,17,1,mode_difference,0.002,2,code,True,0.0,0.0,2.5,60,cuda,float64,600,59,1.0,0.05518676471307498,0.0001809688869415744,0.0001809628372701627,4.178303518702802e-14,0.07718091885753578,60,1.1808961840000052
operator,p17_difference1_3,17,1,mode_difference,0.002,3,code,True,0.0,0.0,2.5,60,cuda,float64,600,59,1.0,0.0552882199038952,0.00027608954630060505,0.00027607476120332375,3.572262877276935e-14,0.07728492734124208,60,1.0263521489999903
operator,p17_difference2_3,17,2,mode_difference,0.002,3,code,True,0.0,0.0,2.5,60,cuda,float64,600,59,1.0,0.05528836693891879,0.000478124499515383,0.00047810063141279224,3.610857228306416e-14,0.07728898706083398,60,1.1880152790000125
operator,p17_mode1,17,1,mode,0.002,,code,True,0.0,0.0,2.5,60,cuda,float64,600,59,0.0,0.055290516551557506,-0.00012185148162083516,-0.00012186451837105372,3.422994940317726e-14,0.0768247262559134,60,1.0346860809999985
operator,p17_mode1_half,17,1,mode,0.001,,code,True,0.0,0.0,2.5,60,cuda,float64,600,59,0.0,0.05541578593909469,-3.0919756819416944e-05,-3.092732563129974e-05,3.8285329472420235e-14,0.038757500470012224,60,1.0316889590000073
operator,p17_mode2,17,2,mode,0.002,,code,True,0.0,0.0,2.5,60,cuda,float64,600,59,0.0,0.05529051685676605,-0.00012185442453593957,-0.0001218661622872097,3.656602649860903e-14,0.07682472638606754,60,1.0318372490000023
operator,p17_mode3,17,3,mode,0.002,,code,True,0.0,0.0,2.5,60,cuda,float64,600,59,0.0,0.055290516694437124,-0.00012185367654004558,-0.00012186626048135696,3.6135864957235564e-14,0.07682472595279541,60,1.1674190089999996
operator,p17_mode4,17,4,mode,0.002,,code,True,0.0,0.0,2.5,60,cuda,float64,600,59,0.0,0.05529051717267535,-0.00012185666149320604,-0.00012187910755991072,3.533779404709533e-14,0.07682472577734797,60,0.8023244849999998
operator,p17_mode5,17,5,mode,0.002,,code,True,0.0,0.0,2.5,60,cuda,float64,600,59,0.0,0.05529051636655082,-0.00012184952733988648,-0.00012186403140933277,3.44096068492874e-14,0.07682472643306934,60,0.9051179479999973
operator,p17_mode6,17,6,mode,0.002,,code,True,0.0,0.0,2.5,60,cuda,float64,600,59,0.0,0.055290516675251936,-0.00012185273876171593,-0.00012186379479979526,3.4747223189650554e-14,0.07682472611698973,60,0.9201367379999965
operator,p17_mode7,17,7,mode,0.002,,code,True,0.0,0.0,2.5,60,cuda,float64,600,59,0.0,0.055290516232962106,-0.00012184782793566374,-0.00012185533115839642,3.4929165954646526e-14,0.07682472639314071,60,0.7913865430000016
operator,p17_mode8,17,8,mode,0.002,,code,True,0.0,0.0,2.5,60,cuda,float64,600,59,0.0,0.05529051656943997,-0.00012185121098139456,-0.00012186393864570266,3.77659891682414e-14,0.07682472593880893,60,0.8232029729999937
operator,p17_none,17,0,none,0.0,,code,True,0.0,0.0,2.5,60,cuda,float64,600,59,0.0,0.05545865094396067,-1.6779800004539185e-08,-3.566865562631971e-08,3.635318954506335e-14,4.757232469050766e-09,60,1.6137063829999994
operator,p17_pair1_2,17,1,mode_pair,0.002,2,code,True,0.0,0.0,2.5,60,cuda,float64,600,59,0.0,0.05539074970002265,-0.00036403443578266403,-0.00036404968807216,3.7416458780674e-14,0.07738540007244027,60,0.8659121880000011
operator,p17_pair1_3,17,1,mode_pair,0.002,3,code,True,0.0,0.0,2.5,60,cuda,float64,600,59,1.0,0.05528851804485287,0.00023884053688131142,0.00023881396559780055,3.708474772459162e-14,0.07729260975540767,60,1.0084303959999996
operator,p17_pair1_4,17,1,mode_pair,0.002,4,code,True,0.0,0.0,2.5,60,cuda,float64,600,59,1.0,0.055288385672663226,0.000590924361822643,0.0005909052584126412,3.48640646903324e-14,0.07728901012355542,60,1.0903119610000012
operator,p17_pair1_5,17,1,mode_pair,0.002,5,code,True,0.0,0.0,2.5,60,cuda,float64,600,59,1.0,0.05528836704938259,0.000478123029527931,0.0004781024111534943,3.6861441293088256e-14,0.07728898771829457,60,0.9677672360000003
operator,p17_pair1_6,17,1,mode_pair,0.002,6,code,True,0.0,0.0,2.5,60,cuda,float64,600,59,1.0,0.05528851743749458,0.00023884625743819256,0.00023882984378288674,4.078808205874102e-14,0.07729261041187488,60,0.958894914
operator,p17_pair1_7,17,1,mode_pair,0.002,7,code,True,0.0,0.0,2.5,60,cuda,float64,600,59,1.0,0.055288366513362976,0.00047812845694042265,0.0004781163714044079,3.333966222650257e-14,0.07728898770044282,60,1.2425417559999996
operator,p17_pair1_8,17,1,mode_pair,0.002,8,code,True,0.0,0.0,2.5,60,cuda,float64,600,59,1.0,0.055186765411928095,0.0001809630382900277,0.00018094710394493674,3.7917642387923814e-14,0.077180918609974,60,1.1969977979999982
operator,p17_pair2_3,17,2,mode_pair,0.002,3,code,True,0.0,0.0,2.5,60,cuda,float64,600,59,1.0,0.055288377629960604,0.0005503781820877093,0.0005503586257563364,3.8491503513426084e-14,0.07728896982697353,60,1.0072682550000032
operator,p17_pair2_4,17,2,mode_pair,0.002,4,code,True,0.0,0.0,2.5,60,cuda,float64,600,59,0.0,0.05539075007576266,-0.0003640391158076027,-0.00036405292896524166,3.471721357472647e-14,0.07738539998087152,60,0.9835633630000018
operator,p17_pair2_5,17,2,mode_pair,0.002,5,code,True,0.0,0.0,2.5,60,cuda,float64,600,59,1.0,0.055288219683063265,0.00027609117701445004,0.000276071754400975,3.491819260052613e-14,0.07728492707878047,60,0.9707843900000022
operator,p17_pair2_6,17,2,mode_pair,0.002,6,code,True,0.0,0.0,2.5,60,cuda,float64,600,59,1.0,0.05528851651660177,0.00023885572969387173,0.00023884771511836766,3.457168490353232e-14,0.07729261007170775,60,0.9813088470000011
operator,p17_pair2_7,17,2,mode_pair,0.002,7,code,True,0.0,0.0,2.5,60,cuda,float64,600,59,1.0,0.055288377433124467,0.0005503819474763336,0.000550364856193794,3.3350821691316514e-14,0.07728897001754367,60,0.9968813019999985
operator,p17_pair2_8,17,2,mode_pair,0.002,8,code,True,0.0,0.0,2.5,60,cuda,float64,600,59,1.0,0.05528838568271489,0.0005909239748076093,0.0005909005567640013,3.2131453732096823e-14,0.0772890104252221,60,0.9975452940000018
operator,p17_pair3_4,17,3,mode_pair,0.002,4,code,True,0.0,0.0,2.5,60,cuda,float64,600,59,1.0,0.055288367233953445,0.0004781214243539936,0.0004781067661747823,3.668381116263066e-14,0.07728898763194784,60,1.6941624200000014
operator,p17_pair3_5,17,3,mode_pair,0.002,5,code,True,0.0,0.0,2.5,60,cuda,float64,600,59,1.0,0.0552883859207517,0.0005909211005746246,0.0005909057089963227,3.723036845795265e-14,0.07728900976935064,60,0.8702114739999978
operator,p17_pair3_6,17,3,mode_pair,0.002,6,code,True,0.0,0.0,2.5,60,cuda,float64,600,59,0.0,0.05539074945881954,-0.00036403294719358607,-0.0003640483589318205,3.3589293081614905e-14,0.07738540042936592,60,0.8311113359999993
operator,p17_pair3_7,17,3,mode_pair,0.002,7,code,True,0.0,0.0,2.5,60,cuda,float64,600,59,1.0,0.05518676518350848,0.00018096308718755668,0.00018094939403551225,3.2781564532427294e-14,0.07718091884613129,60,0.8932621569999988
operator,p17_pair3_8,17,3,mode_pair,0.002,8,code,True,0.0,0.0,2.5,60,cuda,float64,600,59,1.0,0.05528821941746887,0.0002760939628667415,0.00027608384127734975,3.3448205866480994e-14,0.07728492732079459,60,0.9133803409999999
operator,p17_pair4_5,17,4,mode_pair,0.002,5,code,True,0.0,0.0,2.5,60,cuda,float64,600,59,1.0,0.0552882199379577,0.00027608840941305686,0.00027606767539499477,3.829938574317986e-14,0.07728492677868097,60,0.8376533550000005
operator,p17_pair4_6,17,4,mode_pair,0.002,6,code,True,0.0,0.0,2.5,60,cuda,float64,600,59,1.0,0.05528837706649914,0.0005503833686841322,0.0005503679343793061,3.4394468655437266e-14,0.07728897011724033,60,0.8354764070000016
operator,p17_pair4_7,17,4,mode_pair,0.002,7,code,True,0.0,0.0,2.5,60,cuda,float64,600,59,1.0,0.055288516698416265,0.0002388533629595877,0.00023883558959206241,3.7034733161752206e-14,0.0772926106477041,60,0.8521084910000027
operator,p17_pair4_8,17,4,mode_pair,0.002,8,code,True,0.0,0.0,2.5,60,cuda,float64,600,59,0.0,0.055390750213812484,-0.00036403947485929634,-0.00036406105461361804,3.489481211050301e-14,0.0773854005628498,60,0.8574791770000019
operator,p17_pair5_6,17,5,mode_pair,0.002,6,code,True,0.0,0.0,2.5,60,cuda,float64,600,59,1.0,0.055186765207156104,0.00018096338817939433,0.00018093984711411992,3.676983973614565e-14,0.0771809194845699,60,0.9404405370000006
operator,p17_pair5_7,17,5,mode_pair,0.002,7,code,True,0.0,0.0,2.5,60,cuda,float64,600,59,1.0,0.05518676557401674,0.00018096006807231618,0.00018094727883892492,3.6127296497494197e-14,0.07718091946738762,60,0.8509620519999999
operator,p17_pair5_8,17,5,mode_pair,0.002,8,code,True,0.0,0.0,2.5,60,cuda,float64,600,59,1.0,0.055288366857144694,0.00047812569166224216,0.00047810818214072404,3.540920932942815e-14,0.07728898705451967,60,0.8567113879999937
operator,p17_pair6_7,17,6,mode_pair,0.002,7,code,True,0.0,0.0,2.5,60,cuda,float64,600,59,1.0,0.05528838647545886,0.0005909169133147459,0.0005909012801829094,3.765683479306028e-14,0.07728900949827983,60,0.8138332209999959
operator,p17_pair6_8,17,6,mode_pair,0.002,8,code,True,0.0,0.0,2.5,60,cuda,float64,600,59,1.0,0.05528836691068782,0.00047812449516698556,0.00047810007073254,3.774139772040888e-14,0.07728898742611036,60,0.8458378380000013
operator,p17_pair7_8,17,7,mode_pair,0.002,8,code,True,0.0,0.0,2.5,60,cuda,float64,600,59,1.0,0.05528851680824779,0.00023885338441161167,0.0002388431097853777,3.725807615241732e-14,0.07729261052366201,60,0.8374981119999987
operator,p23_difference1_2,23,1,mode_difference,0.002,2,code,True,0.0,0.0,2.5,60,cuda,float64,600,59,1.0,0.04123938793925126,0.0001697626969762698,0.00016975214632453106,7.336979882644428e-14,0.10749977869587457,60,1.2948273549999954
operator,p23_difference1_3,23,1,mode_difference,0.002,3,code,True,0.0,0.0,2.5,60,cuda,float64,600,59,1.0,0.04138515347137739,0.00024050856465621226,0.00024049567020512086,6.543452232070943e-14,0.10757099853332232,60,1.4207589290000158
operator,p23_difference2_3,23,2,mode_difference,0.002,3,code,True,0.0,0.0,2.5,60,cuda,float64,600,59,1.0,0.04138559794342826,0.0005215083843421731,0.00052149910369792,6.662383895938176e-14,0.10757884020329182,60,1.3892311609999979
operator,p23_mode1,23,1,mode,0.002,,code,True,0.0,0.0,2.5,60,cuda,float64,600,59,0.0,0.04139394470259501,-0.0002084717411448966,-0.00020848116916027948,6.90857337935765e-14,0.10588510644665962,60,1.1589183860000034
operator,p23_mode10,23,10,mode,0.002,,code,True,0.0,0.0,2.5,60,cuda,float64,600,59,0.0,0.04139394438977979,-0.0002084678740151624,-0.00020848048042942935,6.669587279464218e-14,0.10588510685711112,60,1.5349808420000102
operator,p23_mode11,23,11,mode,0.002,,code,True,0.0,0.0,2.5,60,cuda,float64,600,59,0.0,0.0413939445962693,-0.00020847024363374286,-0.00020848242009563478,7.08876665197158e-14,0.10588510685922334,60,1.4825572629999897
operator,p23_mode1_half,23,1,mode,0.001,,code,True,0.0,0.0,2.5,60,cuda,float64,600,59,0.0,0.04157600931977212,-5.409693376359166e-05,-5.410931665039698e-05,6.720569275375218e-14,0.05421671770337991,60,1.4666287940000018
operator,p23_mode2,23,2,mode,0.002,,code,True,0.0,0.0,2.5,60,cuda,float64,600,59,0.0,0.04139394452009562,-0.00020846917758700646,-0.00020848234288778356,7.510655232861207e-14,0.10588510663627047,60,1.1121162190000007
operator,p23_mode3,23,3,mode,0.002,,code,True,0.0,0.0,2.5,60,cuda,float64,600,59,0.0,0.04139394438042316,-0.00020846733639547148,-0.00020847839541993096,7.727160209321675e-14,0.10588510664256673,60,1.8508107820000106
operator,p23_mode4,23,4,mode,0.002,,code,True,0.0,0.0,2.5,60,cuda,float64,600,59,0.0,0.04139394445872711,-0.00020846856970797674,-0.00020847624288400368,6.627941330340223e-14,0.10588510718564612,60,1.921858233000009
operator,p23_mode5,23,5,mode,0.002,,code,True,0.0,0.0,2.5,60,cuda,float64,600,59,0.0,0.041393944577779083,-0.0002084699271195029,-0.00020848200329304234,6.369282005906606e-14,0.10588510723944611,60,1.6185449540000008
operator,p23_mode6,23,6,mode,0.002,,code,True,0.0,0.0,2.5,60,cuda,float64,600,59,0.0,0.04139394452435227,-0.00020846912655872823,-0.00020847877011576088,6.853324824534553e-14,0.10588510678712224,60,1.9491712559999854
operator,p23_mode7,23,7,mode,0.002,,code,True,0.0,0.0,2.5,60,cuda,float64,600,59,0.0,0.041393944537988114,-0.00020846971806413086,-0.00020847882562868847,6.771948294721762e-14,0.10588510662126648,60,1.4131126660000177
operator,p23_mode8,23,8,mode,0.002,,code,True,0.0,0.0,2.5,60,cuda,float64,600,59,0.0,0.04139394440839226,-0.0002084678858879906,-0.00020848066974288315,7.575703375892855e-14,0.10588510666535846,60,1.462740384
operator,p23_mode9,23,9,mode,0.002,,code,True,0.0,0.0,2.5,60,cuda,float64,600,59,0.0,0.0413939442853601,-0.00020846665005680443,-0.00020847561932590963,7.151142099529526e-14,0.10588510716226057,60,1.4751277979999884
operator,p23_none,23,0,none,0.0,,code,True,0.0,0.0,2.5,60,cuda,float64,600,59,0.0,0.041640997936302784,-1.507862353818414e-08,-2.5319289775893594e-08,6.771156552122964e-14,5.462369139920482e-09,60,1.1648205139999988
operator,p23_pair10_11,23,10,mode_pair,0.002,11,code,True,0.0,0.0,2.5,60,cuda,float64,600,59,1.0,0.041386037764789475,0.0002105257264224657,0.0002105076342644452,6.954244368302306e-14,0.10758581869713933,60,1.4351196669999808
operator,p23_pair1_10,23,1,mode_pair,0.002,10,code,True,0.0,0.0,2.5,60,cuda,float64,600,59,1.0,0.041385597730440676,0.0005215118288980309,0.0005214977731320403,6.678736942361054e-14,0.10757884060401647,60,1.1132621759999992
operator,p23_pair1_11,23,1,mode_pair,0.002,11,code,True,0.0,0.0,2.5,60,cuda,float64,600,59,1.0,0.04123938799447278,0.00016976203452900127,0.00016975291981147222,6.455676388790451e-14,0.1074997789201606,60,1.1353467109999968
operator,p23_pair1_2,23,1,mode_pair,0.002,2,code,True,0.0,0.0,2.5,60,cuda,float64,600,59,0.0,0.04153487956908406,-0.0005394310265399522,-0.0005394403181195884,6.693699779283272e-14,0.10763030180836382,60,1.1276795209999975
operator,p23_pair1_3,23,1,mode_pair,0.002,3,code,True,0.0,0.0,2.5,60,cuda,float64,600,59,1.0,0.041386037756752835,0.00021052565468964555,0.0002105181378890819,6.584026823622266e-14,0.10758581832968198,60,1.1416120059999955
operator,p23_pair1_4,23,1,mode_pair,0.002,4,code,True,0.0,0.0,2.5,60,cuda,float64,600,59,1.0,0.04138589177230105,0.0007313999119223151,0.0007313901546321944,7.371693331742708e-14,0.10757889974502674,60,1.1590458379999973
operator,p23_pair1_5,23,1,mode_pair,0.002,5,code,True,0.0,0.0,2.5,60,cuda,float64,600,59,1.0,0.04138563114854042,0.0009500278821927736,0.0009500142125720146,7.121618660116574e-14,0.10757885468690663,60,1.1856991940000015
operator,p23_pair1_6,23,1,mode_pair,0.002,6,code,True,0.0,0.0,2.5,60,cuda,float64,600,59,1.0,0.04138589161643956,0.0007314014777864154,0.0007313945490334817,6.471019316818717e-14,0.1075789003623722,60,1.2159307690000034
operator,p23_pair1_7,23,1,mode_pair,0.002,7,code,True,0.0,0.0,2.5,60,cuda,float64,600,59,1.0,0.04138559767738512,0.0005215121008265333,0.0005215005885474966,6.385743973932751e-14,0.10757884107830001,60,1.1543959559999948
operator,p23_pair1_8,23,1,mode_pair,0.002,8,code,True,0.0,0.0,2.5,60,cuda,float64,600,59,1.0,0.0413860378584191,0.00021052445514744807,0.0002105112861734426,7.162410141086642e-14,0.1075858180192516,60,1.1304951150000022
operator,p23_pair1_9,23,1,mode_pair,0.002,9,code,True,0.0,0.0,2.5,60,cuda,float64,600,59,1.0,0.04138562174019935,0.0009977838713342302,0.0009977731031387549,7.103226637959083e-14,0.10757883529486355,60,1.106888290999997
operator,p23_pair2_10,23,2,mode_pair,0.002,10,code,True,0.0,0.0,2.5,60,cuda,float64,600,59,1.0,0.04138563122069567,0.0009500269920487541,0.0009500169109823986,6.482984846513214e-14,0.10757885503434657,60,1.5171045660000004
operator,p23_pair2_11,23,2,mode_pair,0.002,11,code,True,0.0,0.0,2.5,60,cuda,float64,600,59,1.0,0.04138538276169205,0.0006927530331540906,0.0006927353914125689,7.027724614203628e-14,0.10757882638565858,60,1.8628407130000113
operator,p23_pair2_3,23,2,mode_pair,0.002,3,code,True,0.0,0.0,2.5,60,cuda,float64,600,59,1.0,0.041385627419462584,0.0005817953168234814,0.0005817845270694733,6.828437325634695e-14,0.10757883379674983,60,1.189090047999997
operator,p23_pair2_4,23,2,mode_pair,0.002,4,code,True,0.0,0.0,2.5,60,cuda,float64,600,59,0.0,0.04153487928833897,-0.0005394265361883641,-0.0005394412915311619,7.35303492409931e-14,0.10763030257575383,60,1.1201479210000045
operator,p23_pair2_5,23,2,mode_pair,0.002,5,code,True,0.0,0.0,2.5,60,cuda,float64,600,59,1.0,0.0413856314809312,0.0009500239535007063,0.0009500138252942492,7.208183173655593e-14,0.10757885423880136,60,1.172445149000005
operator,p23_pair2_6,23,2,mode_pair,0.002,6,code,True,0.0,0.0,2.5,60,cuda,float64,600,59,1.0,0.04138603808944772,0.00021052162092249793,0.00021051409748906735,7.270659684214219e-14,0.10758581776885004,60,1.6626491099999967
operator,p23_pair2_7,23,2,mode_pair,0.002,7,code,True,0.0,0.0,2.5,60,cuda,float64,600,59,1.0,0.04138515405138776,0.00024050113554333183,0.0002404860485949456,6.730679447146412e-14,0.10757099734901714,60,2.1055549489999947
operator,p23_pair2_8,23,2,mode_pair,0.002,8,code,True,0.0,0.0,2.5,60,cuda,float64,600,59,1.0,0.04138589158277051,0.0007314016371664487,0.0007313899225191989,6.96510284022927e-14,0.10757889957736527,60,2.117659691
operator,p23_pair2_9,23,2,mode_pair,0.002,9,code,True,0.0,0.0,2.5,60,cuda,float64,600,59,1.0,0.041385626995746445,0.0005818000978604053,0.0005817836876786942,6.975422795185158e-14,0.10757883475557965,60,1.5713394340000093
operator,p23_pair3_10,23,3,mode_pair,0.002,10,code,True,0.0,0.0,2.5,60,cuda,float64,600,59,1.0,0.041239387883193986,0.0001697637445580882,0.00016975515509010108,7.419290752201282e-14,0.10749977861709592,60,1.9927101630000124
operator,p23_pair3_11,23,3,mode_pair,0.002,11,code,True,0.0,0.0,2.5,60,cuda,float64,600,59,1.0,0.04138538304595534,0.0006927494762352104,0.0006927389486506286,6.487615836758648e-14,0.1075788259680505,60,1.9563680309999967
operator,p23_pair3_4,23,3,mode_pair,0.002,4,code,True,0.0,0.0,2.5,60,cuda,float64,600,59,1.0,0.04138562152951418,0.0009977862462432726,0.000997774178427946,6.702582819578862e-14,0.10757883545001275,60,2.012668911999995
operator,p23_pair3_5,23,3,mode_pair,0.002,5,code,True,0.0,0.0,2.5,60,cuda,float64,600,59,1.0,0.041385383089881024,0.0006927488944043854,0.0006927402861052201,6.813143588953172e-14,0.10757882579991342,60,1.9225230280000005
operator,p23_pair3_6,23,3,mode_pair,0.002,6,code,True,0.0,0.0,2.5,60,cuda,float64,600,59,0.0,0.04153487908502784,-0.000539423981651468,-0.0005394332787584943,6.717197126597932e-14,0.10763030268625988,60,1.8633980620000017
operator,p23_pair3_7,23,3,mode_pair,0.002,7,code,True,0.0,0.0,2.5,60,cuda,float64,600,59,1.0,0.04138559777716524,0.0005215105598514338,0.0005214947144871473,6.685445132274993e-14,0.10757884064210282,60,1.8884930709999992
operator,p23_pair3_8,23,3,mode_pair,0.002,8,code,True,0.0,0.0,2.5,60,cuda,float64,600,59,1.0,0.04138562151495954,0.0009977866219818819,0.0009977742676969825,6.600672923372773e-14,0.10757883504848179,60,1.8556538570000072
operator,p23_pair3_9,23,3,mode_pair,0.002,9,code,True,0.0,0.0,2.5,60,cuda,float64,600,59,1.0,0.041386037617091975,0.0002105273317636904,0.00021051772034219596,6.740567819056525e-14,0.10758581832791603,60,2.1086871450000046
operator,p23_pair4_10,23,4,mode_pair,0.002,10,code,True,0.0,0.0,2.5,60,cuda,float64,600,59,1.0,0.04138563124692587,0.0009500267831128065,0.0009500172610863444,6.916002559228547e-14,0.10757885440714482,60,2.1681605830000024
operator,p23_pair4_11,23,4,mode_pair,0.002,11,code,True,0.0,0.0,2.5,60,cuda,float64,600,59,1.0,0.0413851533833532,0.00024050941450395034,0.00024049781897339528,7.289364337173904e-14,0.10757099836054804,60,1.751819451000003
operator,p23_pair4_5,23,4,mode_pair,0.002,5,code,True,0.0,0.0,2.5,60,cuda,float64,600,59,1.0,0.04138559740465072,0.0005215152648830926,0.000521500844689271,6.748519989879612e-14,0.10757884123189196,60,1.9955726719999944
operator,p23_pair4_6,23,4,mode_pair,0.002,6,code,True,0.0,0.0,2.5,60,cuda,float64,600,59,1.0,0.041385627176669305,0.0005817983560851728,0.0005817892194404095,6.60458272300399e-14,0.10757883452868386,60,2.1682319260000043
operator,p23_pair4_7,23,4,mode_pair,0.002,7,code,True,0.0,0.0,2.5,60,cuda,float64,600,59,1.0,0.04138538279218265,0.0006927524177672428,0.0006927408788044431,6.937309395244315e-14,0.10757882643891033,60,2.119026727000005
operator,p23_pair4_8,23,4,mode_pair,0.002,8,code,True,0.0,0.0,2.5,60,cuda,float64,600,59,0.0,0.04153487929008387,-0.0005394269796694758,-0.0005394457938869834,6.91591994538485e-14,0.10763030168708027,60,2.124423452000002
operator,p23_pair4_9,23,4,mode_pair,0.002,9,code,True,0.0,0.0,2.5,60,cuda,float64,600,59,1.0,0.041386037680318795,0.00021052683022406202,0.00021051802966454147,7.112867363137432e-14,0.10758581810746494,60,2.238249953999997
operator,p23_pair5_10,23,5,mode_pair,0.002,10,code,True,0.0,0.0,2.5,60,cuda,float64,600,59,0.0,0.04153487935582107,-0.0005394278233897771,-0.0005394367651856413,7.34496279742243e-14,0.10763030228011937,60,2.1323449429999926
operator,p23_pair5_11,23,5,mode_pair,0.002,11,code,True,0.0,0.0,2.5,60,cuda,float64,600,59,1.0,0.04138562726759953,0.0005817971666617929,0.0005817899753353117,6.627049177064739e-14,0.1075788341934433,60,1.8668960260000063
operator,p23_pair5_6,23,5,mode_pair,0.002,6,code,True,0.0,0.0,2.5,60,cuda,float64,600,59,1.0,0.041385153663581135,0.00024050626985001213,0.00024049513160839808,6.900715296408163e-14,0.10757099844638529,60,2.002149571000004
operator,p23_pair5_7,23,5,mode_pair,0.002,7,code,True,0.0,0.0,2.5,60,cuda,float64,600,59,1.0,0.04138589178725134,0.0007313990605080889,0.0007313885829950406,7.117097057576951e-14,0.10757890003219414,60,2.0425151220000117
operator,p23_pair5_8,23,5,mode_pair,0.002,8,code,True,0.0,0.0,2.5,60,cuda,float64,600,59,1.0,0.04138515378151068,0.00024050497567137589,0.00024048941009091607,6.881012698671628e-14,0.1075709982083263,60,2.1570074219999924
operator,p23_pair5_9,23,5,mode_pair,0.002,9,code,True,0.0,0.0,2.5,60,cuda,float64,600,59,1.0,0.041239388086555556,0.00016976143209800006,0.00016975198743729436,6.653070156214679e-14,0.10749977916357223,60,1.9212193990000088
operator,p23_pair6_10,23,6,mode_pair,0.002,10,code,True,0.0,0.0,2.5,60,cuda,float64,600,59,1.0,0.04138538298542938,0.0006927503918176584,0.0006927409794163508,6.72075149220055e-14,0.1075788259958991,60,1.531685218000007
operator,p23_pair6_11,23,6,mode_pair,0.002,11,code,True,0.0,0.0,2.5,60,cuda,float64,600,59,1.0,0.04123938779393057,0.00016976417160448766,0.00016975526738427504,7.247222215580216e-14,0.1074997793289613,60,1.4073078289999899
operator,p23_pair6_7,23,6,mode_pair,0.002,7,code,True,0.0,0.0,2.5,60,cuda,float64,600,59,1.0,0.04138563154189188,0.0009500232377499866,0.0009500126470971537,6.493405428275419e-14,0.10757885442065086,60,2.0571800929999995
operator,p23_pair6_8,23,6,mode_pair,0.002,8,code,True,0.0,0.0,2.5,60,cuda,float64,600,59,1.0,0.041385621730802825,0.0009977834535098537,0.0009977696159815252,6.969270466362224e-14,0.10757883477656936,60,1.7768166780000172
operator,p23_pair6_9,23,6,mode_pair,0.002,9,code,True,0.0,0.0,2.5,60,cuda,float64,600,59,1.0,0.04138562728283335,0.0005817967888672484,0.0005817864027140018,6.889485532175353e-14,0.10757883446051571,60,1.3538080289999925
operator,p23_pair7_10,23,7,mode_pair,0.002,10,code,True,0.0,0.0,2.5,60,cuda,float64,600,59,1.0,0.04138603757986584,0.00021052813716679209,0.00021051548585582225,6.489000755557302e-14,0.10758581825101703,60,1.488399727000001
operator,p23_pair7_11,23,7,mode_pair,0.002,11,code,True,0.0,0.0,2.5,60,cuda,float64,600,59,1.0,0.04138562128788562,0.0009977886740933,0.0009977800278395677,7.135889223033861e-14,0.107578835033575,60,1.446844709000004
operator,p23_pair7_8,23,7,mode_pair,0.002,8,code,True,0.0,0.0,2.5,60,cuda,float64,600,59,1.0,0.04123938823982656,0.00016975994777697646,0.00016974946613146358,6.800320182380121e-14,0.10749977810378827,60,1.5063283789999957
operator,p23_pair7_9,23,7,mode_pair,0.002,9,code,True,0.0,0.0,2.5,60,cuda,float64,600,59,1.0,0.04123938800778667,0.00016976175004087497,0.0001697492092862518,6.424423713907728e-14,0.10749977880869724,60,1.4752323600000068
operator,p23_pair8_10,23,8,mode_pair,0.002,10,code,True,0.0,0.0,2.5,60,cuda,float64,600,59,1.0,0.041385597605304164,0.000521512259564239,0.0005215010645258644,6.74565355889063e-14,0.10757884127669451,60,1.6543342989999985
operator,p23_pair8_11,23,8,mode_pair,0.002,11,code,True,0.0,0.0,2.5,60,cuda,float64,600,59,1.0,0.04138559776771298,0.0005215105170732083,0.0005215022955695758,7.114956417809798e-14,0.10757884067223242,60,1.4543094169999904
operator,p23_pair8_9,23,8,mode_pair,0.002,9,code,True,0.0,0.0,2.5,60,cuda,float64,600,59,1.0,0.041385891701081055,0.0007314000984439653,0.0007313916430398137,6.760999840076216e-14,0.10757889957977207,60,1.6003251610000007
operator,p23_pair9_10,23,9,mode_pair,0.002,10,code,True,0.0,0.0,2.5,60,cuda,float64,600,59,1.0,0.04138538315229944,0.0006927476419458909,0.0006927363869664305,6.560403840048257e-14,0.1075788258481498,60,1.4843314370000087
operator,p23_pair9_11,23,9,mode_pair,0.002,11,code,True,0.0,0.0,2.5,60,cuda,float64,600,59,1.0,0.04138563134344605,0.0009500252212789775,0.0009500135257187736,6.528285717723012e-14,0.10757885413833998,60,1.490669830999991
confirmation,p17_s100_cross,17,100,cross,0.01,,code,True,0.0,0.0,2.5,60,cuda,float64,600,59,0.7058823529411764,0.05528859444486343,0.00018591173276257631,-0.0004884554599852986,3.696876085228282e-14,0.10923374023002844,60,2.98104429
confirmation,p17_s101_cross,17,101,cross,0.01,,code,True,0.0,0.0,2.5,60,cuda,float64,600,59,1.0,0.054920621773159047,0.0026913876185322345,0.002274430223914381,3.615249163739307e-14,0.10677583252733534,60,1.574594889999986
confirmation,p17_s102_cross,17,102,cross,0.01,,code,True,0.0,0.0,2.5,60,cuda,float64,600,59,1.0,0.05525426140085438,0.0005377957846259135,0.00019755297050029486,3.5242362033377665e-14,0.08755390948518615,60,1.9613149029999875
confirmation,p17_s103_cross,17,103,cross,0.01,,code,True,0.0,0.0,2.5,60,cuda,float64,600,59,0.11764705882352941,0.05536435414846827,-0.00017425313057245728,-0.00040434121709007065,3.391984919644146e-14,0.06324731784801424,60,1.9788403050000056
confirmation,p17_s104_cross,17,104,cross,0.01,,code,True,0.0,0.0,2.5,60,cuda,float64,600,59,1.0,0.05518321789661009,0.0009567126112784095,0.0005096490038254547,3.4497220847677806e-14,0.0953300258157478,60,2.5019182940000064
confirmation,p17_s105_cross,17,105,cross,0.01,,code,True,0.0,0.0,2.5,60,cuda,float64,600,59,0.058823529411764705,0.05544686125559709,-0.00011707951308259797,-0.00027131200812094414,3.858003825985163e-14,0.026663285729920598,60,2.4639911449999943
confirmation,p17_s106_cross,17,106,cross,0.01,,code,True,0.0,0.0,2.5,60,cuda,float64,600,59,0.058823529411764705,0.05533859698202461,-0.00036605970336713603,-0.000703190010674648,3.8131022669056666e-14,0.09729903394024488,60,2.327315403
confirmation,p17_s107_cross,17,107,cross,0.01,,code,True,0.0,0.0,2.5,60,cuda,float64,600,59,0.058823529411764705,0.05533102507736693,-0.0007939244722173745,-0.0013838970110847948,3.607859933645905e-14,0.122856403457918,60,1.7272812410000142
confirmation,p17_s108_cross,17,108,cross,0.01,,code,True,0.0,0.0,2.5,60,cuda,float64,600,59,1.0,0.05497474883116446,0.002009574995058051,0.0016093803236172238,3.547438729046839e-14,0.12278363883127305,60,1.2077729110000064
confirmation,p17_s109_cross,17,109,cross,0.01,,code,True,0.0,0.0,2.5,60,cuda,float64,600,59,1.0,0.05477306473219723,0.0035165132913535253,0.003063536020766755,3.664087659894519e-14,0.12162508808054054,60,2.008825375000015
confirmation,p17_s110_cross,17,110,cross,0.01,,code,True,0.0,0.0,2.5,60,cuda,float64,600,59,1.0,0.0549782635082038,0.0016079251510754799,0.0012891723350627188,3.669688935722313e-14,0.10532368336018505,60,2.1391670239999883
confirmation,p17_s111_cross,17,111,cross,0.01,,code,True,0.0,0.0,2.5,60,cuda,float64,600,59,0.47058823529411764,0.05538727548587285,-7.302899728933557e-05,-0.0004865143495148827,3.4075048944619415e-14,0.06426142775874266,60,2.1098648710000134
confirmation,p17_s112_cross,17,112,cross,0.01,,code,True,0.0,0.0,2.5,60,cuda,float64,600,59,1.0,0.05518280465118779,0.0014446827739485575,0.0010189652640850422,3.503272081630502e-14,0.1075031380262391,60,1.426398464000016
confirmation,p17_s113_cross,17,113,cross,0.01,,code,True,0.0,0.0,2.5,60,cuda,float64,600,59,1.0,0.05510191921821135,0.001428096929286773,0.0009705722222347057,3.6702168880463085e-14,0.09902781011094279,60,2.01210758900001
confirmation,p17_s114_cross,17,114,cross,0.01,,code,True,0.0,0.0,2.5,60,cuda,float64,600,59,0.1764705882352941,0.05520930705033467,-0.0002649185559417971,-0.00060164575430742,3.649839450991927e-14,0.08997230995685097,60,1.7205483029999868
confirmation,p17_s115_cross,17,115,cross,0.01,,code,True,0.0,0.0,2.5,60,cuda,float64,600,59,0.6470588235294118,0.05524089467648185,0.0001128046976919245,-0.000388320152377733,3.5019563332485246e-14,0.12331887430305617,60,2.2279472859999885
confirmation,p17_s116_cross,17,116,cross,0.01,,code,True,0.0,0.0,2.5,60,cuda,float64,600,59,1.0,0.05531216794892176,0.0007326869750954835,0.0002849918902954607,3.36263936951978e-14,0.07474594011756443,60,2.0318800800000076
confirmation,p17_s117_cross,17,117,cross,0.01,,code,True,0.0,0.0,2.5,60,cuda,float64,600,59,1.0,0.055293807025488785,0.0003357702394712573,8.232677999836513e-05,3.34747738487079e-14,0.07563989033396172,60,1.5479031160000147
confirmation,p17_s118_cross,17,118,cross,0.01,,code,True,0.0,0.0,2.5,60,cuda,float64,600,59,1.0,0.05510843827231806,0.0016109983374443337,0.001236127678542434,3.3985560045964293e-14,0.09223481564650607,60,1.9338352869999937
confirmation,p17_s119_cross,17,119,cross,0.01,,code,True,0.0,0.0,2.5,60,cuda,float64,600,59,1.0,0.05529835860929499,0.0007889042991517969,0.00046932219578486867,3.5142882636516195e-14,0.06378984690942162,60,2.330761690999992
confirmation,p17_s120_cross,17,120,cross,0.01,,code,True,0.0,0.0,2.5,60,cuda,float64,600,59,1.0,0.05503480423288608,0.001023351365570115,0.0005729604595928472,3.3949923129346416e-14,0.10424845461648526,60,1.969021306000002
confirmation,p17_s121_cross,17,121,cross,0.01,,code,True,0.0,0.0,2.5,60,cuda,float64,600,59,1.0,0.05523308629654932,0.0006684453666266778,0.00024497112073212923,3.6780887028889475e-14,0.09482661052978039,60,2.3709074749999957
confirmation,p17_s122_cross,17,122,cross,0.01,,code,True,0.0,0.0,2.5,60,cuda,float64,600,59,1.0,0.0547818235063586,0.0025456966279186442,0.0020241667421299347,3.3353745483248686e-14,0.13158374548327753,60,2.231219234000008
confirmation,p17_s123_cross,17,123,cross,0.01,,code,True,0.0,0.0,2.5,60,cuda,float64,600,59,0.9411764705882353,0.05531834847667929,0.0002273742039592718,-0.00010557672988989464,3.554417492683468e-14,0.08389391165195778,60,1.6472597279999945
confirmation,p17_s124_cross,17,124,cross,0.01,,code,True,0.0,0.0,2.5,60,cuda,float64,600,59,1.0,0.05524090258099522,0.0006701415987992683,0.0003376898050652666,3.449832811595264e-14,0.08297963317945517,60,1.5652151160000187
confirmation,p17_s125_cross,17,125,cross,0.01,,code,True,0.0,0.0,2.5,60,cuda,float64,600,59,1.0,0.05525190991930866,0.001086118006556112,0.0007508555267179418,3.8206623804270285e-14,0.0661044767531745,60,1.046347491000006
confirmation,p17_s126_cross,17,126,cross,0.01,,code,True,0.0,0.0,2.5,60,cuda,float64,600,59,1.0,0.0552897846831704,0.0002946457426937589,9.500278098990844e-05,3.463401908670213e-14,0.07058552729118237,60,0.9807518850000179
confirmation,p17_s127_cross,17,127,cross,0.01,,code,True,0.0,0.0,2.5,60,cuda,float64,600,59,0.9411764705882353,0.055289570028738966,0.00040714119483591837,-0.00011067626128465069,3.858435109715609e-14,0.08501018655040128,60,0.9588993030000097
confirmation,p17_s128_cross,17,128,cross,0.01,,code,True,0.0,0.0,2.5,60,cuda,float64,600,59,0.0,0.05527595132304566,-0.0008536148487749197,-0.0011842025333286404,3.70815144327841e-14,0.10023573583301115,60,1.047528083000003
confirmation,p17_s129_cross,17,129,cross,0.01,,code,True,0.0,0.0,2.5,60,cuda,float64,600,59,1.0,0.05516098926533781,0.0015344814256467451,0.0011660512076561852,3.478700578617062e-14,0.09174579444994299,60,1.0502313540000046
confirmation,p17_s130_cross,17,130,cross,0.01,,code,True,0.0,0.0,2.5,60,cuda,float64,600,59,0.47058823529411764,0.05537816966878875,-6.005096417189369e-05,-0.0005478372173271517,3.451004526166781e-14,0.07869226020094316,60,0.9653787389999877
confirmation,p17_s131_cross,17,131,cross,0.01,,code,True,0.0,0.0,2.5,60,cuda,float64,600,59,1.0,0.05535900297795437,0.0005460233340627163,0.00018033784348091275,3.442339338595934e-14,0.05539990727819338,60,1.0597683809999978
confirmation,p17_s132_cross,17,132,cross,0.01,,code,True,0.0,0.0,2.5,60,cuda,float64,600,59,0.9411764705882353,0.055271590253112436,0.0001993174583263731,-6.856025436895175e-05,3.273336732239135e-14,0.08144398574949327,60,1.1613897490000227
confirmation,p17_s133_cross,17,133,cross,0.01,,code,True,0.0,0.0,2.5,60,cuda,float64,600,59,1.0,0.05486842676410111,0.0028550490826959947,0.0024835288205009576,3.447998594991772e-14,0.11332528234765792,60,1.144980578000002
confirmation,p17_s134_cross,17,134,cross,0.01,,code,True,0.0,0.0,2.5,60,cuda,float64,600,59,1.0,0.05536626020736901,0.0002964568545370111,8.279125701635137e-05,4.0133177752765644e-14,0.06657571936109971,60,1.0665817340000103
confirmation,p17_s135_cross,17,135,cross,0.01,,code,True,0.0,0.0,2.5,60,cuda,float64,600,59,1.0,0.05521450613860501,0.0008065640279040237,0.00048277002112614986,3.344147195569629e-14,0.09346259556213463,60,1.098352847000001
confirmation,p17_s136_cross,17,136,cross,0.01,,code,True,0.0,0.0,2.5,60,cuda,float64,600,59,1.0,0.054880223221008946,0.003156971817218307,0.002771030892299714,3.4985729658092124e-14,0.11590444317647174,60,1.0176563359999875
confirmation,p17_s137_cross,17,137,cross,0.01,,code,True,0.0,0.0,2.5,60,cuda,float64,600,59,1.0,0.055061684440863345,0.001248407393854233,0.0005238864017526462,3.8304880695666326e-14,0.09512040752700668,60,1.0074912009999935
confirmation,p17_s138_cross,17,138,cross,0.01,,code,True,0.0,0.0,2.5,60,cuda,float64,600,59,0.6470588235294118,0.05529312682653297,0.00012810897150845063,-0.0002839611608687481,3.588945056467923e-14,0.07179409941363248,60,1.016085239000006
confirmation,p17_s139_cross,17,139,cross,0.01,,code,True,0.0,0.0,2.5,60,cuda,float64,600,59,1.0,0.05501419196934485,0.002298538793242303,0.001770920295859138,3.473572819631437e-14,0.11910882131741593,60,1.0079012329999841
confirmation,p17_s140_cross,17,140,cross,0.01,,code,True,0.0,0.0,2.5,60,cuda,float64,600,59,0.7058823529411764,0.05518881644727168,0.00013746528083404477,-0.0003966283925598141,3.699742377580465e-14,0.11638427065360178,60,0.9446964699999967
confirmation,p17_s141_cross,17,141,cross,0.01,,code,True,0.0,0.0,2.5,60,cuda,float64,600,59,0.9411764705882353,0.055202361773746746,0.0004931977956600786,-0.00030983090512419487,3.607446603080658e-14,0.11456029931436652,60,0.9477821580000239
confirmation,p17_s142_cross,17,142,cross,0.01,,code,True,0.0,0.0,2.5,60,cuda,float64,600,59,1.0,0.05494812131278317,0.0008515841032843435,0.00022341424645036523,3.935405039725489e-14,0.1370629134612393,60,1.0127992040000038
confirmation,p17_s143_cross,17,143,cross,0.01,,code,True,0.0,0.0,2.5,60,cuda,float64,600,59,0.0,0.05527494044051159,-0.0005187605203915824,-0.0008409648570412848,3.47076106971697e-14,0.09986645814086358,60,0.9878234859999964
confirmation,p17_s144_cross,17,144,cross,0.01,,code,True,0.0,0.0,2.5,60,cuda,float64,600,59,1.0,0.05520082005996073,0.0006897143510088688,0.00030329576239450373,3.584401842441727e-14,0.08170814878268377,60,0.9431544329999895
confirmation,p17_s145_cross,17,145,cross,0.01,,code,True,0.0,0.0,2.5,60,cuda,float64,600,59,0.0,0.055357470453707924,-0.0009859510623155558,-0.0015858707724444449,3.6050012617742775e-14,0.11962103098365276,60,0.9644038209999906
confirmation,p17_s146_cross,17,146,cross,0.01,,code,True,0.0,0.0,2.5,60,cuda,float64,600,59,1.0,0.05496169226837287,0.0010487251113834902,0.0003828227895938119,3.507240151158074e-14,0.12552766340485075,60,0.9659877139999935
confirmation,p17_s147_cross,17,147,cross,0.01,,code,True,0.0,0.0,2.5,60,cuda,float64,600,59,0.29411764705882354,0.055418212510872575,-8.744567992155913e-05,-0.0003183725807800464,3.504898501739702e-14,0.056597512521742895,60,1.1640230109999834
confirmation,p17_s148_cross,17,148,cross,0.01,,code,True,0.0,0.0,2.5,60,cuda,float64,600,59,1.0,0.05527615737191341,0.0007966687510014982,0.00042646645827855434,3.574639297528233e-14,0.06268825213264832,60,0.9475980089999894
confirmation,p17_s149_cross,17,149,cross,0.01,,code,True,0.0,0.0,2.5,60,cuda,float64,600,59,1.0,0.05527366762415892,0.00040229144886543244,0.00011309867973911814,3.2728548391978186e-14,0.07688762661017483,60,1.048603304000011
confirmation,p23_s100_cross,23,100,cross,0.01,,code,True,0.0,0.0,2.5,60,cuda,float64,600,59,1.0,0.04123005456645656,0.002462036775001993,0.0021113683539919492,6.89679135895222e-14,0.12467566267892521,60,1.2792943219999984
confirmation,p23_s101_cross,23,101,cross,0.01,,code,True,0.0,0.0,2.5,60,cuda,float64,600,59,1.0,0.04136814277748147,0.0016305650053902623,0.0011940066045301734,7.533465383595593e-14,0.11760528132794966,60,1.287195736000001
confirmation,p23_s102_cross,23,102,cross,0.01,,code,True,0.0,0.0,2.5,60,cuda,float64,600,59,0.34782608695652173,0.04142681323066228,-7.523195326754872e-05,-0.0005115727046085539,7.405824930836769e-14,0.1102448111141589,60,1.4284131059999936
confirmation,p23_s103_cross,23,103,cross,0.01,,code,True,0.0,0.0,2.5,60,cuda,float64,600,59,1.0,0.0415217870518182,0.000446858816237222,0.00022122099186994149,6.85466179547772e-14,0.09529213858101755,60,1.2655643230000067
confirmation,p23_s104_cross,23,104,cross,0.01,,code,True,0.0,0.0,2.5,60,cuda,float64,600,59,0.9565217391304348,0.0415498183422999,0.00023248526561960085,-5.755227197568047e-05,7.161442357398205e-14,0.07766059092084399,60,1.2155715359999988
confirmation,p23_s105_cross,23,105,cross,0.01,,code,True,0.0,0.0,2.5,60,cuda,float64,600,59,0.0,0.04148921448749265,-0.0006974361769941131,-0.0012504192413533843,6.681145160481389e-14,0.11370091656638885,60,1.459223632000004
confirmation,p23_s106_cross,23,106,cross,0.01,,code,True,0.0,0.0,2.5,60,cuda,float64,600,59,1.0,0.041279679384534994,0.001849166960541295,0.0014446618045891313,7.103331061322977e-14,0.10950627736215934,60,1.4429385900000113
confirmation,p23_s107_cross,23,107,cross,0.01,,code,True,0.0,0.0,2.5,60,cuda,float64,600,59,1.0,0.04130182695362126,0.0012065853624299498,0.0008583739056202688,6.683716872183039e-14,0.11328841275926997,60,1.3806653420000146
confirmation,p23_s108_cross,23,108,cross,0.01,,code,True,0.0,0.0,2.5,60,cuda,float64,600,59,1.0,0.04124161191377281,0.000657610464588478,0.0002460530572108155,6.427241742253988e-14,0.1499082458159403,60,1.4061023349999857
confirmation,p23_s109_cross,23,109,cross,0.01,,code,True,0.0,0.0,2.5,60,cuda,float64,600,59,1.0,0.04108874044899905,0.003335942739262154,0.002825579756390084,6.397448402292726e-14,0.1361850806910532,60,1.381780802999998
confirmation,p23_s110_cross,23,110,cross,0.01,,code,True,0.0,0.0,2.5,60,cuda,float64,600,59,1.0,0.041199713294140156,0.0026986178296070436,0.002278784131032552,6.660984574753645e-14,0.11768976186394083,60,1.3921833679999907
confirmation,p23_s111_cross,23,111,cross,0.01,,code,True,0.0,0.0,2.5,60,cuda,float64,600,59,1.0,0.041502793337171204,0.00029890707888326505,3.404072124801871e-05,7.140448113890019e-14,0.09697884551049157,60,1.3553676779999932
confirmation,p23_s112_cross,23,112,cross,0.01,,code,True,0.0,0.0,2.5,60,cuda,float64,600,59,1.0,0.04133142067683805,0.0007163842410562642,0.00028147775519293816,7.132591164160537e-14,0.12917424934500787,60,1.4021522450000248
confirmation,p23_s113_cross,23,113,cross,0.01,,code,True,0.0,0.0,2.5,60,cuda,float64,600,59,1.0,0.04149595824113259,0.000580483815826661,0.0001625781916878566,6.781586743104058e-14,0.09341704943356131,60,1.3556346050000059
confirmation,p23_s114_cross,23,114,cross,0.01,,code,True,0.0,0.0,2.5,60,cuda,float64,600,59,1.0,0.04114911171670443,0.003494873393607101,0.0031794623498111463,6.811480928080684e-14,0.1386242959100506,60,1.402810795000022
confirmation,p23_s115_cross,23,115,cross,0.01,,code,True,0.0,0.0,2.5,60,cuda,float64,600,59,1.0,0.041513990905161835,0.00045391308898463267,2.9040160747229038e-05,6.684793840426764e-14,0.08584108284616011,60,1.4277340400000185
confirmation,p23_s116_cross,23,116,cross,0.01,,code,True,0.0,0.0,2.5,60,cuda,float64,600,59,1.0,0.041087801431826096,0.0034317161318560187,0.002865304285956327,6.977156960115069e-14,0.15259160617516818,60,1.4503320609999832
confirmation,p23_s117_cross,23,117,cross,0.01,,code,True,0.0,0.0,2.5,60,cuda,float64,600,59,1.0,0.041348393622265785,0.0015199774082776951,0.0009775117456722882,6.489828087358185e-14,0.11217806000078342,60,1.4483546649999823
confirmation,p23_s118_cross,23,118,cross,0.01,,code,True,0.0,0.0,2.5,60,cuda,float64,600,59,1.0,0.04127240246036443,0.0030621102172529737,0.0024124579360638165,7.023170242092318e-14,0.09995939920375983,60,1.2995477519999952
confirmation,p23_s119_cross,23,119,cross,0.01,,code,True,0.0,0.0,2.5,60,cuda,float64,600,59,1.0,0.04126793697081837,0.0014604693747882322,0.000805502161661309,6.334174755951904e-14,0.12730326342826473,60,1.3278198790000033
confirmation,p23_s120_cross,23,120,cross,0.01,,code,True,0.0,0.0,2.5,60,cuda,float64,600,59,1.0,0.04100600682786027,0.0035336231031928168,0.003075146491781311,6.72241287037121e-14,0.13849263810891208,60,1.4194675850000067
confirmation,p23_s121_cross,23,121,cross,0.01,,code,True,0.0,0.0,2.5,60,cuda,float64,600,59,0.9565217391304348,0.04147092607402655,0.00042501408141731623,-0.00010330091736143743,6.797343771984621e-14,0.13507078117513333,60,1.386102789000006
confirmation,p23_s122_cross,23,122,cross,0.01,,code,True,0.0,0.0,2.5,60,cuda,float64,600,59,1.0,0.04112006258023733,0.003310444454007081,0.0028403689737590554,6.719322374830443e-14,0.1352780253176705,60,1.4968337140000187
confirmation,p23_s123_cross,23,123,cross,0.01,,code,True,0.0,0.0,2.5,60,cuda,float64,600,59,0.6086956521739131,0.04154718898685042,1.37552807018669e-05,-0.00032020477551597537,6.397320612991415e-14,0.08224937420168402,60,1.305783058000003
confirmation,p23_s124_cross,23,124,cross,0.01,,code,True,0.0,0.0,2.5,60,cuda,float64,600,59,0.0,0.041505181611657095,-0.0004957046012648497,-0.0009287045585342213,6.647092990994156e-14,0.1275027004579735,60,1.4246026710000024
confirmation,p23_s125_cross,23,125,cross,0.01,,code,True,0.0,0.0,2.5,60,cuda,float64,600,59,0.7391304347826086,0.04135075527237948,7.344316925543728e-05,-0.00027962574403161966,7.610407213021746e-14,0.1099997693310481,60,1.3682909270000039
confirmation,p23_s126_cross,23,126,cross,0.01,,code,True,0.0,0.0,2.5,60,cuda,float64,600,59,0.9565217391304348,0.041159592398654375,0.00038264488020860367,-0.0001861521403849764,7.121402444078494e-14,0.1522076186534736,60,1.3669114100000002
confirmation,p23_s127_cross,23,127,cross,0.01,,code,True,0.0,0.0,2.5,60,cuda,float64,600,59,0.0,0.04157055883912222,-0.0006734017056565946,-0.000968992274096081,6.431985351565423e-14,0.09793241023781935,60,1.435398455000012
confirmation,p23_s128_cross,23,128,cross,0.01,,code,True,0.0,0.0,2.5,60,cuda,float64,600,59,1.0,0.041514879782461114,0.0007937386300857182,0.0004969273079833414,7.690895372464714e-14,0.08619340914290761,60,1.3219796669999937
confirmation,p23_s129_cross,23,129,cross,0.01,,code,True,0.0,0.0,2.5,60,cuda,float64,600,59,1.0,0.041309246358477804,0.002102876436869296,0.0017810362802475055,6.386771318906759e-14,0.09854336690015002,60,1.3924792319999995
intervention,p17_s100_phase_best,17,100,custom,0.01,p17_s100_phase_best.npz,code,True,0.0,0.0,2.5,60,cuda,float64,600,59,1.0,0.05497640766019511,0.003373162144360387,0.0028225432401733225,3.381707139255632e-14,0.10901188969572018,60,1.578309127999944
intervention,p17_s100_phase_best_control0,17,100,custom,0.01,p17_s100_phase_best_control0.npz,code,True,0.0,0.0,2.5,60,cuda,float64,600,59,1.0,0.05508886544023801,0.0018521260770321744,0.0013568478847277021,3.695498936363067e-14,0.10893035538230154,60,1.2211267949999751
intervention,p17_s100_phase_best_control1,17,100,custom,0.01,p17_s100_phase_best_control1.npz,code,True,0.0,0.0,2.5,60,cuda,float64,600,59,0.11764705882352941,0.0553218492148032,-0.00029580543176938604,-0.0006295342259591274,3.633652317569878e-14,0.10906910913931171,60,0.8249076359999776
intervention,p17_s100_phase_best_control2,17,100,custom,0.01,p17_s100_phase_best_control2.npz,code,True,0.0,0.0,2.5,60,cuda,float64,600,59,1.0,0.05516428162286877,0.0009000176806778773,0.0003775484276525576,3.610016755737471e-14,0.1091316075570811,60,0.8283732059999807
intervention,p17_s100_phase_worst,17,100,custom,0.01,p17_s100_phase_worst.npz,code,True,0.0,0.0,2.5,60,cuda,float64,600,59,0.0,0.055345019086781556,-0.0007966318054695279,-0.001108910876899738,3.351744177897001e-14,0.10927193847710029,60,0.8652572350000014
intervention,p17_s100_phase_worst_control0,17,100,custom,0.01,p17_s100_phase_worst_control0.npz,code,True,0.0,0.0,2.5,60,cuda,float64,600,59,0.7058823529411764,0.0551735002898932,0.00010902323213471072,-0.0002702918032598256,3.963397523179027e-14,0.10914771883439421,60,0.9047071439999854
intervention,p17_s100_phase_worst_control1,17,100,custom,0.01,p17_s100_phase_worst_control1.npz,code,True,0.0,0.0,2.5,60,cuda,float64,600,59,1.0,0.055105430679163396,0.0016092923193201927,0.0011758941749185625,3.829212621835328e-14,0.10924161796181182,60,0.8595019769999794
intervention,p17_s100_phase_worst_control2,17,100,custom,0.01,p17_s100_phase_worst_control2.npz,code,True,0.0,0.0,2.5,60,cuda,float64,600,59,0.8823529411764706,0.05515211296542023,0.000343010593113363,-0.0001676931501224943,3.5387689015111925e-14,0.10900873795208936,60,0.8850495429999796
intervention,p17_s100_remove,17,100,custom,0.01,p17_s100_remove.npz,code,True,0.0,0.0,2.5,60,cuda,float64,600,59,0.0,0.05546035305685698,-7.39730955745271e-05,-0.0001556109506926917,4.083537951590795e-14,0.011834926464656687,60,0.9054155239999773
intervention,p17_s100_remove_control0,17,100,custom,0.01,p17_s100_remove_control0.npz,code,True,0.0,0.0,2.5,60,cuda,float64,600,59,0.11764705882352941,0.05530681456122288,-0.00035930503379900947,-0.0007257839483468115,3.63784383176845e-14,0.11535852077703157,60,0.9039951949999931
intervention,p17_s100_remove_control1,17,100,custom,0.01,p17_s100_remove_control1.npz,code,True,0.0,0.0,2.5,60,cuda,float64,600,59,0.7058823529411764,0.05532890988557408,0.00010765665851872902,-0.0005234088289214622,3.3821787080781466e-14,0.10208686673926338,60,0.9641978970000196
intervention,p17_s100_remove_control2,17,100,custom,0.01,p17_s100_remove_control2.npz,code,True,0.0,0.0,2.5,60,cuda,float64,600,59,0.8823529411764706,0.05528394108247639,0.00036412397739586655,-9.347787666212637e-05,3.521159628382983e-14,0.11466938198835154,60,0.9714687899999603
intervention,p17_s101_phase_best,17,101,custom,0.01,p17_s101_phase_best.npz,code,True,0.0,0.0,2.5,60,cuda,float64,600,59,1.0,0.05499430696752059,0.002947940864523696,0.002464982000046939,3.435982959691688e-14,0.10681665002853635,60,0.9991441230000078
intervention,p17_s101_phase_best_control0,17,101,custom,0.01,p17_s101_phase_best_control0.npz,code,True,0.0,0.0,2.5,60,cuda,float64,600,59,1.0,0.05495871164959386,0.00234250914402754,0.001866656294352842,3.619935730814344e-14,0.10689959043491762,60,0.9391558710000254
intervention,p17_s101_phase_best_control1,17,101,custom,0.01,p17_s101_phase_best_control1.npz,code,True,0.0,0.0,2.5,60,cuda,float64,600,59,1.0,0.05499265339796528,0.0013866305049895075,0.000997548826443817,3.46782649063403e-14,0.10671912090091346,60,0.9347276380000267
intervention,p17_s101_phase_best_control2,17,101,custom,0.01,p17_s101_phase_best_control2.npz,code,True,0.0,0.0,2.5,60,cuda,float64,600,59,1.0,0.055007293257748516,0.002360287483901367,0.0018621089852668,3.5141464642457514e-14,0.10697959007664967,60,0.904705166000042
intervention,p17_s101_phase_worst,17,101,custom,0.01,p17_s101_phase_worst.npz,code,True,0.0,0.0,2.5,60,cuda,float64,600,59,0.0,0.055366264987701475,-0.0013447308486667045,-0.0016737868859983962,3.812779131420137e-14,0.1070952530186173,60,0.9519880259999809
intervention,p17_s101_phase_worst_control0,17,101,custom,0.01,p17_s101_phase_worst_control0.npz,code,True,0.0,0.0,2.5,60,cuda,float64,600,59,1.0,0.05493511882159567,0.0025892819812023795,0.0020897498943615866,3.805041999664659e-14,0.1069164423277561,60,0.903817446000005
intervention,p17_s101_phase_worst_control1,17,101,custom,0.01,p17_s101_phase_worst_control1.npz,code,True,0.0,0.0,2.5,60,cuda,float64,600,59,1.0,0.05517239037256903,0.0012235748269164553,0.0007661815278503098,3.505041108517619e-14,0.10714879848268064,60,0.8968054990000383
intervention,p17_s101_phase_worst_control2,17,101,custom,0.01,p17_s101_phase_worst_control2.npz,code,True,0.0,0.0,2.5,60,cuda,float64,600,59,1.0,0.05494937747946148,0.0030865879572138,0.0025131451706300323,3.4998026947217504e-14,0.10710420547093402,60,0.8711300669999673
intervention,p17_s101_remove,17,101,custom,0.01,p17_s101_remove.npz,code,True,0.0,0.0,2.5,60,cuda,float64,600,59,0.058823529411764705,0.055460446181862556,-8.29701863220436e-05,-0.00018532735654110122,3.5721202038754694e-14,0.013105185183811138,60,0.9010686990000067
intervention,p17_s101_remove_control0,17,101,custom,0.01,p17_s101_remove_control0.npz,code,True,0.0,0.0,2.5,60,cuda,float64,600,59,1.0,0.05486638034071778,0.0027399304432546468,0.002230571359005576,3.3583920410557024e-14,0.11051725511121739,60,0.8548950210000044
intervention,p17_s101_remove_control1,17,101,custom,0.01,p17_s101_remove_control1.npz,code,True,0.0,0.0,2.5,60,cuda,float64,600,59,1.0,0.05502135954184582,0.0017337929511726173,0.001347328706664111,3.4714908332998217e-14,0.0992907646740097,60,0.8675449159999857
intervention,p17_s101_remove_control2,17,101,custom,0.01,p17_s101_remove_control2.npz,code,True,0.0,0.0,2.5,60,cuda,float64,600,59,1.0,0.05496750417573317,0.002302865227903724,0.0018983548609928513,3.893045890703026e-14,0.10244536198146603,60,0.8053695739999966
intervention,p17_s102_phase_best,17,102,custom,0.01,p17_s102_phase_best.npz,code,True,0.0,0.0,2.5,60,cuda,float64,600,59,1.0,0.05519050703152034,0.0018670860286478879,0.0013896572148459768,3.7281611612971265e-14,0.08749166920899981,60,0.8093096609999861
intervention,p17_s102_phase_best_control0,17,102,custom,0.01,p17_s102_phase_best_control0.npz,code,True,0.0,0.0,2.5,60,cuda,float64,600,59,0.47058823529411764,0.05530457790926157,-2.516521327393629e-05,-0.0005700245876568005,3.434760435639273e-14,0.0876195693424141,60,0.8454524900000138
intervention,p17_s102_phase_best_control1,17,102,custom,0.01,p17_s102_phase_best_control1.npz,code,True,0.0,0.0,2.5,60,cuda,float64,600,59,0.9411764705882353,0.055230201170593546,0.00040157494261049874,-3.63484783870438e-05,4.096092950963625e-14,0.08767884824247345,60,0.838849845000027
intervention,p17_s102_phase_best_control2,17,102,custom,0.01,p17_s102_phase_best_control2.npz,code,True,0.0,0.0,2.5,60,cuda,float64,600,59,0.9411764705882353,0.0552633905141405,0.00029483679641864195,-0.00019660043243038827,3.550351902073602e-14,0.0873798672102199,60,0.8340255510000247
intervention,p17_s102_phase_worst,17,102,custom,0.01,p17_s102_phase_worst.npz,code,True,0.0,0.0,2.5,60,cuda,float64,600,59,0.0,0.055347803253214936,-0.0004457565561425493,-0.0006978302381351886,3.5794587436712595e-14,0.08763648191841443,60,0.8133173869999837
intervention,p17_s102_phase_worst_control0,17,102,custom,0.01,p17_s102_phase_worst_control0.npz,code,True,0.0,0.0,2.5,60,cuda,float64,600,59,1.0,0.055159021565657294,0.0013789021024393727,0.0011225152055827498,3.6591845325380316e-14,0.08741146310709667,60,0.8315296790000275
intervention,p17_s102_phase_worst_control1,17,102,custom,0.01,p17_s102_phase_worst_control1.npz,code,True,0.0,0.0,2.5,60,cuda,float64,600,59,0.058823529411764705,0.055313346541473,-0.00015653206202503062,-0.0005170270114954051,3.420113468288865e-14,0.08763509021745489,60,0.8614288090000173
intervention,p17_s102_phase_worst_control2,17,102,custom,0.01,p17_s102_phase_worst_control2.npz,code,True,0.0,0.0,2.5,60,cuda,float64,600,59,0.8823529411764706,0.055325455629435735,0.00015376764500532765,-0.00027278435300774617,3.566880366677411e-14,0.08747554483666979,60,0.9203581610000242
intervention,p17_s102_remove,17,102,custom,0.01,p17_s102_remove.npz,code,True,0.0,0.0,2.5,60,cuda,float64,600,59,0.0,0.055460656549281555,-8.272265131448187e-05,-0.0001402161316483852,3.6887813700443895e-14,0.012844275695959192,60,0.8603596060000314
intervention,p17_s102_remove_control0,17,102,custom,0.01,p17_s102_remove_control0.npz,code,True,0.0,0.0,2.5,60,cuda,float64,600,59,1.0,0.05519846388612994,0.0008038333425929659,0.0003644899309765137,3.467928222278876e-14,0.0932024517637043,60,0.8218740749999824
intervention,p17_s102_remove_control1,17,102,custom,0.01,p17_s102_remove_control1.npz,code,True,0.0,0.0,2.5,60,cuda,float64,600,59,1.0,0.055178467753346463,0.0006814492472365081,0.0003684786670104384,3.726241500638117e-14,0.10429621504249419,60,0.8622067370000082
intervention,p17_s102_remove_control2,17,102,custom,0.01,p17_s102_remove_control2.npz,code,True,0.0,0.0,2.5,60,cuda,float64,600,59,1.0,0.05526205992544445,0.0005549419986205,0.00022310097828733,3.591327804580082e-14,0.08575916156980008,60,0.8307316819999642
intervention,p17_s103_phase_best,17,103,custom,0.01,p17_s103_phase_best.npz,code,True,0.0,0.0,2.5,60,cuda,float64,600,59,1.0,0.05529693955206918,0.0005814073225548613,0.00037242697272658887,3.6607624664100597e-14,0.06315955747730038,60,0.8789257869999574
intervention,p17_s103_phase_best_control0,17,103,custom,0.01,p17_s103_phase_best_control0.npz,code,True,0.0,0.0,2.5,60,cuda,float64,600,59,0.0,0.055425168510519554,-0.0003557456057667991,-0.0005867912767704292,3.579150675998594e-14,0.06338000184336308,60,0.8034028039999725
intervention,p17_s103_phase_best_control1,17,103,custom,0.01,p17_s103_phase_best_control1.npz,code,True,0.0,0.0,2.5,60,cuda,float64,600,59,0.6470588235294118,0.055394285285526826,2.7498710281710065e-05,-0.00025179656748673673,3.605992938339296e-14,0.06334952508096463,60,0.8019606080000017
intervention,p17_s103_phase_best_control2,17,103,custom,0.01,p17_s103_phase_best_control2.npz,code,True,0.0,0.0,2.5,60,cuda,float64,600,59,0.47058823529411764,0.05535336463110901,-1.6200360626514474e-05,-0.00019948800416068335,3.2821392618135055e-14,0.06333201905786841,60,0.8162676119999901
intervention,p17_s103_phase_worst,17,103,custom,0.01,p17_s103_phase_worst.npz,code,True,0.0,0.0,2.5,60,cuda,float64,600,59,0.0,0.05541484888747458,-0.0005052676383149659,-0.0008510104211916919,3.386814153473216e-14,0.06331073184756165,60,0.8645520680000232
intervention,p17_s103_phase_worst_control0,17,103,custom,0.01,p17_s103_phase_worst_control0.npz,code,True,0.0,0.0,2.5,60,cuda,float64,600,59,0.11764705882352941,0.05534753840181655,-0.00010232773088929526,-0.00036726113043987485,3.278321320310505e-14,0.06330930737514413,60,0.8406514000000129
intervention,p17_s103_phase_worst_control1,17,103,custom,0.01,p17_s103_phase_worst_control1.npz,code,True,0.0,0.0,2.5,60,cuda,float64,600,59,1.0,0.05531388512567273,0.0006793480985138845,0.0002941341216639026,3.894048501107642e-14,0.06325480541548646,60,0.8421369469999718
intervention,p17_s103_phase_worst_control2,17,103,custom,0.01,p17_s103_phase_worst_control2.npz,code,True,0.0,0.0,2.5,60,cuda,float64,600,59,0.1764705882352941,0.05541007211732121,-0.0001030754657588774,-0.00031443456148161353,3.36309592130655e-14,0.06334983347340098,60,0.8119029319999527
intervention,p17_s103_remove,17,103,custom,0.01,p17_s103_remove.npz,code,True,0.0,0.0,2.5,60,cuda,float64,600,59,0.058823529411764705,0.05546012595084294,-9.589566746400098e-05,-0.00020007334418882528,3.9730758677814723e-14,0.011425150176818645,60,0.8325021080000283
intervention,p17_s103_remove_control0,17,103,custom,0.01,p17_s103_remove_control0.npz,code,True,0.0,0.0,2.5,60,cuda,float64,600,59,0.0,0.05538844541033061,-0.00033928440299288106,-0.000637419809477624,3.2372191424539735e-14,0.061169008744725424,60,0.8139170410000247
intervention,p17_s103_remove_control1,17,103,custom,0.01,p17_s103_remove_control1.npz,code,True,0.0,0.0,2.5,60,cuda,float64,600,59,0.0,0.05535629983526282,-0.0002946004056272624,-0.0005152799147417064,3.465793681592688e-14,0.06505693617478688,60,0.9094477680000068
intervention,p17_s103_remove_control2,17,103,custom,0.01,p17_s103_remove_control2.npz,code,True,0.0,0.0,2.5,60,cuda,float64,600,59,0.0,0.055369894802676824,-0.0003040382359495393,-0.000551059497247916,3.943664103558724e-14,0.0653163945841702,60,1.851206346999959
intervention,p17_s104_phase_best,17,104,custom,0.01,p17_s104_phase_best.npz,code,True,0.0,0.0,2.5,60,cuda,float64,600,59,1.0,0.055137670358109986,0.0022435612113775438,0.001928689540899517,3.45128479218295e-14,0.09528713735936413,60,1.6004625529999998
intervention,p17_s104_phase_best_control0,17,104,custom,0.01,p17_s104_phase_best_control0.npz,code,True,0.0,0.0,2.5,60,cuda,float64,600,59,0.058823529411764705,0.05526995543423062,-0.00020063034630094038,-0.0004794223020140598,3.4721676798497407e-14,0.0951310090954107,60,1.0858885869999995
intervention,p17_s104_phase_best_control1,17,104,custom,0.01,p17_s104_phase_best_control1.npz,code,True,0.0,0.0,2.5,60,cuda,float64,600,59,1.0,0.05503698338939112,0.002513041241529959,0.001961050359893579,3.340550830537708e-14,0.0950867093848132,60,0.9557193780000262
intervention,p17_s104_phase_best_control2,17,104,custom,0.01,p17_s104_phase_best_control2.npz,code,True,0.0,0.0,2.5,60,cuda,float64,600,59,1.0,0.055078720136364334,0.0016479756451402959,0.0011011648225711101,3.84222588369046e-14,0.0950099925582338,60,1.3870471369999677
intervention,p17_s104_phase_worst,17,104,custom,0.01,p17_s104_phase_worst.npz,code,True,0.0,0.0,2.5,60,cuda,float64,600,59,0.0,0.0553762364655598,-0.0005295044820879211,-0.0009097170127790183,3.3267271094809506e-14,0.09549369905966254,60,1.2677119670000252
intervention,p17_s104_phase_worst_control0,17,104,custom,0.01,p17_s104_phase_worst_control0.npz,code,True,0.0,0.0,2.5,60,cuda,float64,600,59,1.0,0.05525429316194149,0.000976660462229495,0.00042760186438371706,3.6579809522150886e-14,0.09541139911447827,60,1.0992645430000039
intervention,p17_s104_phase_worst_control1,17,104,custom,0.01,p17_s104_phase_worst_control1.npz,code,True,0.0,0.0,2.5,60,cuda,float64,600,59,0.6470588235294118,0.055299196337021864,7.099326825508685e-05,-0.00029576008880467797,3.61446264786212e-14,0.09524685534744212,60,1.228024841999968
intervention,p17_s104_phase_worst_control2,17,104,custom,0.01,p17_s104_phase_worst_control2.npz,code,True,0.0,0.0,2.5,60,cuda,float64,600,59,0.6470588235294118,0.05519888630073223,0.00012108636127842529,-0.0001915811458117339,3.7241967692084e-14,0.0951557974827945,60,1.266521484000009
intervention,p17_s104_remove,17,104,custom,0.01,p17_s104_remove.npz,code,True,0.0,0.0,2.5,60,cuda,float64,600,59,0.058823529411764705,0.055460730641177854,-0.00012225815746770726,-0.00017184986798321478,3.3785413140508755e-14,0.012238613589100994,60,0.9499820700000328
intervention,p17_s104_remove_control0,17,104,custom,0.01,p17_s104_remove_control0.npz,code,True,0.0,0.0,2.5,60,cuda,float64,600,59,1.0,0.05519072443481765,0.000814575408118505,0.00040738782816346353,3.587109536011878e-14,0.09347614730158418,60,1.0637478180000244
intervention,p17_s104_remove_control1,17,104,custom,0.01,p17_s104_remove_control1.npz,code,True,0.0,0.0,2.5,60,cuda,float64,600,59,1.0,0.05522858980527197,0.0006979742490059456,0.00034949822916152673,3.3935919380188845e-14,0.0848404100792463,60,1.0086189140000101
intervention,p17_s104_remove_control2,17,104,custom,0.01,p17_s104_remove_control2.npz,code,True,0.0,0.0,2.5,60,cuda,float64,600,59,1.0,0.0551176632058329,0.0016194990497633696,0.0013573094730938706,3.4449273693732244e-14,0.09730780030094385,60,0.9995852050000167
intervention,p17_s105_phase_best,17,105,custom,0.01,p17_s105_phase_best.npz,code,True,0.0,0.0,2.5,60,cuda,float64,600,59,0.29411764705882354,0.055442211437673576,-2.1765788480997384e-05,-0.00020349291728614938,3.678424707519677e-14,0.02664870418940747,60,1.2588936270000204
intervention,p17_s105_phase_best_control0,17,105,custom,0.01,p17_s105_phase_best_control0.npz,code,True,0.0,0.0,2.5,60,cuda,float64,600,59,0.1764705882352941,0.055447243365238305,-8.26088818831853e-05,-0.0002610761472869455,3.569602811416927e-14,0.02667590462382386,60,1.2992433849999543
intervention,p17_s105_phase_best_control1,17,105,custom,0.01,p17_s105_phase_best_control1.npz,code,True,0.0,0.0,2.5,60,cuda,float64,600,59,0.23529411764705882,0.055446233431429424,-5.436921016874861e-05,-0.00019198254760323386,3.708289770320127e-14,0.026667491088235202,60,1.1348748610000143
intervention,p17_s105_phase_best_control2,17,105,custom,0.01,p17_s105_phase_best_control2.npz,code,True,0.0,0.0,2.5,60,cuda,float64,600,59,0.23529411764705882,0.05545111619399532,-8.040692697778148e-05,-0.00029520437327083815,3.33460465759996e-14,0.02668414363052972,60,1.0492143459999852
intervention,p17_s105_phase_worst,17,105,custom,0.01,p17_s105_phase_worst.npz,code,True,0.0,0.0,2.5,60,cuda,float64,600,59,0.0,0.05545152688481048,-0.00012651557420507344,-0.00030224367218659176,3.3610146249312844e-14,0.026677983189675385,60,1.1120900259999758
intervention,p17_s105_phase_worst_control0,17,105,custom,0.01,p17_s105_phase_worst_control0.npz,code,True,0.0,0.0,2.5,60,cuda,float64,600,59,0.23529411764705882,0.05544624528536185,-5.72263240265418e-05,-0.00025103791943290044,3.337614396729447e-14,0.026666170314192113,60,1.6097466690000033
intervention,p17_s105_phase_worst_control1,17,105,custom,0.01,p17_s105_phase_worst_control1.npz,code,True,0.0,0.0,2.5,60,cuda,float64,600,59,0.058823529411764705,0.055449111493529865,-8.780813934145879e-05,-0.0002170261487823011,3.497896507888458e-14,0.026676678985106787,60,1.6150750030000154
intervention,p17_s105_phase_worst_control2,17,105,custom,0.01,p17_s105_phase_worst_control2.npz,code,True,0.0,0.0,2.5,60,cuda,float64,600,59,0.058823529411764705,0.05545154341959971,-0.00012234063457317444,-0.0003012206302691195,3.4659115111526595e-14,0.026684589269837015,60,0.99921869100001
intervention,p17_s105_remove,17,105,custom,0.01,p17_s105_remove.npz,code,True,0.0,0.0,2.5,60,cuda,float64,600,59,0.058823529411764705,0.055460782381965966,-0.00011224948176247768,-0.00024135387525853202,3.4316814271033124e-14,0.011947464978751432,60,1.0593501970000148
intervention,p17_s105_remove_control0,17,105,custom,0.01,p17_s105_remove_control0.npz,code,True,0.0,0.0,2.5,60,cuda,float64,600,59,0.11764705882352941,0.05544298504461188,-0.00013298347543005064,-0.0003247472193889239,3.5976693349193474e-14,0.02890302847849914,60,0.9816447419999577
intervention,p17_s105_remove_control1,17,105,custom,0.01,p17_s105_remove_control1.npz,code,True,0.0,0.0,2.5,60,cuda,float64,600,59,0.058823529411764705,0.0554467130930599,-0.000130418037768343,-0.0003015847440571845,3.2515127567239903e-14,0.02753876055515809,60,1.202424140000005
intervention,p17_s105_remove_control2,17,105,custom,0.01,p17_s105_remove_control2.npz,code,True,0.0,0.0,2.5,60,cuda,float64,600,59,0.11764705882352941,0.05543932505486586,-0.00014246418847482136,-0.00031048905887361145,3.4828464844968625e-14,0.03037156878138498,60,1.0572099469999898
intervention,p17_s106_phase_best,17,106,custom,0.01,p17_s106_phase_best.npz,code,True,0.0,0.0,2.5,60,cuda,float64,600,59,1.0,0.05504483027905891,0.002696212365928279,0.0022192451701157634,3.5161850440067855e-14,0.09703440782332179,60,1.8256190010000068
intervention,p17_s106_phase_best_control0,17,106,custom,0.01,p17_s106_phase_best_control0.npz,code,True,0.0,0.0,2.5,60,cuda,float64,600,59,1.0,0.05515736800607155,0.000814227562631754,0.00033907342788520867,3.4977193575767935e-14,0.09717299376874444,60,1.2055074289999652
intervention,p17_s106_phase_best_control1,17,106,custom,0.01,p17_s106_phase_best_control1.npz,code,True,0.0,0.0,2.5,60,cuda,float64,600,59,1.0,0.0551047193360117,0.0014728790698621214,0.0009964900257956044,3.784402878925473e-14,0.09694509241487345,60,1.0872172800000044
intervention,p17_s106_phase_best_control2,17,106,custom,0.01,p17_s106_phase_best_control2.npz,code,True,0.0,0.0,2.5,60,cuda,float64,600,59,0.8235294117647058,0.055272318869655064,0.000307654371257423,-8.821134622123694e-05,3.367467947955167e-14,0.09716097292212271,60,1.1327655750000076
intervention,p17_s106_phase_worst,17,106,custom,0.01,p17_s106_phase_worst.npz,code,True,0.0,0.0,2.5,60,cuda,float64,600,59,0.0,0.055399525759602455,-0.001016605329679414,-0.0013134319972451514,3.472877151246631e-14,0.09732673276252946,60,1.122525945999996
intervention,p17_s106_phase_worst_control0,17,106,custom,0.01,p17_s106_phase_worst_control0.npz,code,True,0.0,0.0,2.5,60,cuda,float64,600,59,1.0,0.055069874678456913,0.0008324126007496319,0.0004554773921336269,3.490883737790948e-14,0.09692688728389816,60,1.0014628800000196
intervention,p17_s106_phase_worst_control1,17,106,custom,0.01,p17_s106_phase_worst_control1.npz,code,True,0.0,0.0,2.5,60,cuda,float64,600,59,1.0,0.055146290346114187,0.0010516258868502489,0.000712515752913187,3.861676530765944e-14,0.09708908150116978,60,1.3941286909999917
intervention,p17_s106_phase_worst_control2,17,106,custom,0.01,p17_s106_phase_worst_control2.npz,code,True,0.0,0.0,2.5,60,cuda,float64,600,59,0.23529411764705882,0.055352614851604025,-0.0001802310753951024,-0.00047631344928077135,3.522364577668944e-14,0.09717612764630795,60,1.290896465000003
intervention,p17_s106_remove,17,106,custom,0.01,p17_s106_remove.npz,code,True,0.0,0.0,2.5,60,cuda,float64,600,59,0.058823529411764705,0.0554611410545811,-0.00013650969989140743,-0.0002083414858143201,4.036778234037856e-14,0.01293533382725468,60,1.2625496480000038
intervention,p17_s106_remove_control0,17,106,custom,0.01,p17_s106_remove_control0.npz,code,True,0.0,0.0,2.5,60,cuda,float64,600,59,0.5882352941176471,0.055360039551635695,8.899393076434023e-05,-0.00038281785916545463,3.615511253228514e-14,0.09556295812703408,60,1.4191153620000136
intervention,p17_s106_remove_control1,17,106,custom,0.01,p17_s106_remove_control1.npz,code,True,0.0,0.0,2.5,60,cuda,float64,600,59,0.11764705882352941,0.055286026696611,-0.00014336093244544525,-0.00039475909919968466,3.4592004867824506e-14,0.09154378406596905,60,1.0898248170000215
intervention,p17_s106_remove_control2,17,106,custom,0.01,p17_s106_remove_control2.npz,code,True,0.0,0.0,2.5,60,cuda,float64,600,59,0.0,0.055324983144209104,-0.0005405480378600274,-0.0008326449925095403,3.860708625140349e-14,0.09943548115061901,60,1.356586486000026
intervention,p17_s107_phase_best,17,107,custom,0.01,p17_s107_phase_best.npz,code,True,0.0,0.0,2.5,60,cuda,float64,600,59,1.0,0.054834952589750525,0.0043961371798071705,0.0036541754124303494,3.687039736600325e-14,0.12255619703953292,60,1.731009590000042
intervention,p17_s107_phase_best_control0,17,107,custom,0.01,p17_s107_phase_best_control0.npz,code,True,0.0,0.0,2.5,60,cuda,float64,600,59,1.0,0.05506898984448955,0.0015837522975560953,0.0005538340617014248,3.7439261396344144e-14,0.12268545250443355,60,1.950695426999971
intervention,p17_s107_phase_best_control1,17,107,custom,0.01,p17_s107_phase_best_control1.npz,code,True,0.0,0.0,2.5,60,cuda,float64,600,59,1.0,0.055030985419800255,0.00222197224156244,0.0016471476645210092,3.359142532004945e-14,0.12254691451974084,60,1.7711475049999876
intervention,p17_s107_phase_best_control2,17,107,custom,0.01,p17_s107_phase_best_control2.npz,code,True,0.0,0.0,2.5,60,cuda,float64,600,59,0.11764705882352941,0.0553375224593032,-0.0003620220068129434,-0.0009339971467683533,3.738153682283505e-14,0.12299579899570563,60,1.25516723100003
intervention,p17_s107_phase_worst,17,107,custom,0.01,p17_s107_phase_worst.npz,code,True,0.0,0.0,2.5,60,cuda,float64,600,59,0.058823529411764705,0.05533102473466355,-0.0007939206890145303,-0.0013838857846272118,3.539509870158808e-14,0.12285640332360043,60,1.2430362989999821
intervention,p17_s107_phase_worst_control0,17,107,custom,0.01,p17_s107_phase_worst_control0.npz,code,True,0.0,0.0,2.5,60,cuda,float64,600,59,0.058823529411764705,0.05533102473466355,-0.0007939206890145303,-0.0013838857846272118,3.539509870158808e-14,0.12285640332360043,60,0.9889578909999841
intervention,p17_s107_phase_worst_control1,17,107,custom,0.01,p17_s107_phase_worst_control1.npz,code,True,0.0,0.0,2.5,60,cuda,float64,600,59,0.058823529411764705,0.05533102473466355,-0.0007939206890145303,-0.0013838857846272118,3.539509870158808e-14,0.12285640332360043,60,1.0587155279999934
intervention,p17_s107_phase_worst_control2,17,107,custom,0.01,p17_s107_phase_worst_control2.npz,code,True,0.0,0.0,2.5,60,cuda,float64,600,59,0.058823529411764705,0.05533102473466355,-0.0007939206890145303,-0.0013838857846272118,3.539509870158808e-14,0.12285640332360043,60,1.193551565000007
intervention,p17_s107_remove,17,107,custom,0.01,p17_s107_remove.npz,code,True,0.0,0.0,2.5,60,cuda,float64,600,59,0.11764705882352941,0.05546044951702417,-0.0001007183106597345,-0.00018531717214034793,3.786641274219458e-14,0.013302671431475217,60,1.6354256619999887
intervention,p17_s107_remove_control0,17,107,custom,0.01,p17_s107_remove_control0.npz,code,True,0.0,0.0,2.5,60,cuda,float64,600,59,0.0,0.055351829368384134,-0.0009748883315373373,-0.00170877119461324,3.823213849851975e-14,0.11007441479387424,60,1.7573646750000194
intervention,p17_s107_remove_control1,17,107,custom,0.01,p17_s107_remove_control1.npz,code,True,0.0,0.0,2.5,60,cuda,float64,600,59,0.0,0.05534419168962217,-0.0007300705051972004,-0.0012294791627273927,3.349353347119961e-14,0.11869407076751634,60,1.9493887090000044
intervention,p17_s107_remove_control2,17,107,custom,0.01,p17_s107_remove_control2.npz,code,True,0.0,0.0,2.5,60,cuda,float64,600,59,0.058823529411764705,0.05529094091600763,-0.0004671811380056016,-0.0009564696798430167,3.4063158323495665e-14,0.1330506750220242,60,1.6281838369999946
intervention,p17_s108_phase_best,17,108,custom,0.01,p17_s108_phase_best.npz,code,True,0.0,0.0,2.5,60,cuda,float64,600,59,1.0,0.05482494811522418,0.004227871701507696,0.0035109404066576977,3.9507563586948716e-14,0.12269472742868939,60,1.3792298920000121
intervention,p17_s108_phase_best_control0,17,108,custom,0.01,p17_s108_phase_best_control0.npz,code,True,0.0,0.0,2.5,60,cuda,float64,600,59,1.0,0.05489305512501597,0.002346760392545998,0.0017903886499153199,3.643010637063447e-14,0.12269493455063595,60,1.9324330339999847
intervention,p17_s108_phase_best_control1,17,108,custom,0.01,p17_s108_phase_best_control1.npz,code,True,0.0,0.0,2.5,60,cuda,float64,600,59,1.0,0.05501356121334024,0.0017158880727958833,0.0013862583003429463,4.0358635849381106e-14,0.12318824930690395,60,1.6013222690000362
intervention,p17_s108_phase_best_control2,17,108,custom,0.01,p17_s108_phase_best_control2.npz,code,True,0.0,0.0,2.5,60,cuda,float64,600,59,1.0,0.055024477896285874,0.002405263206675824,0.0018753826802506146,3.496047066135187e-14,0.12312548806075267,60,1.158043212999985
intervention,p17_s108_phase_worst,17,108,custom,0.01,p17_s108_phase_worst.npz,code,True,0.0,0.0,2.5,60,cuda,float64,600,59,0.0,0.05534626436416799,-0.00116458293758614,-0.0016058370103665537,3.453047368801291e-14,0.12303874753621581,60,1.293122622999988
intervention,p17_s108_phase_worst_control0,17,108,custom,0.01,p17_s108_phase_worst_control0.npz,code,True,0.0,0.0,2.5,60,cuda,float64,600,59,0.6470588235294118,0.05490573118689472,0.000160686612433695,-0.0003315900439895686,3.84735567367909e-14,0.12283978555109805,60,0.9846280419999971
intervention,p17_s108_phase_worst_control1,17,108,custom,0.01,p17_s108_phase_worst_control1.npz,code,True,0.0,0.0,2.5,60,cuda,float64,600,59,1.0,0.055105709485153635,0.0006214819019604146,7.13404159035369e-05,3.483656385016883e-14,0.1223739334675799,60,0.9929299480000395
intervention,p17_s108_phase_worst_control2,17,108,custom,0.01,p17_s108_phase_worst_control2.npz,code,True,0.0,0.0,2.5,60,cuda,float64,600,59,1.0,0.054996323948795674,0.002504898668851981,0.0017529979358645448,3.363783317615339e-14,0.12318509736038859,60,1.080714778000015
intervention,p17_s108_remove,17,108,custom,0.01,p17_s108_remove.npz,code,True,0.0,0.0,2.5,60,cuda,float64,600,59,0.0,0.05546033250915748,-9.980171078816102e-05,-0.00020783583726215193,3.322316757411944e-14,0.011334450566507174,60,1.0880095260000076
intervention,p17_s108_remove_control0,17,108,custom,0.01,p17_s108_remove_control0.npz,code,True,0.0,0.0,2.5,60,cuda,float64,600,59,1.0,0.054973598975912426,0.0019293411050886708,0.0016121742222476448,3.958034308167922e-14,0.12681495681969965,60,1.223130647000005
intervention,p17_s108_remove_control1,17,108,custom,0.01,p17_s108_remove_control1.npz,code,True,0.0,0.0,2.5,60,cuda,float64,600,59,1.0,0.05486423159120547,0.0021617075167553006,0.0017826492339859529,3.31781830328574e-14,0.13254743656845194,60,1.1772999659999641
intervention,p17_s108_remove_control2,17,108,custom,0.01,p17_s108_remove_control2.npz,code,True,0.0,0.0,2.5,60,cuda,float64,600,59,1.0,0.055176195680803355,0.0005089111981006568,0.00024270964362854697,3.250959786717227e-14,0.09956040491001227,60,1.2307524569999941
intervention,p17_s109_phase_best,17,109,custom,0.01,p17_s109_phase_best.npz,code,True,0.0,0.0,2.5,60,cuda,float64,600,59,1.0,0.05479502335958444,0.0037896238449103654,0.0032696050608611443,3.3202616675684346e-14,0.12163057810566989,60,0.9930885169999897
intervention,p17_s109_phase_best_control0,17,109,custom,0.01,p17_s109_phase_best_control0.npz,code,True,0.0,0.0,2.5,60,cuda,float64,600,59,1.0,0.05474565549805774,0.003052428745239642,0.002597560368043067,3.6718497454424693e-14,0.12149602467577869,60,0.9778716600000052
intervention,p17_s109_phase_best_control1,17,109,custom,0.01,p17_s109_phase_best_control1.npz,code,True,0.0,0.0,2.5,60,cuda,float64,600,59,1.0,0.054814343086126205,0.00317586682095377,0.0027049042352904895,3.6496982002582424e-14,0.12162453106590801,60,0.9671931359999917
intervention,p17_s109_phase_best_control2,17,109,custom,0.01,p17_s109_phase_best_control2.npz,code,True,0.0,0.0,2.5,60,cuda,float64,600,59,1.0,0.054737127783116235,0.0035027988458563412,0.003109494532225421,3.830641926233034e-14,0.12170846249370021,60,1.1068411740000101
intervention,p17_s109_phase_worst,17,109,custom,0.01,p17_s109_phase_worst.npz,code,True,0.0,0.0,2.5,60,cuda,float64,600,59,0.0,0.055311721461571206,-0.0008315323471774143,-0.0015979591370962332,4.215517538455408e-14,0.12195569414105854,60,1.122252120999974
intervention,p17_s109_phase_worst_control0,17,109,custom,0.01,p17_s109_phase_worst_control0.npz,code,True,0.0,0.0,2.5,60,cuda,float64,600,59,1.0,0.05488062568147866,0.0026283879226239844,0.0018014117277247305,3.404149646358941e-14,0.12201533538190759,60,1.132515810999962
intervention,p17_s109_phase_worst_control1,17,109,custom,0.01,p17_s109_phase_worst_control1.npz,code,True,0.0,0.0,2.5,60,cuda,float64,600,59,1.0,0.054891053427410894,0.0013222274364380361,0.0009576899211561352,3.499226762831089e-14,0.12141402256468857,60,1.0561400810000237
intervention,p17_s109_phase_worst_control2,17,109,custom,0.01,p17_s109_phase_worst_control2.npz,code,True,0.0,0.0,2.5,60,cuda,float64,600,59,1.0,0.05500769781097476,0.001670934380177488,0.0012368845775240084,3.4007966951003286e-14,0.12192657276545633,60,1.0303214870000375
intervention,p17_s109_remove,17,109,custom,0.01,p17_s109_remove.npz,code,True,0.0,0.0,2.5,60,cuda,float64,600,59,0.0,0.05546089621388909,-0.00012662446152299304,-0.00023718597416655385,3.718583939466813e-14,0.011926275656381687,60,1.0359422399999971
intervention,p17_s109_remove_control0,17,109,custom,0.01,p17_s109_remove_control0.npz,code,True,0.0,0.0,2.5,60,cuda,float64,600,59,1.0,0.05485023655254026,0.003025126769615616,0.0026030215879036117,3.580012154003931e-14,0.11298743748077125,60,0.943337463999967
intervention,p17_s109_remove_control1,17,109,custom,0.01,p17_s109_remove_control1.npz,code,True,0.0,0.0,2.5,60,cuda,float64,600,59,1.0,0.05480299715092976,0.004153069462966729,0.003517087762817603,3.588932294208658e-14,0.1209629413124294,60,1.0542433930000357
intervention,p17_s109_remove_control2,17,109,custom,0.01,p17_s109_remove_control2.npz,code,True,0.0,0.0,2.5,60,cuda,float64,600,59,1.0,0.0547136685465899,0.004059262569237882,0.0035922093395644866,3.5780396532518356e-14,0.12355627835678668,60,0.9211191900000131
intervention,p17_s110_phase_best,17,110,custom,0.01,p17_s110_phase_best.npz,code,True,0.0,0.0,2.5,60,cuda,float64,600,59,1.0,0.05515558896203411,0.001569344656802055,0.0011713683832327848,3.474473212825453e-14,0.10542840525288384,60,0.9658917440000323
intervention,p17_s110_phase_best_control0,17,110,custom,0.01,p17_s110_phase_best_control0.npz,code,True,0.0,0.0,2.5,60,cuda,float64,600,59,0.8823529411764706,0.05514617583331945,0.0002290265308906956,-0.0004160245827365544,3.622739735013367e-14,0.1057166972840797,60,0.9827830070000232
intervention,p17_s110_phase_best_control1,17,110,custom,0.01,p17_s110_phase_best_control1.npz,code,True,0.0,0.0,2.5,60,cuda,float64,600,59,1.0,0.054928008786409604,0.0029260458318341666,0.0023103122951101396,3.394773249987515e-14,0.10591844905243111,60,0.9520035419999999
intervention,p17_s110_phase_best_control2,17,110,custom,0.01,p17_s110_phase_best_control2.npz,code,True,0.0,0.0,2.5,60,cuda,float64,600,59,1.0,0.055015399634841575,0.002856164681161406,0.0023940569662651845,3.753973572553067e-14,0.10598070288685871,60,0.9923133209999833
intervention,p17_s110_phase_worst,17,110,custom,0.01,p17_s110_phase_worst.npz,code,True,0.0,0.0,2.5,60,cuda,float64,600,59,0.0,0.055315276905223726,-0.0008555313575982689,-0.0013191804670004414,3.731945637322871e-14,0.10554717511464355,60,1.0709229959999789
intervention,p17_s110_phase_worst_control0,17,110,custom,0.01,p17_s110_phase_worst_control0.npz,code,True,0.0,0.0,2.5,60,cuda,float64,600,59,1.0,0.05515537088452249,0.0007771117717323768,0.0002666215793835913,3.793022688262605e-14,0.1059233289476514,60,1.0422084269999914
intervention,p17_s110_phase_worst_control1,17,110,custom,0.01,p17_s110_phase_worst_control1.npz,code,True,0.0,0.0,2.5,60,cuda,float64,600,59,0.9411764705882353,0.05522069899869548,0.0006650336793091468,-2.665941412391404e-06,3.451703150981355e-14,0.10588198923747837,60,1.036117896999997
intervention,p17_s110_phase_worst_control2,17,110,custom,0.01,p17_s110_phase_worst_control2.npz,code,True,0.0,0.0,2.5,60,cuda,float64,600,59,1.0,0.05514910949365694,0.0012052744251721413,0.0005663318824047636,3.3567289716016894e-14,0.10593609605365115,60,1.0534327130000065
intervention,p17_s110_remove,17,110,custom,0.01,p17_s110_remove.npz,code,True,0.0,0.0,2.5,60,cuda,float64,600,59,0.0,0.05546045071385186,-9.78694622303443e-05,-0.00017814241701101519,3.5143139110782973e-14,0.012636003688033767,60,0.9637709859999859
intervention,p17_s110_remove_control0,17,110,custom,0.01,p17_s110_remove_control0.npz,code,True,0.0,0.0,2.5,60,cuda,float64,600,59,1.0,0.05499181210966649,0.0012160949250128719,0.0009065757731748086,3.4792830164517463e-14,0.10707209349294826,60,1.0673641779999912
intervention,p17_s110_remove_control1,17,110,custom,0.01,p17_s110_remove_control1.npz,code,True,0.0,0.0,2.5,60,cuda,float64,600,59,1.0,0.055091793555578174,0.0011141978549753934,0.0006748551514135226,3.377895515504402e-14,0.0946679703083648,60,1.1107661249999978
intervention,p17_s110_remove_control2,17,110,custom,0.01,p17_s110_remove_control2.npz,code,True,0.0,0.0,2.5,60,cuda,float64,600,59,1.0,0.05511478169841095,0.0007206913191249172,0.0004936775473316224,3.36018130092494e-14,0.0914976967120239,60,1.1094025460000125
intervention,p17_s111_phase_best,17,111,custom,0.01,p17_s111_phase_best.npz,code,True,0.0,0.0,2.5,60,cuda,float64,600,59,1.0,0.05528822236870029,0.0009330305902016087,0.0006106323106795375,3.2878646659696536e-14,0.06413412810964846,60,1.1419377320000308
intervention,p17_s111_phase_best_control0,17,111,custom,0.01,p17_s111_phase_best_control0.npz,code,True,0.0,0.0,2.5,60,cuda,float64,600,59,1.0,0.05531031311095489,0.0005292467039388953,0.0002988715931151048,3.753764282114957e-14,0.06418874971332747,60,1.0771576619999905
intervention,p17_s111_phase_best_control1,17,111,custom,0.01,p17_s111_phase_best_control1.npz,code,True,0.0,0.0,2.5,60,cuda,float64,600,59,0.7647058823529411,0.05536533119477995,0.00014869865848881272,-0.0002367698157883097,3.569154134265568e-14,0.06425781355442592,60,0.9998687460000042
intervention,p17_s111_phase_best_control2,17,111,custom,0.01,p17_s111_phase_best_control2.npz,code,True,0.0,0.0,2.5,60,cuda,float64,600,59,1.0,0.05530907078087958,0.0007009717038140369,0.00030110599533085536,3.3924326263928145e-14,0.06417335902487982,60,1.041191629000025
intervention,p17_s111_phase_worst,17,111,custom,0.01,p17_s111_phase_worst.npz,code,True,0.0,0.0,2.5,60,cuda,float64,600,59,0.0,0.05541252847094557,-0.00035256111943129123,-0.0006690355597596398,3.8412772451221183e-14,0.0642920541166798,60,1.1755976540000006
intervention,p17_s111_phase_worst_control0,17,111,custom,0.01,p17_s111_phase_worst_control0.npz,code,True,0.0,0.0,2.5,60,cuda,float64,600,59,0.0,0.05541483759757987,-0.0002536909397080859,-0.0004941405811315913,3.3836393624302246e-14,0.0642535756425549,60,1.0956195499999808
intervention,p17_s111_phase_worst_control1,17,111,custom,0.01,p17_s111_phase_worst_control1.npz,code,True,0.0,0.0,2.5,60,cuda,float64,600,59,0.11764705882352941,0.05543405983846383,-0.00016795785919199494,-0.00043113492692431477,3.56818747475384e-14,0.06434503443164052,60,0.964357720999999
intervention,p17_s111_phase_worst_control2,17,111,custom,0.01,p17_s111_phase_worst_control2.npz,code,True,0.0,0.0,2.5,60,cuda,float64,600,59,0.5882352941176471,0.0553819106594172,0.00010570651943044345,-0.00024304285648608925,3.587005135170281e-14,0.06429386420899022,60,1.084642568999982
intervention,p17_s111_remove,17,111,custom,0.01,p17_s111_remove.npz,code,True,0.0,0.0,2.5,60,cuda,float64,600,59,0.0,0.05546120129734179,-9.88637725943248e-05,-0.00019244092266106072,3.419250089848826e-14,0.01272809303981051,60,1.0821660459999976
intervention,p17_s111_remove_control0,17,111,custom,0.01,p17_s111_remove_control0.npz,code,True,0.0,0.0,2.5,60,cuda,float64,600,59,0.058823529411764705,0.0554102012051611,-0.00019628246209132377,-0.0005184386701565652,3.809940113586758e-14,0.05921317894578062,60,1.0290920429999915
intervention,p17_s111_remove_control1,17,111,custom,0.01,p17_s111_remove_control1.npz,code,True,0.0,0.0,2.5,60,cuda,float64,600,59,0.6470588235294118,0.05538394673490293,5.64658576820551e-05,-0.00028123230192536597,3.561238863730323e-14,0.06388499793627017,60,1.0294032799999968
intervention,p17_s111_remove_control2,17,111,custom,0.01,p17_s111_remove_control2.npz,code,True,0.0,0.0,2.5,60,cuda,float64,600,59,0.29411764705882354,0.05537149898447802,-0.0001254532220375673,-0.0004981436998987981,3.474839116379321e-14,0.07008662392096268,60,1.2180165689999853
intervention,p17_s112_phase_best,17,112,custom,0.01,p17_s112_phase_best.npz,code,True,0.0,0.0,2.5,60,cuda,float64,600,59,1.0,0.05518891342209529,0.0014339220697151985,0.0010138418926659426,3.9257450136480705e-14,0.1075094188270978,60,0.9107885819999524
intervention,p17_s112_phase_best_control0,17,112,custom,0.01,p17_s112_phase_best_control0.npz,code,True,0.0,0.0,2.5,60,cuda,float64,600,59,1.0,0.05517845762251909,0.0014777548491769978,0.0010553719815484391,3.429303976759517e-14,0.10748352281321097,60,0.9013575100000253
intervention,p17_s112_phase_best_control1,17,112,custom,0.01,p17_s112_phase_best_control1.npz,code,True,0.0,0.0,2.5,60,cuda,float64,600,59,1.0,0.05518634893370282,0.0014116578902080355,0.000982667273844759,4.0427933271389366e-14,0.1075231820878722,60,1.0025037879999559
intervention,p17_s112_phase_best_control2,17,112,custom,0.01,p17_s112_phase_best_control2.npz,code,True,0.0,0.0,2.5,60,cuda,float64,600,59,1.0,0.05519192523645317,0.0012923249919099447,0.0008579350983943523,3.4137574202531885e-14,0.10749419812683626,60,0.979442014999961
intervention,p17_s112_phase_worst,17,112,custom,0.01,p17_s112_phase_worst.npz,code,True,0.0,0.0,2.5,60,cuda,float64,600,59,0.3529411764705882,0.05529834422690456,-0.0002326659548013617,-0.0006254279896174136,3.477798568349676e-14,0.10758548640090818,60,1.042903602000024
intervention,p17_s112_phase_worst_control0,17,112,custom,0.01,p17_s112_phase_worst_control0.npz,code,True,0.0,0.0,2.5,60,cuda,float64,600,59,1.0,0.05515815191369793,0.0012812113670631392,0.0008429425721036277,3.8301025509191706e-14,0.10763437744398771,60,1.0751413890000094
intervention,p17_s112_phase_worst_control1,17,112,custom,0.01,p17_s112_phase_worst_control1.npz,code,True,0.0,0.0,2.5,60,cuda,float64,600,59,1.0,0.055265708145738904,0.0004921535606195108,6.042849497282787e-05,3.50725937102681e-14,0.10746904762607998,60,1.021349454000017
intervention,p17_s112_phase_worst_control2,17,112,custom,0.01,p17_s112_phase_worst_control2.npz,code,True,0.0,0.0,2.5,60,cuda,float64,600,59,1.0,0.05510745207612544,0.0015111406237035968,0.0010598887618541442,3.56942511067855e-14,0.1074516432116804,60,1.1010165239999878
intervention,p17_s112_remove,17,112,custom,0.01,p17_s112_remove.npz,code,True,0.0,0.0,2.5,60,cuda,float64,600,59,0.058823529411764705,0.0554603073537515,-9.314116976109408e-05,-0.00022104007557190164,3.77577404176622e-14,0.012705160822023717,60,1.0725355859999581
intervention,p17_s112_remove_control0,17,112,custom,0.01,p17_s112_remove_control0.npz,code,True,0.0,0.0,2.5,60,cuda,float64,600,59,1.0,0.05522122158214123,0.000966762316038626,0.0005871876561514694,3.668357392099406e-14,0.10901045607970831,60,1.0937850539999658
intervention,p17_s112_remove_control1,17,112,custom,0.01,p17_s112_remove_control1.npz,code,True,0.0,0.0,2.5,60,cuda,float64,600,59,1.0,0.05521735445607835,0.0010503738064568196,0.0004361247452012995,3.300682890579033e-14,0.1041312081911742,60,0.963549664000027
intervention,p17_s112_remove_control2,17,112,custom,0.01,p17_s112_remove_control2.npz,code,True,0.0,0.0,2.5,60,cuda,float64,600,59,1.0,0.055210094115756864,0.0013029436994389063,0.0008049801549061819,3.828344383748868e-14,0.10348457237450659,60,0.9949012499999981
intervention,p17_s113_phase_best,17,113,custom,0.01,p17_s113_phase_best.npz,code,True,0.0,0.0,2.5,60,cuda,float64,600,59,1.0,0.05500144321638052,0.002807798600652182,0.0024033401139616495,3.7488578262662355e-14,0.09894467497198522,60,1.0448840829999995
intervention,p17_s113_phase_best_control0,17,113,custom,0.01,p17_s113_phase_best_control0.npz,code,True,0.0,0.0,2.5,60,cuda,float64,600,59,1.0,0.055093172853832945,0.0014795089774440467,0.0011674070370671918,3.504684910375741e-14,0.09858352626186616,60,0.9998793080000041
intervention,p17_s113_phase_best_control1,17,113,custom,0.01,p17_s113_phase_best_control1.npz,code,True,0.0,0.0,2.5,60,cuda,float64,600,59,1.0,0.055187661927475935,0.0006718781055901591,0.00023505771978406254,3.826464314012321e-14,0.09891028728356628,60,1.0550946570000406
intervention,p17_s113_phase_best_control2,17,113,custom,0.01,p17_s113_phase_best_control2.npz,code,True,0.0,0.0,2.5,60,cuda,float64,600,59,1.0,0.05507775215063981,0.001903581377266227,0.0013519046093930648,3.662614913394192e-14,0.09902953233418206,60,0.9678715900000157
intervention,p17_s113_phase_worst,17,113,custom,0.01,p17_s113_phase_worst.npz,code,True,0.0,0.0,2.5,60,cuda,float64,600,59,0.0,0.05539464820532423,-0.0004956191236881009,-0.0009497971717698367,3.393508151731119e-14,0.09926188153744607,60,1.0253579430000173
intervention,p17_s113_phase_worst_control0,17,113,custom,0.01,p17_s113_phase_worst_control0.npz,code,True,0.0,0.0,2.5,60,cuda,float64,600,59,1.0,0.05527200779883985,0.0007660114274464837,0.0005639238824060727,3.2663562685590675e-14,0.09874238432633163,60,1.1153731379999954
intervention,p17_s113_phase_worst_control1,17,113,custom,0.01,p17_s113_phase_worst_control1.npz,code,True,0.0,0.0,2.5,60,cuda,float64,600,59,0.058823529411764705,0.05510781003084733,-0.00025836126364666274,-0.00062383943130985,3.330674598005743e-14,0.09874633153652808,60,1.1201386930000012
intervention,p17_s113_phase_worst_control2,17,113,custom,0.01,p17_s113_phase_worst_control2.npz,code,True,0.0,0.0,2.5,60,cuda,float64,600,59,1.0,0.05508343695987012,0.00169844515203055,0.001268136940533876,3.3159005817911683e-14,0.09865180322005153,60,0.9720327569999654
intervention,p17_s113_remove,17,113,custom,0.01,p17_s113_remove.npz,code,True,0.0,0.0,2.5,60,cuda,float64,600,59,0.058823529411764705,0.055461183465901516,-0.00013255278481323138,-0.0002536023009962196,3.4478596651274465e-14,0.013483727036771349,60,0.9365089589999798
intervention,p17_s113_remove_control0,17,113,custom,0.01,p17_s113_remove_control0.npz,code,True,0.0,0.0,2.5,60,cuda,float64,600,59,1.0,0.05513363225885342,0.001286975980426391,0.0008423058557184976,3.4080948211585235e-14,0.10110396718467787,60,0.9599242350000168
intervention,p17_s113_remove_control1,17,113,custom,0.01,p17_s113_remove_control1.npz,code,True,0.0,0.0,2.5,60,cuda,float64,600,59,0.8823529411764706,0.055140095708964054,0.00033815214054206007,-0.0001373224075526952,3.5168106494494357e-14,0.1038204398890502,60,0.9807508780000376
intervention,p17_s113_remove_control2,17,113,custom,0.01,p17_s113_remove_control2.npz,code,True,0.0,0.0,2.5,60,cuda,float64,600,59,1.0,0.05510031505448892,0.00111464048405017,0.0007814313770162229,3.326509193484923e-14,0.10005456418656412,60,0.9190204239999957
intervention,p17_s114_phase_best,17,114,custom,0.01,p17_s114_phase_best.npz,code,True,0.0,0.0,2.5,60,cuda,float64,600,59,1.0,0.055155636773745804,0.001987733790350287,0.001497514386505236,3.7305280586103374e-14,0.0899226449747942,60,1.0261332000000039
intervention,p17_s114_phase_best_control0,17,114,custom,0.01,p17_s114_phase_best_control0.npz,code,True,0.0,0.0,2.5,60,cuda,float64,600,59,0.9411764705882353,0.055303524483994115,0.0003475630210229367,-2.4200946350819152e-05,3.7396221087675183e-14,0.09011808705450276,60,1.0199425359999736
intervention,p17_s114_phase_best_control1,17,114,custom,0.01,p17_s114_phase_best_control1.npz,code,True,0.0,0.0,2.5,60,cuda,float64,600,59,0.5294117647058824,0.055199412112633,1.551665338567373e-05,-0.0002520650410832853,3.525009557768497e-14,0.08965563965993456,60,0.9924548090000371
intervention,p17_s114_phase_best_control2,17,114,custom,0.01,p17_s114_phase_best_control2.npz,code,True,0.0,0.0,2.5,60,cuda,float64,600,59,1.0,0.055261404409000583,0.000794860263523605,0.000504100584333797,3.619880123078297e-14,0.09013019110194687,60,1.0016073920000395
intervention,p17_s114_phase_worst,17,114,custom,0.01,p17_s114_phase_worst.npz,code,True,0.0,0.0,2.5,60,cuda,float64,600,59,0.0,0.05538232258968342,-0.0006995205666171707,-0.001063698655680595,3.8246803613382037e-14,0.09012446054907267,60,0.9865332940000258
intervention,p17_s114_phase_worst_control0,17,114,custom,0.01,p17_s114_phase_worst_control0.npz,code,True,0.0,0.0,2.5,60,cuda,float64,600,59,0.1764705882352941,0.05536906631927137,-0.0002685010237102513,-0.0008734016685732898,3.618376274596382e-14,0.0902480526240034,60,0.8940368250000006
intervention,p17_s114_phase_worst_control1,17,114,custom,0.01,p17_s114_phase_worst_control1.npz,code,True,0.0,0.0,2.5,60,cuda,float64,600,59,1.0,0.055145480234957585,0.0009604379317909388,0.0004194873280610467,3.473667685944842e-14,0.08999971419086462,60,1.0509940450000386
intervention,p17_s114_phase_worst_control2,17,114,custom,0.01,p17_s114_phase_worst_control2.npz,code,True,0.0,0.0,2.5,60,cuda,float64,600,59,1.0,0.05510047542715969,0.001045558456854935,0.0005386764057406235,3.39610426694677e-14,0.08944788699187085,60,0.9822258710000256
intervention,p17_s114_remove,17,114,custom,0.01,p17_s114_remove.npz,code,True,0.0,0.0,2.5,60,cuda,float64,600,59,0.058823529411764705,0.055460400656170916,-0.00010551797714857634,-0.00020848718197755134,3.46022818270808e-14,0.011506251485621746,60,0.939971546000038
intervention,p17_s114_remove_control0,17,114,custom,0.01,p17_s114_remove_control0.npz,code,True,0.0,0.0,2.5,60,cuda,float64,600,59,1.0,0.05511146777065489,0.0003761203216680543,0.00010773608904988963,3.6421453971006163e-14,0.09438781561250202,60,0.8914881959999548
intervention,p17_s114_remove_control1,17,114,custom,0.01,p17_s114_remove_control1.npz,code,True,0.0,0.0,2.5,60,cuda,float64,600,59,0.8235294117647058,0.05519429403540839,0.00017131803094426793,-4.108151878755295e-05,3.551279106108851e-14,0.0834589717937429,60,0.9056419880000135
intervention,p17_s114_remove_control2,17,114,custom,0.01,p17_s114_remove_control2.npz,code,True,0.0,0.0,2.5,60,cuda,float64,600,59,0.058823529411764705,0.05529334251791233,-0.00026685990502265484,-0.0006473783629573349,3.600343068968959e-14,0.07460056297987847,60,0.8460128960000475
intervention,p17_s115_phase_best,17,115,custom,0.01,p17_s115_phase_best.npz,code,True,0.0,0.0,2.5,60,cuda,float64,600,59,1.0,0.05500461781217501,0.0027729484653963806,0.001985331195157966,3.5220910895710885e-14,0.12317834646441787,60,0.8177489909999736
intervention,p17_s115_phase_best_control0,17,115,custom,0.01,p17_s115_phase_best_control0.npz,code,True,0.0,0.0,2.5,60,cuda,float64,600,59,1.0,0.05520732454232866,0.0005631755842906811,0.00027447326040871967,3.4061363700313215e-14,0.12311636512482095,60,0.8483865600000513
intervention,p17_s115_phase_best_control1,17,115,custom,0.01,p17_s115_phase_best_control1.npz,code,True,0.0,0.0,2.5,60,cuda,float64,600,59,0.11764705882352941,0.0552809389672282,-0.0003697592398743391,-0.0011130644729013955,3.439960018182805e-14,0.12360776429047904,60,0.8375374870000201
intervention,p17_s115_phase_best_control2,17,115,custom,0.01,p17_s115_phase_best_control2.npz,code,True,0.0,0.0,2.5,60,cuda,float64,600,59,1.0,0.0551571131731525,0.0008262575667809418,0.0002976057444190744,3.4789484144045447e-14,0.12330437182425077,60,0.8497049970000035
intervention,p17_s115_phase_worst,17,115,custom,0.01,p17_s115_phase_worst.npz,code,True,0.0,0.0,2.5,60,cuda,float64,600,59,0.058823529411764705,0.05534516745354716,-0.0003854614361022233,-0.0007982925585593159,3.490793323318104e-14,0.12336545976724776,60,0.8570484429999965
intervention,p17_s115_phase_worst_control0,17,115,custom,0.01,p17_s115_phase_worst_control0.npz,code,True,0.0,0.0,2.5,60,cuda,float64,600,59,0.23529411764705882,0.05520766756286679,-7.194998210763712e-05,-0.00047752279877701087,3.5528634684169023e-14,0.12294042989197843,60,0.8447782400000392
intervention,p17_s115_phase_worst_control1,17,115,custom,0.01,p17_s115_phase_worst_control1.npz,code,True,0.0,0.0,2.5,60,cuda,float64,600,59,1.0,0.05505479016875196,0.0006143939690034542,1.632197371743971e-05,3.84391515811179e-14,0.12297631364984284,60,0.8265464549999706
intervention,p17_s115_phase_worst_control2,17,115,custom,0.01,p17_s115_phase_worst_control2.npz,code,True,0.0,0.0,2.5,60,cuda,float64,600,59,1.0,0.0551276042298562,0.0005006020706962408,7.497635767089728e-05,3.477391227079632e-14,0.12307882614124264,60,0.9151309459999766
intervention,p17_s115_remove,17,115,custom,0.01,p17_s115_remove.npz,code,True,0.0,0.0,2.5,60,cuda,float64,600,59,0.058823529411764705,0.055460076402267675,-9.566809891792506e-05,-0.00023146895712491955,3.731924782508383e-14,0.012403283057317168,60,0.8525327320000429
intervention,p17_s115_remove_control0,17,115,custom,0.01,p17_s115_remove_control0.npz,code,True,0.0,0.0,2.5,60,cuda,float64,600,59,0.1764705882352941,0.055289348530644086,-0.00020735363051519232,-0.0006635757339211179,3.548711120162699e-14,0.10868526802903815,60,0.8983034639999801
intervention,p17_s115_remove_control1,17,115,custom,0.01,p17_s115_remove_control1.npz,code,True,0.0,0.0,2.5,60,cuda,float64,600,59,0.7058823529411764,0.055238790475998514,0.00016827562157650065,-0.0002862649077673973,3.448947948085668e-14,0.11334037431102625,60,0.8602259919999824
intervention,p17_s115_remove_control2,17,115,custom,0.01,p17_s115_remove_control2.npz,code,True,0.0,0.0,2.5,60,cuda,float64,600,59,1.0,0.05514444354329521,0.0008997003131610094,0.00022780439856530388,3.386526019929258e-14,0.12061821643767519,60,0.8523081129999923
intervention,p17_s116_phase_best,17,116,custom,0.01,p17_s116_phase_best.npz,code,True,0.0,0.0,2.5,60,cuda,float64,600,59,1.0,0.055265842888846756,0.0011525055632049138,0.0008344427543072325,3.511106433869154e-14,0.07469502863166493,60,0.8090871029999676
intervention,p17_s116_phase_best_control0,17,116,custom,0.01,p17_s116_phase_best_control0.npz,code,True,0.0,0.0,2.5,60,cuda,float64,600,59,1.0,0.055284635374227176,0.0006811752819374631,0.00030374886261402834,3.9161900698174364e-14,0.07472020058570275,60,0.8972952990000067
intervention,p17_s116_phase_best_control1,17,116,custom,0.01,p17_s116_phase_best_control1.npz,code,True,0.0,0.0,2.5,60,cuda,float64,600,59,0.8235294117647058,0.05538452721074981,0.00011023270058812931,-0.00033362169108788753,3.806969486675218e-14,0.07474655650487697,60,0.9368779310000264
intervention,p17_s116_phase_best_control2,17,116,custom,0.01,p17_s116_phase_best_control2.npz,code,True,0.0,0.0,2.5,60,cuda,float64,600,59,1.0,0.05525868330788493,0.000491697622933752,0.00020609912591884605,3.31599613383748e-14,0.07454285034819276,60,0.9205190549999998
intervention,p17_s116_phase_worst,17,116,custom,0.01,p17_s116_phase_worst.npz,code,True,0.0,0.0,2.5,60,cuda,float64,600,59,0.1764705882352941,0.05540120245762299,-0.0001507720981158145,-0.0004164219172558409,3.7232895241495193e-14,0.07484406795704247,60,0.9438035659999855
intervention,p17_s116_phase_worst_control0,17,116,custom,0.01,p17_s116_phase_worst_control0.npz,code,True,0.0,0.0,2.5,60,cuda,float64,600,59,1.0,0.05524983491685337,0.0009917021494926662,0.0006436457895075548,3.7528953709800405e-14,0.07466828240515405,60,0.9460172480000324
intervention,p17_s116_phase_worst_control1,17,116,custom,0.01,p17_s116_phase_worst_control1.npz,code,True,0.0,0.0,2.5,60,cuda,float64,600,59,1.0,0.055223282631362544,0.0005720936327092296,0.00030095246584739554,3.6863801737764476e-14,0.0746533069899516,60,0.8832797869999922
intervention,p17_s116_phase_worst_control2,17,116,custom,0.01,p17_s116_phase_worst_control2.npz,code,True,0.0,0.0,2.5,60,cuda,float64,600,59,0.5294117647058824,0.05537132986257827,1.9716592794058628e-05,-0.00033593280196504705,3.815261032100169e-14,0.07478218957449609,60,0.895554231999995
intervention,p17_s116_remove,17,116,custom,0.01,p17_s116_remove.npz,code,True,0.0,0.0,2.5,60,cuda,float64,600,59,0.0,0.0554598107459968,-6.902822733700663e-05,-0.00010871143380855597,3.726860725359733e-14,0.011503617148277025,60,0.8881739079999988
intervention,p17_s116_remove_control0,17,116,custom,0.01,p17_s116_remove_control0.npz,code,True,0.0,0.0,2.5,60,cuda,float64,600,59,1.0,0.0553358914692059,0.0004428309833764247,8.069708814442689e-05,3.6417609351127314e-14,0.07081770559894637,60,0.8579862500000104
intervention,p17_s116_remove_control1,17,116,custom,0.01,p17_s116_remove_control1.npz,code,True,0.0,0.0,2.5,60,cuda,float64,600,59,1.0,0.0552866528602449,0.0010129645933751703,0.0006244362584057056,3.253198565342148e-14,0.0795289387121404,60,0.8443198990000269
intervention,p17_s116_remove_control2,17,116,custom,0.01,p17_s116_remove_control2.npz,code,True,0.0,0.0,2.5,60,cuda,float64,600,59,1.0,0.0553039463836679,0.000647209720063685,0.00015499123202925014,3.454870864517895e-14,0.07892657455924765,60,0.8389285469999663
intervention,p17_s117_phase_best,17,117,custom,0.01,p17_s117_phase_best.npz,code,True,0.0,0.0,2.5,60,cuda,float64,600,59,1.0,0.05531739015739777,0.0007022980877771065,0.0003934991430833701,3.685705053411325e-14,0.07566658883067297,60,0.8077490739999575
intervention,p17_s117_phase_best_control0,17,117,custom,0.01,p17_s117_phase_best_control0.npz,code,True,0.0,0.0,2.5,60,cuda,float64,600,59,1.0,0.055233330288213915,0.0009193191592323904,0.00048728007744430757,3.4883739628626766e-14,0.07558686960419053,60,0.8454362719999722
intervention,p17_s117_phase_best_control1,17,117,custom,0.01,p17_s117_phase_best_control1.npz,code,True,0.0,0.0,2.5,60,cuda,float64,600,59,0.11764705882352941,0.0554028226703826,-0.00010698052999175226,-0.0002710730176402054,3.708665035055643e-14,0.07567849648597828,60,0.9091787030000091
intervention,p17_s117_phase_best_control2,17,117,custom,0.01,p17_s117_phase_best_control2.npz,code,True,0.0,0.0,2.5,60,cuda,float64,600,59,1.0,0.05521541356768141,0.0012885037148819074,0.0008065800276245011,3.593608692697261e-14,0.07542225800334754,60,0.9235168879999947
intervention,p17_s117_phase_worst,17,117,custom,0.01,p17_s117_phase_worst.npz,code,True,0.0,0.0,2.5,60,cuda,float64,600,59,0.0,0.05543220909821356,-0.00028234094480306197,-0.0005807195374000484,3.2729060780260543e-14,0.07579071019528186,60,1.613859213000012
intervention,p17_s117_phase_worst_control0,17,117,custom,0.01,p17_s117_phase_worst_control0.npz,code,True,0.0,0.0,2.5,60,cuda,float64,600,59,1.0,0.055298698335385164,0.0006408295444410475,0.00028701925534715955,3.340814894007215e-14,0.07566283148388898,60,1.6973115569999777
intervention,p17_s117_phase_worst_control1,17,117,custom,0.01,p17_s117_phase_worst_control1.npz,code,True,0.0,0.0,2.5,60,cuda,float64,600,59,1.0,0.055210193141972466,0.0009528507880007163,0.0005418913946258208,3.646704127160036e-14,0.0755836742112776,60,1.0661896170000205
intervention,p17_s117_phase_worst_control2,17,117,custom,0.01,p17_s117_phase_worst_control2.npz,code,True,0.0,0.0,2.5,60,cuda,float64,600,59,1.0,0.05520463677775068,0.0008742232406811236,0.00046848545336622416,3.858290433853524e-14,0.07551242114345359,60,1.0172619169999848
intervention,p17_s117_remove,17,117,custom,0.01,p17_s117_remove.npz,code,True,0.0,0.0,2.5,60,cuda,float64,600,59,0.0,0.05546017333203057,-6.146416776140245e-05,-0.00010129042711524983,3.454512803610417e-14,0.012429284295986815,60,1.3154073530000119
intervention,p17_s117_remove_control0,17,117,custom,0.01,p17_s117_remove_control0.npz,code,True,0.0,0.0,2.5,60,cuda,float64,600,59,0.7058823529411764,0.05528870279736645,8.302338229456271e-05,-0.0001889718184307776,3.5691503304220653e-14,0.07627108553003295,60,1.8842949329999783
intervention,p17_s117_remove_control1,17,117,custom,0.01,p17_s117_remove_control1.npz,code,True,0.0,0.0,2.5,60,cuda,float64,600,59,1.0,0.055264695733856846,0.0007008869784705059,0.0005070224718858041,3.419849196528192e-14,0.07434998895036296,60,1.8307734710000432
intervention,p17_s117_remove_control2,17,117,custom,0.01,p17_s117_remove_control2.npz,code,True,0.0,0.0,2.5,60,cuda,float64,600,59,0.5294117647058824,0.05532253891918862,2.1675233142811024e-05,-0.0002633307460572498,3.362327753114199e-14,0.06867542160972424,60,1.3553080749999822
intervention,p17_s118_phase_best,17,118,custom,0.01,p17_s118_phase_best.npz,code,True,0.0,0.0,2.5,60,cuda,float64,600,59,1.0,0.05515045935681118,0.0016341529455697987,0.0013463396616159723,3.601250255438065e-14,0.09226281867163107,60,1.00254686400001
intervention,p17_s118_phase_best_control0,17,118,custom,0.01,p17_s118_phase_best_control0.npz,code,True,0.0,0.0,2.5,60,cuda,float64,600,59,0.9411764705882353,0.055208219518451056,0.000272952844192663,-2.883217992054321e-05,3.590543239637978e-14,0.0922347791083336,60,0.9578096899999764
intervention,p17_s118_phase_best_control1,17,118,custom,0.01,p17_s118_phase_best_control1.npz,code,True,0.0,0.0,2.5,60,cuda,float64,600,59,1.0,0.05510370933422147,0.0017900563864998156,0.001409526591937521,3.581008425325751e-14,0.09240903986277287,60,1.2353541619999646
intervention,p17_s118_phase_best_control2,17,118,custom,0.01,p17_s118_phase_best_control2.npz,code,True,0.0,0.0,2.5,60,cuda,float64,600,59,1.0,0.0551276432971622,0.0012014141910091074,0.0009028277403913265,3.889518843045276e-14,0.091985837055282,60,1.5766008140000167
intervention,p17_s118_phase_worst,17,118,custom,0.01,p17_s118_phase_worst.npz,code,True,0.0,0.0,2.5,60,cuda,float64,600,59,0.0,0.055333681318457915,-0.0006530390538541522,-0.0009351284131746129,3.735710838091463e-14,0.09242374954977006,60,1.7197438740000166
intervention,p17_s118_phase_worst_control0,17,118,custom,0.01,p17_s118_phase_worst_control0.npz,code,True,0.0,0.0,2.5,60,cuda,float64,600,59,1.0,0.05518325086071807,0.0016294397955967752,0.0014226077192871223,3.547368347167205e-14,0.0925910721602894,60,1.7262482410000075
intervention,p17_s118_phase_worst_control1,17,118,custom,0.01,p17_s118_phase_worst_control1.npz,code,True,0.0,0.0,2.5,60,cuda,float64,600,59,1.0,0.05519880992654477,0.0008547963943696326,0.0005551476751202711,3.543866317944893e-14,0.09253384372442947,60,1.6497168690000308
intervention,p17_s118_phase_worst_control2,17,118,custom,0.01,p17_s118_phase_worst_control2.npz,code,True,0.0,0.0,2.5,60,cuda,float64,600,59,1.0,0.05510631474670047,0.0015777638296272998,0.0013993453035450742,3.537170476624772e-14,0.09266216392724387,60,1.3129843769999638
intervention,p17_s118_remove,17,118,custom,0.01,p17_s118_remove.npz,code,True,0.0,0.0,2.5,60,cuda,float64,600,59,0.058823529411764705,0.055459756174394394,-4.93399316999104e-05,-0.00011822927378088433,3.6625300802221746e-14,0.012613209811308014,60,1.1003218150000293
intervention,p17_s118_remove_control0,17,118,custom,0.01,p17_s118_remove_control0.npz,code,True,0.0,0.0,2.5,60,cuda,float64,600,59,1.0,0.055127048462870344,0.0017042941538870395,0.0012760066066278414,3.3130225272863034e-14,0.08847266793044561,60,1.1136356719999867
intervention,p17_s118_remove_control1,17,118,custom,0.01,p17_s118_remove_control1.npz,code,True,0.0,0.0,2.5,60,cuda,float64,600,59,1.0,0.05499915127064655,0.0026263833550308423,0.0022378982755938415,3.764355929140442e-14,0.10303886688360653,60,1.1346854880000592
intervention,p17_s118_remove_control2,17,118,custom,0.01,p17_s118_remove_control2.npz,code,True,0.0,0.0,2.5,60,cuda,float64,600,59,1.0,0.055113664091799804,0.0015812080051084225,0.0012465489599301771,3.478495544601491e-14,0.09420561276200673,60,1.1713299309999456
intervention,p17_s119_phase_best,17,119,custom,0.01,p17_s119_phase_best.npz,code,True,0.0,0.0,2.5,60,cuda,float64,600,59,1.0,0.055311717639603006,0.0009323879531571082,0.0007220752954191084,3.6638188220042255e-14,0.06380400107947296,60,1.0352064960000007
intervention,p17_s119_phase_best_control0,17,119,custom,0.01,p17_s119_phase_best_control0.npz,code,True,0.0,0.0,2.5,60,cuda,float64,600,59,0.5294117647058824,0.05539373526594305,2.48334999430733e-05,-0.0001630441140712119,3.510627515437051e-14,0.0639179470625186,60,1.2723719819999815
intervention,p17_s119_phase_best_control1,17,119,custom,0.01,p17_s119_phase_best_control1.npz,code,True,0.0,0.0,2.5,60,cuda,float64,600,59,0.9411764705882353,0.05530758076183935,0.00033289533161847095,-0.00011772947494584352,3.456506500474661e-14,0.06384139147140029,60,1.3565039650000017
intervention,p17_s119_phase_best_control2,17,119,custom,0.01,p17_s119_phase_best_control2.npz,code,True,0.0,0.0,2.5,60,cuda,float64,600,59,0.6470588235294118,0.05539565612111038,2.7921500444579764e-05,-0.0001533029562673094,3.8593936898123455e-14,0.06389989922423092,60,1.4458003649999682
intervention,p17_s119_phase_worst,17,119,custom,0.01,p17_s119_phase_worst.npz,code,True,0.0,0.0,2.5,60,cuda,float64,600,59,0.0,0.05541097773315211,-0.00046929375434946985,-0.0007028946277467668,3.811567900415499e-14,0.06393282654496442,60,1.5138810589999139
intervention,p17_s119_phase_worst_control0,17,119,custom,0.01,p17_s119_phase_worst_control0.npz,code,True,0.0,0.0,2.5,60,cuda,float64,600,59,0.8823529411764706,0.05537980039137292,0.00022642495802007787,-0.00017566543004149393,3.5289919374627433e-14,0.06390659507353129,60,1.6338208509999959
intervention,p17_s119_phase_worst_control1,17,119,custom,0.01,p17_s119_phase_worst_control1.npz,code,True,0.0,0.0,2.5,60,cuda,float64,600,59,0.5294117647058824,0.05539108116256194,-1.7431132117791323e-05,-0.0003545833028315154,3.5763093057729714e-14,0.06389394906884732,60,1.0021770560000505
intervention,p17_s119_phase_worst_control2,17,119,custom,0.01,p17_s119_phase_worst_control2.npz,code,True,0.0,0.0,2.5,60,cuda,float64,600,59,1.0,0.05529290372797809,0.0007384930521176739,0.00036374496674007606,3.854306721599532e-14,0.0637490072016755,60,1.7391538840000749
intervention,p17_s119_remove,17,119,custom,0.01,p17_s119_remove.npz,code,True,0.0,0.0,2.5,60,cuda,float64,600,59,0.058823529411764705,0.05546091266801614,-0.0001040058692439474,-0.00022433317493787686,3.787174421836373e-14,0.013716333422393326,60,1.5316001109999888
intervention,p17_s119_remove_control0,17,119,custom,0.01,p17_s119_remove_control0.npz,code,True,0.0,0.0,2.5,60,cuda,float64,600,59,1.0,0.05527587807750148,0.0009217350793146295,0.0006049717852514569,3.473340317587831e-14,0.06731465438143217,60,1.4542443450000064
intervention,p17_s119_remove_control1,17,119,custom,0.01,p17_s119_remove_control1.npz,code,True,0.0,0.0,2.5,60,cuda,float64,600,59,1.0,0.055312661343889846,0.0006053137287123571,0.00022810967341692356,3.860278376569735e-14,0.06329583380255509,60,2.0660944539999946
intervention,p17_s119_remove_control2,17,119,custom,0.01,p17_s119_remove_control2.npz,code,True,0.0,0.0,2.5,60,cuda,float64,600,59,1.0,0.05530322380516812,0.0005469509971304234,0.0002334622645925183,3.521854309955788e-14,0.06624679523458431,60,1.4907472669999606
intervention,p23_s100_phase_best,23,100,custom,0.01,p23_s100_phase_best.npz,code,True,0.0,0.0,2.5,60,cuda,float64,600,59,1.0,0.041078491251470985,0.004705585773623122,0.004063206417387777,7.614537960509158e-14,0.12460127422582885,60,1.7984935250000262
intervention,p23_s100_phase_best_control0,23,100,custom,0.01,p23_s100_phase_best_control0.npz,code,True,0.0,0.0,2.5,60,cuda,float64,600,59,1.0,0.04132699624027663,0.0003995165308210135,0.0001256726910714434,7.009250366396585e-14,0.12400647178861508,60,2.0885217410000223
intervention,p23_s100_phase_best_control1,23,100,custom,0.01,p23_s100_phase_best_control1.npz,code,True,0.0,0.0,2.5,60,cuda,float64,600,59,1.0,0.041345071449753565,0.0016330683649013104,0.0013075886545070858,6.447666012692348e-14,0.12485055923170321,60,2.0770357989999866
intervention,p23_s100_phase_best_control2,23,100,custom,0.01,p23_s100_phase_best_control2.npz,code,True,0.0,0.0,2.5,60,cuda,float64,600,59,1.0,0.04123947490619665,0.0013572777620630163,0.0008421095685413604,7.114925596812064e-14,0.1246290650160046,60,1.6801737849999654
intervention,p23_s100_phase_worst,23,100,custom,0.01,p23_s100_phase_worst.npz,code,True,0.0,0.0,2.5,60,cuda,float64,600,59,0.0,0.04145855401030634,-0.0005409021569370407,-0.0008595765017886947,6.681669492259126e-14,0.12477700038038336,60,2.067217991000007
intervention,p23_s100_phase_worst_control0,23,100,custom,0.01,p23_s100_phase_worst_control0.npz,code,True,0.0,0.0,2.5,60,cuda,float64,600,59,1.0,0.04125208924299253,0.001992529411654504,0.0016251525029229441,7.172924747393359e-14,0.12431129561872542,60,1.462373929000023
intervention,p23_s100_phase_worst_control1,23,100,custom,0.01,p23_s100_phase_worst_control1.npz,code,True,0.0,0.0,2.5,60,cuda,float64,600,59,1.0,0.0411508898660299,0.0020490000732829704,0.001760762623172596,6.702907792906346e-14,0.12487654709899354,60,1.400238609999974
intervention,p23_s100_phase_worst_control2,23,100,custom,0.01,p23_s100_phase_worst_control2.npz,code,True,0.0,0.0,2.5,60,cuda,float64,600,59,1.0,0.04149227893814634,0.0003826531745804211,3.411824719534717e-05,7.256474929118713e-14,0.12485390376583895,60,1.4670224199999211
intervention,p23_s100_remove,23,100,custom,0.01,p23_s100_remove.npz,code,True,0.0,0.0,2.5,60,cuda,float64,600,59,0.0,0.041642307016571366,-6.631802637565044e-05,-0.00013361364906394613,6.867138855268525e-14,0.011762460765431273,60,1.3890410070000598
intervention,p23_s100_remove_control0,23,100,custom,0.01,p23_s100_remove_control0.npz,code,True,0.0,0.0,2.5,60,cuda,float64,600,59,1.0,0.04116015479550684,0.002888260967704694,0.00254731195201785,6.875459140659177e-14,0.1337124079912653,60,1.8768557030000466
intervention,p23_s100_remove_control1,23,100,custom,0.01,p23_s100_remove_control1.npz,code,True,0.0,0.0,2.5,60,cuda,float64,600,59,1.0,0.041274093175584184,0.002213167075575559,0.0019500180106994947,6.828229208078339e-14,0.12348025675668305,60,1.5455681999999342
intervention,p23_s100_remove_control2,23,100,custom,0.01,p23_s100_remove_control2.npz,code,True,0.0,0.0,2.5,60,cuda,float64,600,59,1.0,0.041174948103058426,0.002478964041045219,0.00206372880724226,6.566448556276644e-14,0.13174501833827099,60,1.4462734899999532
intervention,p23_s101_phase_best,23,101,custom,0.01,p23_s101_phase_best.npz,code,True,0.0,0.0,2.5,60,cuda,float64,600,59,1.0,0.04123958634602501,0.003765750836374175,0.003181294465067097,7.644405330867955e-14,0.11753682443499186,60,1.6045261369999935
intervention,p23_s101_phase_best_control0,23,101,custom,0.01,p23_s101_phase_best_control0.npz,code,True,0.0,0.0,2.5,60,cuda,float64,600,59,1.0,0.0413654869143638,0.0004080484551938502,0.0001273270994222031,6.893254810604336e-14,0.11739536978955588,60,1.3445347540000512
intervention,p23_s101_phase_best_control1,23,101,custom,0.01,p23_s101_phase_best_control1.npz,code,True,0.0,0.0,2.5,60,cuda,float64,600,59,1.0,0.041277302896769515,0.00237602386691252,0.0018244088896537392,7.281367131212246e-14,0.11754708174978531,60,1.4438887129999785
intervention,p23_s101_phase_best_control2,23,101,custom,0.01,p23_s101_phase_best_control2.npz,code,True,0.0,0.0,2.5,60,cuda,float64,600,59,1.0,0.04129809659197383,0.0011972496452525366,0.0007626502187587647,6.457752367323971e-14,0.11702689533007811,60,1.4452184399999624
intervention,p23_s101_phase_worst,23,101,custom,0.01,p23_s101_phase_worst.npz,code,True,0.0,0.0,2.5,60,cuda,float64,600,59,0.0,0.04159969830631452,-0.0006201534602509727,-0.0009011346495917394,6.498143881306327e-14,0.11770695994745324,60,1.3301331369999616
intervention,p23_s101_phase_worst_control0,23,101,custom,0.01,p23_s101_phase_worst_control0.npz,code,True,0.0,0.0,2.5,60,cuda,float64,600,59,1.0,0.041395594642875205,0.0006572006673356797,0.0004684968889474561,6.384749885564248e-14,0.11770191906147662,60,1.4375091130000328
intervention,p23_s101_phase_worst_control1,23,101,custom,0.01,p23_s101_phase_worst_control1.npz,code,True,0.0,0.0,2.5,60,cuda,float64,600,59,1.0,0.04135398977421065,0.0006888973618153891,0.00028232082652834833,7.090565358596665e-14,0.1175248261303962,60,1.265700336000009
intervention,p23_s101_phase_worst_control2,23,101,custom,0.01,p23_s101_phase_worst_control2.npz,code,True,0.0,0.0,2.5,60,cuda,float64,600,59,1.0,0.041279618189852166,0.0017629151941348266,0.001374522257766131,6.856211737654934e-14,0.11759242105845849,60,1.3903997849999996
intervention,p23_s101_remove,23,101,custom,0.01,p23_s101_remove.npz,code,True,0.0,0.0,2.5,60,cuda,float64,600,59,0.043478260869565216,0.04164233212940252,-9.265480980679286e-05,-0.0001879957396481169,6.240434931954311e-14,0.011120001342061684,60,1.4814364950000254
intervention,p23_s101_remove_control0,23,101,custom,0.01,p23_s101_remove_control0.npz,code,True,0.0,0.0,2.5,60,cuda,float64,600,59,1.0,0.04134021429190581,0.0018989892632854375,0.0014513393022870247,6.632759341733159e-14,0.11839120965457137,60,1.4945608430000448
intervention,p23_s101_remove_control1,23,101,custom,0.01,p23_s101_remove_control1.npz,code,True,0.0,0.0,2.5,60,cuda,float64,600,59,1.0,0.04129205396192672,0.0012852801349761338,0.0007637954061223695,6.973575537832552e-14,0.13052507705810085,60,1.4411355049999202
intervention,p23_s101_remove_control2,23,101,custom,0.01,p23_s101_remove_control2.npz,code,True,0.0,0.0,2.5,60,cuda,float64,600,59,1.0,0.041337786626590586,0.0013989089799271255,0.0009443014834946695,6.506532966272808e-14,0.12220741624459926,60,1.623221132000026
intervention,p23_s102_phase_best,23,102,custom,0.01,p23_s102_phase_best.npz,code,True,0.0,0.0,2.5,60,cuda,float64,600,59,1.0,0.041324452504633735,0.002369304583146876,0.001957669095828507,7.367664197890907e-14,0.11018963555816733,60,1.4638783950000516
intervention,p23_s102_phase_best_control0,23,102,custom,0.01,p23_s102_phase_best_control0.npz,code,True,0.0,0.0,2.5,60,cuda,float64,600,59,1.0,0.041292447747047226,0.002478679548834092,0.0019775544946156742,6.767876636246759e-14,0.11002359754644916,60,1.4503545950000216
intervention,p23_s102_phase_best_control1,23,102,custom,0.01,p23_s102_phase_best_control1.npz,code,True,0.0,0.0,2.5,60,cuda,float64,600,59,1.0,0.04135695524019252,0.0022452815620229763,0.0018650323100164456,6.650557865895884e-14,0.11037847785685434,60,1.4083271299999751
intervention,p23_s102_phase_best_control2,23,102,custom,0.01,p23_s102_phase_best_control2.npz,code,True,0.0,0.0,2.5,60,cuda,float64,600,59,0.5652173913043478,0.041392396279598585,3.627051156690607e-05,-0.00030512510021907246,6.613325540888272e-14,0.11007759340993012,60,1.3640266989999645
intervention,p23_s102_phase_worst,23,102,custom,0.01,p23_s102_phase_worst.npz,code,True,0.0,0.0,2.5,60,cuda,float64,600,59,0.0,0.04156590709738358,-0.000756204643149352,-0.001329612281524728,6.409130455259229e-14,0.11031107927855052,60,1.3732002840000632
intervention,p23_s102_phase_worst_control0,23,102,custom,0.01,p23_s102_phase_worst_control0.npz,code,True,0.0,0.0,2.5,60,cuda,float64,600,59,1.0,0.0413694018301768,0.0005687215438770704,0.00020787310629621913,6.580909597479536e-14,0.11037738675486858,60,1.4144520979999697
intervention,p23_s102_phase_worst_control1,23,102,custom,0.01,p23_s102_phase_worst_control1.npz,code,True,0.0,0.0,2.5,60,cuda,float64,600,59,0.17391304347826086,0.04151988123526451,-0.0001628311027994945,-0.0005371162300029653,6.761151649998978e-14,0.11006399695024546,60,1.3179970310000044
intervention,p23_s102_phase_worst_control2,23,102,custom,0.01,p23_s102_phase_worst_control2.npz,code,True,0.0,0.0,2.5,60,cuda,float64,600,59,1.0,0.041299099317171524,0.002434800324651777,0.0020149637314830215,6.417577818115497e-14,0.11026750898382091,60,1.3665491270000985
intervention,p23_s102_remove,23,102,custom,0.01,p23_s102_remove.npz,code,True,0.0,0.0,2.5,60,cuda,float64,600,59,0.043478260869565216,0.04164227628720936,-7.353242186396339e-05,-0.00012154847668099933,6.69449221851694e-14,0.011603923120177072,60,1.45791799299991
intervention,p23_s102_remove_control0,23,102,custom,0.01,p23_s102_remove_control0.npz,code,True,0.0,0.0,2.5,60,cuda,float64,600,59,0.8695652173913043,0.04139784374867677,0.0002893477697224912,-0.00015230158056134258,6.738412142970981e-14,0.11096620485104557,60,1.3883200410000427
intervention,p23_s102_remove_control1,23,102,custom,0.01,p23_s102_remove_control1.npz,code,True,0.0,0.0,2.5,60,cuda,float64,600,59,0.43478260869565216,0.04141121899008467,-4.351870980850267e-05,-0.00040217861846159053,6.970889700162838e-14,0.11034897902788501,60,1.4179831630000308
intervention,p23_s102_remove_control2,23,102,custom,0.01,p23_s102_remove_control2.npz,code,True,0.0,0.0,2.5,60,cuda,float64,600,59,0.6086956521739131,0.04139013872606982,8.929920115328888e-05,-0.0004043932398225536,6.696594846005704e-14,0.11187005116170312,60,1.3723846520000507
intervention,p23_s103_phase_best,23,103,custom,0.01,p23_s103_phase_best.npz,code,True,0.0,0.0,2.5,60,cuda,float64,600,59,1.0,0.04137493963915319,0.0020591579993052855,0.0015936372889124861,6.713659473404811e-14,0.09520154234203215,60,1.3139251879999847
intervention,p23_s103_phase_best_control0,23,103,custom,0.01,p23_s103_phase_best_control0.npz,code,True,0.0,0.0,2.5,60,cuda,float64,600,59,0.8695652173913043,0.04152539888617632,0.00013070835900580205,-0.00025049012731237497,6.486098220115345e-14,0.09482559495890663,60,1.3587667709999778
intervention,p23_s103_phase_best_control1,23,103,custom,0.01,p23_s103_phase_best_control1.npz,code,True,0.0,0.0,2.5,60,cuda,float64,600,59,1.0,0.04140805656245156,0.0013566804982788334,0.0009575439038970457,7.094377061459373e-14,0.09525038800968821,60,1.305697548000012
intervention,p23_s103_phase_best_control2,23,103,custom,0.01,p23_s103_phase_best_control2.npz,code,True,0.0,0.0,2.5,60,cuda,float64,600,59,1.0,0.04146634385666789,0.0007749182754944932,0.00047980340569431235,6.800400117700762e-14,0.09519680640388108,60,1.2188137680000182
intervention,p23_s103_phase_worst,23,103,custom,0.01,p23_s103_phase_worst.npz,code,True,0.0,0.0,2.5,60,cuda,float64,600,59,0.0,0.04159492334867055,-0.0007399182745707176,-0.001012076185004318,6.533267686805374e-14,0.09534596820389765,60,1.230280504999996
intervention,p23_s103_phase_worst_control0,23,103,custom,0.01,p23_s103_phase_worst_control0.npz,code,True,0.0,0.0,2.5,60,cuda,float64,600,59,1.0,0.041383810129016596,0.001491163052198425,0.0010851447143909176,7.047611882039242e-14,0.09530214207342681,60,1.3861564150000731
intervention,p23_s103_phase_worst_control1,23,103,custom,0.01,p23_s103_phase_worst_control1.npz,code,True,0.0,0.0,2.5,60,cuda,float64,600,59,1.0,0.041464528535768756,0.0003864477575165977,0.00015858380006150696,7.045228901095352e-14,0.09530027767229417,60,1.2276868500000546
intervention,p23_s103_phase_worst_control2,23,103,custom,0.01,p23_s103_phase_worst_control2.npz,code,True,0.0,0.0,2.5,60,cuda,float64,600,59,1.0,0.04138367136742462,0.001697683447804714,0.0014465242779397869,6.599352815023282e-14,0.0954221024143787,60,1.2973099429999593
intervention,p23_s103_remove,23,103,custom,0.01,p23_s103_remove.npz,code,True,0.0,0.0,2.5,60,cuda,float64,600,59,0.043478260869565216,0.04164207015577455,-6.118380091520944e-05,-0.00012343014725502144,6.734422016853832e-14,0.011728879581113951,60,1.2615706020000061
intervention,p23_s103_remove_control0,23,103,custom,0.01,p23_s103_remove_control0.npz,code,True,0.0,0.0,2.5,60,cuda,float64,600,59,1.0,0.041444091693091725,0.0009701198028649447,0.0006473229034700267,6.649164844088199e-14,0.09943973131636369,60,1.2704437109999844
intervention,p23_s103_remove_control1,23,103,custom,0.01,p23_s103_remove_control1.npz,code,True,0.0,0.0,2.5,60,cuda,float64,600,59,1.0,0.04152829668013297,0.000568795519560601,0.00020113607058203087,6.470981070271196e-14,0.09169942209908971,60,1.3030806020000227
intervention,p23_s103_remove_control2,23,103,custom,0.01,p23_s103_remove_control2.npz,code,True,0.0,0.0,2.5,60,cuda,float64,600,59,1.0,0.041533361223632805,0.00021232160228960547,8.425100714859468e-06,7.13336861112301e-14,0.09791648610611442,60,1.2817905470000142
intervention,p23_s104_phase_best,23,104,custom,0.01,p23_s104_phase_best.npz,code,True,0.0,0.0,2.5,60,cuda,float64,600,59,1.0,0.041414828485998936,0.0020607489858811266,0.001764774910173017,6.640425869385299e-14,0.07755773363287495,60,1.2796050680000235
intervention,p23_s104_phase_best_control0,23,104,custom,0.01,p23_s104_phase_best_control0.npz,code,True,0.0,0.0,2.5,60,cuda,float64,600,59,0.8260869565217391,0.041518454123157994,0.00010276758343527472,-0.0002625234859880976,6.98009326149137e-14,0.0774948846241056,60,1.25584819900007
intervention,p23_s104_phase_best_control1,23,104,custom,0.01,p23_s104_phase_best_control1.npz,code,True,0.0,0.0,2.5,60,cuda,float64,600,59,1.0,0.04152338779525445,0.0006418331113521254,0.00039668622918398455,6.704931953900854e-14,0.07764284570479746,60,1.2233644760000288
intervention,p23_s104_phase_best_control2,23,104,custom,0.01,p23_s104_phase_best_control2.npz,code,True,0.0,0.0,2.5,60,cuda,float64,600,59,1.0,0.04148707253478596,0.0007869004592466562,0.00036714381206515156,7.57232486047886e-14,0.0776119891829024,60,1.3143933930000458
intervention,p23_s104_phase_worst,23,104,custom,0.01,p23_s104_phase_worst.npz,code,True,0.0,0.0,2.5,60,cuda,float64,600,59,0.0,0.04161844234231138,-0.0003783134164845229,-0.000613367356475436,6.758248277574669e-14,0.07771057202010957,60,1.201658670000029
intervention,p23_s104_phase_worst_control0,23,104,custom,0.01,p23_s104_phase_worst_control0.npz,code,True,0.0,0.0,2.5,60,cuda,float64,600,59,1.0,0.04149406592329144,0.0005976656079247645,0.0003197334918425554,7.050180670209872e-14,0.07757982733438612,60,1.2128025030000344
intervention,p23_s104_phase_worst_control1,23,104,custom,0.01,p23_s104_phase_worst_control1.npz,code,True,0.0,0.0,2.5,60,cuda,float64,600,59,1.0,0.041499046532509215,0.0004226326319389602,0.00020035739666113273,7.120968524826858e-14,0.07755217141376985,60,1.2606690559999834
intervention,p23_s104_phase_worst_control2,23,104,custom,0.01,p23_s104_phase_worst_control2.npz,code,True,0.0,0.0,2.5,60,cuda,float64,600,59,1.0,0.04143892482439763,0.0015328256723984928,0.001255337515644328,6.851689614467836e-14,0.07752649557094625,60,1.1718905650000124
intervention,p23_s104_remove,23,104,custom,0.01,p23_s104_remove.npz,code,True,0.0,0.0,2.5,60,cuda,float64,600,59,0.043478260869565216,0.04164202131340289,-6.945360236232379e-05,-0.00013621749551262496,6.833555149100584e-14,0.011124845838625308,60,1.3587751669999761
intervention,p23_s104_remove_control0,23,104,custom,0.01,p23_s104_remove_control0.npz,code,True,0.0,0.0,2.5,60,cuda,float64,600,59,1.0,0.041563886716847395,0.0003207171634289243,5.083453520171588e-05,6.314660573148194e-14,0.06871156881019645,60,1.255355143000088
intervention,p23_s104_remove_control1,23,104,custom,0.01,p23_s104_remove_control1.npz,code,True,0.0,0.0,2.5,60,cuda,float64,600,59,1.0,0.04153214949018581,0.00037092377839244837,3.1486920024192955e-05,6.898218825823051e-14,0.08211324811684301,60,1.3549041779999698
intervention,p23_s104_remove_control2,23,104,custom,0.01,p23_s104_remove_control2.npz,code,True,0.0,0.0,2.5,60,cuda,float64,600,59,1.0,0.04152843791219229,0.00032415116272258135,6.213674802957314e-05,6.751741225401496e-14,0.084008028856837,60,1.294043773999988
intervention,p23_s105_phase_best,23,105,custom,0.01,p23_s105_phase_best.npz,code,True,0.0,0.0,2.5,60,cuda,float64,600,59,1.0,0.04120879074412398,0.00389866738602176,0.0032239436466312554,7.089939701937111e-14,0.11356173063448526,60,1.2535206929999276
intervention,p23_s105_phase_best_control0,23,105,custom,0.01,p23_s105_phase_best_control0.npz,code,True,0.0,0.0,2.5,60,cuda,float64,600,59,1.0,0.04130713827072141,0.0015805512752946518,0.0011046958495484205,6.364161294826563e-14,0.11358894508483854,60,1.2863398810000035
intervention,p23_s105_phase_best_control1,23,105,custom,0.01,p23_s105_phase_best_control1.npz,code,True,0.0,0.0,2.5,60,cuda,float64,600,59,0.9130434782608695,0.0415033045022471,0.00030208786883540134,-3.7569133089165874e-05,7.188214454879461e-14,0.113856551133943,60,1.2336618640000552
intervention,p23_s105_phase_best_control2,23,105,custom,0.01,p23_s105_phase_best_control2.npz,code,True,0.0,0.0,2.5,60,cuda,float64,600,59,1.0,0.04142456909651769,0.0008825059450274834,0.0004402078797571818,6.858014573214202e-14,0.11393718984620241,60,1.3071757789999765
intervention,p23_s105_phase_worst,23,105,custom,0.01,p23_s105_phase_worst.npz,code,True,0.0,0.0,2.5,60,cuda,float64,600,59,0.0,0.041528895075822345,-0.001017673038780811,-0.0015373643992866448,6.913900257389366e-14,0.11372668712045339,60,1.273373865999929
intervention,p23_s105_phase_worst_control0,23,105,custom,0.01,p23_s105_phase_worst_control0.npz,code,True,0.0,0.0,2.5,60,cuda,float64,600,59,0.0,0.04150946745073241,-0.0003371196966339309,-0.0010127948504301543,6.822448552619863e-14,0.11391443198383702,60,1.2713505030000078
intervention,p23_s105_phase_worst_control1,23,105,custom,0.01,p23_s105_phase_worst_control1.npz,code,True,0.0,0.0,2.5,60,cuda,float64,600,59,0.9130434782608695,0.04146382168217589,0.0002398497946885538,-0.0003509526700433696,6.492650391677343e-14,0.11392605971783519,60,1.4381557749999274
intervention,p23_s105_phase_worst_control2,23,105,custom,0.01,p23_s105_phase_worst_control2.npz,code,True,0.0,0.0,2.5,60,cuda,float64,600,59,1.0,0.04145715476053919,0.000592905160622468,2.20195746489793e-05,7.006635408637476e-14,0.11390155114587985,60,1.3556669860000738
intervention,p23_s105_remove,23,105,custom,0.01,p23_s105_remove.npz,code,True,0.0,0.0,2.5,60,cuda,float64,600,59,0.043478260869565216,0.04164213686858001,-7.146419825081365e-05,-0.00012399378407934591,7.268550810914968e-14,0.011200317658069222,60,1.2067076849999694
intervention,p23_s105_remove_control0,23,105,custom,0.01,p23_s105_remove_control0.npz,code,True,0.0,0.0,2.5,60,cuda,float64,600,59,0.6956521739130435,0.04148695420234464,0.00013537449962748883,-0.0003860324403692772,6.548913803455266e-14,0.11522070521610608,60,1.1568390339999723
intervention,p23_s105_remove_control1,23,105,custom,0.01,p23_s105_remove_control1.npz,code,True,0.0,0.0,2.5,60,cuda,float64,600,59,0.0,0.0414394000571344,-0.0006694500197231303,-0.0011817054533924676,6.511424341972393e-14,0.1178063112757925,60,1.1474801069999785
intervention,p23_s105_remove_control2,23,105,custom,0.01,p23_s105_remove_control2.npz,code,True,0.0,0.0,2.5,60,cuda,float64,600,59,0.0,0.0414874410135997,-0.0009596497036261545,-0.0015506577241080066,6.674904854115057e-14,0.12511727084896315,60,1.1867769689999932
intervention,p23_s106_phase_best,23,106,custom,0.01,p23_s106_phase_best.npz,code,True,0.0,0.0,2.5,60,cuda,float64,600,59,1.0,0.0412324753058615,0.0034993897020511562,0.0029788107634995953,6.354064345155784e-14,0.10947990879446419,60,1.2739818730000252
intervention,p23_s106_phase_best_control0,23,106,custom,0.01,p23_s106_phase_best_control0.npz,code,True,0.0,0.0,2.5,60,cuda,float64,600,59,1.0,0.04143827110901201,0.0007430844948562141,7.909238859582501e-05,6.809909966609453e-14,0.10986561526540747,60,1.198492827999985
intervention,p23_s106_phase_best_control1,23,106,custom,0.01,p23_s106_phase_best_control1.npz,code,True,0.0,0.0,2.5,60,cuda,float64,600,59,0.9565217391304348,0.0414753947483521,0.000268155636119666,-0.00033441491978614124,7.300833073500862e-14,0.10961902256161797,60,1.223729057000014
intervention,p23_s106_phase_best_control2,23,106,custom,0.01,p23_s106_phase_best_control2.npz,code,True,0.0,0.0,2.5,60,cuda,float64,600,59,0.6521739130434783,0.04157588199630877,4.916781186995987e-05,-0.00043601740825005564,6.838491874849529e-14,0.10985843042967562,60,1.2790112719999343
intervention,p23_s106_phase_worst,23,106,custom,0.01,p23_s106_phase_worst.npz,code,True,0.0,0.0,2.5,60,cuda,float64,600,59,0.0,0.041575749670085246,-0.0007027881272495298,-0.0009858427197446673,6.383971769671414e-14,0.10965200871209013,60,1.132947761999958
intervention,p23_s106_phase_worst_control0,23,106,custom,0.01,p23_s106_phase_worst_control0.npz,code,True,0.0,0.0,2.5,60,cuda,float64,600,59,0.9565217391304348,0.041469000747704605,0.0005107575401465355,-1.1580568932245683e-05,6.876533771665467e-14,0.10991092091682068,60,1.177766236000025
intervention,p23_s106_phase_worst_control1,23,106,custom,0.01,p23_s106_phase_worst_control1.npz,code,True,0.0,0.0,2.5,60,cuda,float64,600,59,0.6086956521739131,0.04154914978717776,-3.837387926569383e-06,-0.0005832595537640373,6.615429957083846e-14,0.10963399866750904,60,1.1228678129999707
intervention,p23_s106_phase_worst_control2,23,106,custom,0.01,p23_s106_phase_worst_control2.npz,code,True,0.0,0.0,2.5,60,cuda,float64,600,59,1.0,0.04131610150039503,0.0011995492504148775,0.0007597828277496887,6.815727175457851e-14,0.10991926842512469,60,1.088794183999994
intervention,p23_s106_remove,23,106,custom,0.01,p23_s106_remove.npz,code,True,0.0,0.0,2.5,60,cuda,float64,600,59,0.0,0.04164212976233769,-6.316624771394815e-05,-0.0001446399141649124,6.416165076324672e-14,0.01193869804991679,60,1.10600325900009
intervention,p23_s106_remove_control0,23,106,custom,0.01,p23_s106_remove_control0.npz,code,True,0.0,0.0,2.5,60,cuda,float64,600,59,1.0,0.041356253320098936,0.0012928321533359959,0.0009750562770314275,6.645647591484411e-14,0.10378472228878872,60,1.111478909000084
intervention,p23_s106_remove_control1,23,106,custom,0.01,p23_s106_remove_control1.npz,code,True,0.0,0.0,2.5,60,cuda,float64,600,59,1.0,0.04128517615497353,0.001255824219192753,0.0008975506900874564,7.08229404892882e-14,0.11483967866425322,60,1.2891124249999848
intervention,p23_s106_remove_control2,23,106,custom,0.01,p23_s106_remove_control2.npz,code,True,0.0,0.0,2.5,60,cuda,float64,600,59,1.0,0.04124327048947707,0.002465030340679464,0.0020247392098191597,6.556807507098914e-14,0.11977904356953209,60,1.3081353170000511
intervention,p23_s107_phase_best,23,107,custom,0.01,p23_s107_phase_best.npz,code,True,0.0,0.0,2.5,60,cuda,float64,600,59,1.0,0.041355526766720496,0.0027873899121124966,0.002371018939957281,6.899826079431796e-14,0.11329298990970557,60,1.2440059400000791
intervention,p23_s107_phase_best_control0,23,107,custom,0.01,p23_s107_phase_best_control0.npz,code,True,0.0,0.0,2.5,60,cuda,float64,600,59,0.9565217391304348,0.04141539466185161,0.0004397603678790525,-0.00019634007958835298,7.894492616974302e-14,0.11337688452775785,60,1.1739640889999237
intervention,p23_s107_phase_best_control1,23,107,custom,0.01,p23_s107_phase_best_control1.npz,code,True,0.0,0.0,2.5,60,cuda,float64,600,59,1.0,0.04132113363720351,0.002091246924341937,0.001762941923725947,6.721353697301678e-14,0.11320582446476063,60,1.2237839699999995
intervention,p23_s107_phase_best_control2,23,107,custom,0.01,p23_s107_phase_best_control2.npz,code,True,0.0,0.0,2.5,60,cuda,float64,600,59,1.0,0.04140705265626861,0.0016374849116955169,0.0012257770626558084,7.037803334587267e-14,0.1134920379806921,60,1.2461236479999798
intervention,p23_s107_phase_worst,23,107,custom,0.01,p23_s107_phase_worst.npz,code,True,0.0,0.0,2.5,60,cuda,float64,600,59,0.0,0.04159788899997637,-0.0005171760126635932,-0.0009290673050138532,7.470083504715612e-14,0.11342410472617345,60,1.1686875190000592
intervention,p23_s107_phase_worst_control0,23,107,custom,0.01,p23_s107_phase_worst_control0.npz,code,True,0.0,0.0,2.5,60,cuda,float64,600,59,1.0,0.04126547544951723,0.0003177390440403298,6.888885678613121e-05,7.074213994429481e-14,0.11208172120892056,60,1.1749585140000818
intervention,p23_s107_phase_worst_control1,23,107,custom,0.01,p23_s107_phase_worst_control1.npz,code,True,0.0,0.0,2.5,60,cuda,float64,600,59,1.0,0.04145100737478162,0.001147298922490885,0.0008335357580957492,6.163783332425429e-14,0.11343442765817524,60,1.1719630860000052
intervention,p23_s107_phase_worst_control2,23,107,custom,0.01,p23_s107_phase_worst_control2.npz,code,True,0.0,0.0,2.5,60,cuda,float64,600,59,1.0,0.04135738093282081,0.000702061782293631,0.0003770539128282735,7.211719332636107e-14,0.11295432701657572,60,1.1794531840000673
intervention,p23_s107_remove,23,107,custom,0.01,p23_s107_remove.npz,code,True,0.0,0.0,2.5,60,cuda,float64,600,59,0.08695652173913043,0.041641988998455746,-5.7046517829986826e-05,-9.742611746688112e-05,6.966233381502531e-14,0.0113503761515166,60,1.2082658179999726
intervention,p23_s107_remove_control0,23,107,custom,0.01,p23_s107_remove_control0.npz,code,True,0.0,0.0,2.5,60,cuda,float64,600,59,1.0,0.04138935550018357,0.00043593791967767436,0.000134211667612405,7.027966417373683e-14,0.10589042883594979,60,1.2247555759998932
intervention,p23_s107_remove_control1,23,107,custom,0.01,p23_s107_remove_control1.npz,code,True,0.0,0.0,2.5,60,cuda,float64,600,59,1.0,0.04138755170914672,0.0009807568031354257,0.0006805764072641551,6.963567017613977e-14,0.10085798597511202,60,1.1959539230000473
intervention,p23_s107_remove_control2,23,107,custom,0.01,p23_s107_remove_control2.npz,code,True,0.0,0.0,2.5,60,cuda,float64,600,59,1.0,0.04134237611487675,0.001594165006068566,0.00125767043991587,7.178098046070882e-14,0.1016630497697488,60,1.140780038999992
intervention,p23_s108_phase_best,23,108,custom,0.01,p23_s108_phase_best.npz,code,True,0.0,0.0,2.5,60,cuda,float64,600,59,1.0,0.04101893008819825,0.006348902570396982,0.005833330509503298,6.536564184343102e-14,0.14980184644669603,60,1.22485322
intervention,p23_s108_phase_best_control0,23,108,custom,0.01,p23_s108_phase_best_control0.npz,code,True,0.0,0.0,2.5,60,cuda,float64,600,59,1.0,0.04121408357725708,0.0022854103643024574,0.0017590440676453767,6.846992189359043e-14,0.14947633199506657,60,1.2198745100000679
intervention,p23_s108_phase_best_control1,23,108,custom,0.01,p23_s108_phase_best_control1.npz,code,True,0.0,0.0,2.5,60,cuda,float64,600,59,1.0,0.04108774696551884,0.0029741869826863665,0.002277109875768346,6.767584145546473e-14,0.1498018819202217,60,1.1988631860000396
intervention,p23_s108_phase_best_control2,23,108,custom,0.01,p23_s108_phase_best_control2.npz,code,True,0.0,0.0,2.5,60,cuda,float64,600,59,1.0,0.04132188804363198,0.0007284567704352198,0.00035831207101288953,6.627357494488721e-14,0.1484472333044945,60,1.2298783329999878
intervention,p23_s108_phase_worst,23,108,custom,0.01,p23_s108_phase_worst.npz,code,True,0.0,0.0,2.5,60,cuda,float64,600,59,0.0,0.041598404266616415,-0.0009105499373815488,-0.0013444106711375525,7.354838104259153e-14,0.1500126438323303,60,1.4413281900000356
intervention,p23_s108_phase_worst_control0,23,108,custom,0.01,p23_s108_phase_worst_control0.npz,code,True,0.0,0.0,2.5,60,cuda,float64,600,59,1.0,0.04125919266856858,0.001687757681955067,0.0010665545902099893,6.999195060983232e-14,0.15012302935569527,60,1.7032646410000325
intervention,p23_s108_phase_worst_control1,23,108,custom,0.01,p23_s108_phase_worst_control1.npz,code,True,0.0,0.0,2.5,60,cuda,float64,600,59,0.9130434782608695,0.04135356890981663,0.0003942008001562858,-0.00010001500686307452,7.255786437363242e-14,0.1497375327915482,60,1.6400923329999841
intervention,p23_s108_phase_worst_control2,23,108,custom,0.01,p23_s108_phase_worst_control2.npz,code,True,0.0,0.0,2.5,60,cuda,float64,600,59,1.0,0.04096161459480544,0.0034647439194541137,0.0026904470626174515,6.84963441824248e-14,0.1489846516648521,60,1.4524366289999762
intervention,p23_s108_remove,23,108,custom,0.01,p23_s108_remove.npz,code,True,0.0,0.0,2.5,60,cuda,float64,600,59,0.0,0.04164195952936343,-6.661864388055412e-05,-0.00012306540113549147,6.391994004607466e-14,0.010733120216616359,60,1.449759006000022
intervention,p23_s108_remove_control0,23,108,custom,0.01,p23_s108_remove_control0.npz,code,True,0.0,0.0,2.5,60,cuda,float64,600,59,1.0,0.04117454228590859,0.002118851905959222,0.0015354246881642553,6.541384326660664e-14,0.14786136683120393,60,1.3767951820000235
intervention,p23_s108_remove_control1,23,108,custom,0.01,p23_s108_remove_control1.npz,code,True,0.0,0.0,2.5,60,cuda,float64,600,59,1.0,0.04128853303481549,0.0009103131146717607,0.0004304616769985614,6.542590285938778e-14,0.14009838250426787,60,1.403088804000049
intervention,p23_s108_remove_control2,23,108,custom,0.01,p23_s108_remove_control2.npz,code,True,0.0,0.0,2.5,60,cuda,float64,600,59,0.08695652173913043,0.04137134219329937,-0.00019286536795554385,-0.0005869118941586038,6.612889552375403e-14,0.13392153902834092,60,1.4434917029999497
intervention,p23_s109_phase_best,23,109,custom,0.01,p23_s109_phase_best.npz,code,True,0.0,0.0,2.5,60,cuda,float64,600,59,1.0,0.04109203048673632,0.004421214350114651,0.0037995738961492664,6.580617094230183e-14,0.13616485015864016,60,1.7540291090000437
intervention,p23_s109_phase_best_control0,23,109,custom,0.01,p23_s109_phase_best_control0.npz,code,True,0.0,0.0,2.5,60,cuda,float64,600,59,1.0,0.04120308281381704,0.0032847941376686267,0.0026862322525467164,6.833192383909327e-14,0.13576663282468315,60,1.8657756180000433
intervention,p23_s109_phase_best_control1,23,109,custom,0.01,p23_s109_phase_best_control1.npz,code,True,0.0,0.0,2.5,60,cuda,float64,600,59,1.0,0.04112580710918276,0.002804098147633153,0.0023556326357407897,7.882328107199741e-14,0.13595172875953668,60,1.9685013110000682
intervention,p23_s109_phase_best_control2,23,109,custom,0.01,p23_s109_phase_best_control2.npz,code,True,0.0,0.0,2.5,60,cuda,float64,600,59,1.0,0.041055348538557274,0.004459514856621175,0.0040615663016865255,7.305743007364197e-14,0.13626278713795117,60,2.0372066879999693
intervention,p23_s109_phase_worst,23,109,custom,0.01,p23_s109_phase_worst.npz,code,True,0.0,0.0,2.5,60,cuda,float64,600,59,0.5652173913043478,0.041532673112547554,-3.176895638683411e-05,-0.0004446453394901795,6.955225697813892e-14,0.13635722271835174,60,1.9161887249999836
intervention,p23_s109_phase_worst_control0,23,109,custom,0.01,p23_s109_phase_worst_control0.npz,code,True,0.0,0.0,2.5,60,cuda,float64,600,59,1.0,0.04122919260552331,0.001679031551071724,0.0011928663453097954,6.549743713683014e-14,0.13644825140870354,60,1.3641436630000499
intervention,p23_s109_phase_worst_control1,23,109,custom,0.01,p23_s109_phase_worst_control1.npz,code,True,0.0,0.0,2.5,60,cuda,float64,600,59,1.0,0.04101393561071147,0.003790081947326925,0.003372551921058786,6.683501036756396e-14,0.1363497374490139,60,1.6173000210000055
intervention,p23_s109_phase_worst_control2,23,109,custom,0.01,p23_s109_phase_worst_control2.npz,code,True,0.0,0.0,2.5,60,cuda,float64,600,59,1.0,0.041169660443887264,0.0022866111001444206,0.0016531581645107263,7.022496812544706e-14,0.13622138318411897,60,1.4559625279999864
intervention,p23_s109_remove,23,109,custom,0.01,p23_s109_remove.npz,code,True,0.0,0.0,2.5,60,cuda,float64,600,59,0.043478260869565216,0.041641839166438294,-5.9660967691084295e-05,-0.0001389027133171794,6.429677541113296e-14,0.010532251056496966,60,2.192311317000076
intervention,p23_s109_remove_control0,23,109,custom,0.01,p23_s109_remove_control0.npz,code,True,0.0,0.0,2.5,60,cuda,float64,600,59,1.0,0.04119814911760853,0.002174706453664258,0.0017386194636230812,6.725923451756376e-14,0.12974702936830046,60,1.9785543979999147
intervention,p23_s109_remove_control1,23,109,custom,0.01,p23_s109_remove_control1.npz,code,True,0.0,0.0,2.5,60,cuda,float64,600,59,1.0,0.04098241897605873,0.0036840988833541726,0.003182585490282719,6.687714383025497e-14,0.14877419299744976,60,1.3977635869999858
intervention,p23_s109_remove_control2,23,109,custom,0.01,p23_s109_remove_control2.npz,code,True,0.0,0.0,2.5,60,cuda,float64,600,59,1.0,0.04100881401788318,0.0034650514796965085,0.002965216203522969,6.477629938573348e-14,0.14907977130607059,60,1.4844609070000843
boundary,p17_s100_bw15,17,100,cross,0.01,,code,True,0.0,0.0,1.5,60,cuda,float64,600,59,0.23529411764705882,0.05596255415964686,-0.00021693586319187724,-0.0011475368033282696,6.8096845315247165e-15,0.10337662078176978,60,0.966490140000019
boundary,p17_s100_bw20,17,100,cross,0.01,,code,True,0.0,0.0,2.0,60,cuda,float64,600,59,0.47058823529411764,0.05543033510242886,5.428392935727633e-05,-0.0007069168482078947,1.5322284690851022e-14,0.10747647809217727,60,0.9285701999999674
boundary,p17_s100_bw30,17,100,cross,0.01,,code,True,0.0,0.0,3.0,60,cuda,float64,600,59,0.8823529411764706,0.055240268312596666,0.0002575723846983002,-0.0003713393040937346,7.016967978746161e-14,0.11000881220256689,60,0.8928155629999992
boundary,p17_s100_eps001,17,100,cross,0.001,,code,True,0.0,0.0,2.5,60,cuda,float64,600,59,0.7058823529411764,0.05545692456023186,1.7763229969795545e-06,-5.1503514333500755e-06,3.445426074745433e-14,0.010984772555601586,60,1.0556044639999982
boundary,p17_s100_eps03,17,100,cross,0.03,,code,True,0.0,0.0,2.5,60,cuda,float64,600,59,0.9411764705882353,0.054079237149452765,0.0020436291568842876,-0.0030287109952802788,3.586692556382293e-14,0.31461164455805907,60,0.9496444860000111
boundary,p17_s100_paper,17,100,cross,0.01,,paper,True,0.0,0.0,2.5,60,cuda,float64,600,59,0.11764705882352941,0.05758972512779733,-0.000621221305432014,-0.0017321697911813205,3.4474258218309663e-15,0.09619694047581992,60,1.4059278849999828
boundary,p17_s100_paper_uncentered,17,100,cross,0.01,,paper,False,0.0,0.0,2.5,60,cuda,float64,600,59,0.0,0.05759715960374491,-0.0010993913796438844,-0.002115703077737549,3.460657951903603e-15,0.11343815496304531,60,1.0371763089999604
boundary,p17_s100_uncentered,17,100,cross,0.01,,code,False,0.0,0.0,2.5,60,cuda,float64,600,59,0.5882352941176471,0.05528729593826478,4.9650531814473936e-05,-0.00037131522437942877,3.563871524776165e-14,0.1296969335816371,60,0.9055974679999963
boundary,p17_s101_bw15,17,101,cross,0.01,,code,True,0.0,0.0,1.5,60,cuda,float64,600,59,1.0,0.05553165053156638,0.0027750754017907046,0.0022040409696481023,6.647458050907895e-15,0.10068259467723494,60,0.871151879000081
boundary,p17_s101_bw20,17,101,cross,0.01,,code,True,0.0,0.0,2.0,60,cuda,float64,600,59,1.0,0.05503717959233255,0.0027493538988617276,0.002339416930494914,1.6267643058184387e-14,0.1049362068002448,60,1.0395394669999405
boundary,p17_s101_bw30,17,101,cross,0.01,,code,True,0.0,0.0,3.0,60,cuda,float64,600,59,1.0,0.054888498745767615,0.002643785294108978,0.002195048097515681,6.854142762011176e-14,0.10759679557414116,60,0.9993843180000113
boundary,p17_s101_eps001,17,101,cross,0.001,,code,True,0.0,0.0,2.5,60,cuda,float64,600,59,1.0,0.05545317012372455,2.7126308396506727e-05,2.2666063158593985e-05,3.7073991881014646e-14,0.0107590446750209,60,0.999776536000013
boundary,p17_s101_eps03,17,101,cross,0.03,,code,True,0.0,0.0,2.5,60,cuda,float64,600,59,1.0,0.05121479696300567,0.022598694062589637,0.019530261182682793,3.5142278992312616e-14,0.3036213308179822,60,1.0054098290000866
boundary,p17_s101_paper,17,101,cross,0.01,,paper,True,0.0,0.0,2.5,60,cuda,float64,600,59,1.0,0.057138417403227955,0.0025947592022826983,0.001847035004421349,3.4908155246681493e-15,0.09328464378078245,60,0.9491138109999611
boundary,p17_s101_paper_uncentered,17,101,cross,0.01,,paper,False,0.0,0.0,2.5,60,cuda,float64,600,59,1.0,0.05720792120427022,0.0020766203582654086,0.0013445683241979367,3.4693132128525678e-15,0.09122332014269816,60,0.9328173100000186
boundary,p17_s101_uncentered,17,101,cross,0.01,,code,False,0.0,0.0,2.5,60,cuda,float64,600,59,1.0,0.05500729052913038,0.0021187762442791145,0.001805449147132751,3.5329498580205146e-14,0.10159916123542106,60,0.8943048290000206
boundary,p17_s102_bw15,17,102,cross,0.01,,code,True,0.0,0.0,1.5,60,cuda,float64,600,59,0.9411764705882353,0.05591411789531552,0.00035134577015432804,-7.824914884657641e-07,7.022830144436518e-15,0.08288792628914785,60,0.9207399859999441
boundary,p17_s102_bw20,17,102,cross,0.01,,code,True,0.0,0.0,2.0,60,cuda,float64,600,59,1.0,0.055390465122993005,0.00048190302277872584,0.0001471468339631632,1.4894208552400436e-14,0.08615673523244372,60,0.9496159609999495
boundary,p17_s102_bw30,17,102,cross,0.01,,code,True,0.0,0.0,3.0,60,cuda,float64,600,59,1.0,0.05520927678269438,0.0005603454074715022,0.0002049445908877956,7.158936462820647e-14,0.0881719507483899,60,1.087856464999959
boundary,p17_s102_eps001,17,102,cross,0.001,,code,True,0.0,0.0,2.5,60,cuda,float64,600,59,1.0,0.05545658462795877,5.381007828892327e-06,1.9008484834076578e-06,3.6907164986872663e-14,0.008790859101086077,60,1.042421212000022
boundary,p17_s102_eps03,17,102,cross,0.03,,code,True,0.0,0.0,2.5,60,cuda,float64,600,59,1.0,0.05376125819253413,0.004713982150469487,0.0020921292817017018,3.653160015324149e-14,0.25472237319536534,60,1.0479002319999609
boundary,p17_s102_paper,17,102,cross,0.01,,paper,True,0.0,0.0,2.5,60,cuda,float64,600,59,0.5294117647058824,0.05753769810829756,0.0001259157338822582,-0.00027677828968310225,3.494017509853922e-15,0.07714364057616101,60,0.9677174260000356
boundary,p17_s102_paper_uncentered,17,102,cross,0.01,,paper,False,0.0,0.0,2.5,60,cuda,float64,600,59,0.11764705882352941,0.05755913589531549,-0.0004045918358725843,-0.0008976272070938818,3.3806278334052884e-15,0.08538603398723275,60,0.9446890460000077
boundary,p17_s102_uncentered,17,102,cross,0.01,,code,False,0.0,0.0,2.5,60,cuda,float64,600,59,0.7058823529411764,0.05527633944806897,0.00012076414156063527,-0.0002357405552331493,3.672806573618673e-14,0.09678823292808883,60,0.9504598750000923
boundary,p17_s103_bw15,17,103,cross,0.01,,code,True,0.0,0.0,1.5,60,cuda,float64,600,59,0.0,0.0560354760768437,-0.0003289091475045933,-0.0005437157186976432,6.79105878187467e-15,0.060141691158174575,60,0.9125219179999249
boundary,p17_s103_bw20,17,103,cross,0.01,,code,True,0.0,0.0,2.0,60,cuda,float64,600,59,0.058823529411764705,0.05550515306180747,-0.00022735153283923905,-0.00043928308589377685,1.6401824131412682e-14,0.06233315986449034,60,0.8883324409999886
boundary,p17_s103_bw30,17,103,cross,0.01,,code,True,0.0,0.0,3.0,60,cuda,float64,600,59,0.1764705882352941,0.055316262432103386,-0.0001448517420733127,-0.0003990216216432918,7.241222794424079e-14,0.06363701392726695,60,0.9631704390000095
boundary,p17_s103_eps001,17,103,cross,0.001,,code,True,0.0,0.0,2.5,60,cuda,float64,600,59,0.11764705882352941,0.05545769974250787,-1.785304805012175e-06,-4.125634256016419e-06,3.5811956208016287e-14,0.006347572831602793,60,0.9525752989999319
boundary,p17_s103_eps03,17,103,cross,0.03,,code,True,0.0,0.0,2.5,60,cuda,float64,600,59,0.1764705882352941,0.05466473660969166,-0.0013727805504223122,-0.0032072129912050634,3.743187485927095e-14,0.18462629355279112,60,0.939874244000066
boundary,p17_s103_paper,17,103,cross,0.01,,paper,True,0.0,0.0,2.5,60,cuda,float64,600,59,0.0,0.057663420991159,-0.00045954423614537576,-0.0007116281219443771,3.5126389891977758e-15,0.05622617166288546,60,0.9903647779999574
boundary,p17_s103_paper_uncentered,17,103,cross,0.01,,paper,False,0.0,0.0,2.5,60,cuda,float64,600,59,0.0,0.057673421973877634,-0.000792992178229826,-0.001166010762141692,3.5027552179507837e-15,0.062900154968588,60,0.8995804589999352
boundary,p17_s103_uncentered,17,103,cross,0.01,,code,False,0.0,0.0,2.5,60,cuda,float64,600,59,0.0,0.05537356773517811,-0.00041896662707169947,-0.0006192329564767979,3.691508803883636e-14,0.07083831855498603,60,1.0160872069999414
boundary,p17_s104_bw15,17,104,cross,0.01,,code,True,0.0,0.0,1.5,60,cuda,float64,600,59,1.0,0.05583399264238699,0.0007641372792408785,3.1193751885719156e-05,6.952897805116415e-15,0.090151888957644,60,1.0051123849999613
boundary,p17_s104_bw20,17,104,cross,0.01,,code,True,0.0,0.0,2.0,60,cuda,float64,600,59,1.0,0.05531576497265829,0.00090403955538518,0.0003446637025585758,1.670717995979185e-14,0.09377547554957018,60,0.9646009360000107
boundary,p17_s104_bw30,17,104,cross,0.01,,code,True,0.0,0.0,3.0,60,cuda,float64,600,59,1.0,0.05514062772851841,0.0009795393491890305,0.0006114286618833231,6.768848112471106e-14,0.09602267136675069,60,0.9030760949999603
boundary,p17_s104_eps001,17,104,cross,0.001,,code,True,0.0,0.0,2.5,60,cuda,float64,600,59,1.0,0.05545586369695304,9.600263814761018e-06,5.108928014391223e-06,3.4357021031540096e-14,0.00956648195464111,60,1.0025220840000202
boundary,p17_s104_eps03,17,104,cross,0.03,,code,True,0.0,0.0,2.5,60,cuda,float64,600,59,1.0,0.053190229010037914,0.008268300561864391,0.004431326968092605,3.752036785171708e-14,0.2785261362162696,60,0.921593936000022
boundary,p17_s104_paper,17,104,cross,0.01,,paper,True,0.0,0.0,2.5,60,cuda,float64,600,59,0.9411764705882353,0.057454250274016024,0.0004970849627148888,-0.00041114646647187614,3.458499104434567e-15,0.08379702966816197,60,0.9949933539999165
boundary,p17_s104_paper_uncentered,17,104,cross,0.01,,paper,False,0.0,0.0,2.5,60,cuda,float64,600,59,0.1764705882352941,0.05748561599372638,-0.000293443279089114,-0.0010971055817023817,3.5246229900782037e-15,0.09096355940446078,60,0.9693809530000408
boundary,p17_s104_uncentered,17,104,cross,0.01,,code,False,0.0,0.0,2.5,60,cuda,float64,600,59,0.8823529411764706,0.05521638005893912,0.0003361509579774351,-7.068333085068212e-05,3.4596383025361664e-14,0.10286686848473117,60,0.9708745829999543
boundary,p17_s105_bw15,17,105,cross,0.01,,code,True,0.0,0.0,1.5,60,cuda,float64,600,59,0.058823529411764705,0.05612559541284406,-0.00014839382963532604,-0.00030915161181194195,7.081041938005612e-15,0.026625409364157745,60,0.9059015599999611
boundary,p17_s105_bw20,17,105,cross,0.01,,code,True,0.0,0.0,2.0,60,cuda,float64,600,59,0.058823529411764705,0.055590808529182696,-0.00012638135501289873,-0.0002776057223033007,1.5644021469365835e-14,0.026760423983161502,60,0.9558551500000476
boundary,p17_s105_bw30,17,105,cross,0.01,,code,True,0.0,0.0,3.0,60,cuda,float64,600,59,0.058823529411764705,0.055396602407376996,-0.00011520565316722268,-0.0002782393676099282,7.159825064891296e-14,0.026510551876645496,60,0.940957739000055
boundary,p17_s105_eps001,17,105,cross,0.001,,code,True,0.0,0.0,2.5,60,cuda,float64,600,59,0.058823529411764705,0.05545853236781805,-1.1836263597395908e-06,-2.7307237840390464e-06,3.9405658245781844e-14,0.0026695798230267818,60,0.9422592729999906
boundary,p17_s105_eps03,17,105,cross,0.03,,code,True,0.0,0.0,2.5,60,cuda,float64,600,59,0.058823529411764705,0.05535495223888982,-0.0010242713805444568,-0.002345520852534283,3.8577102503743573e-14,0.07923606520171611,60,0.8941473529999939
boundary,p17_s105_paper,17,105,cross,0.01,,paper,True,0.0,0.0,2.5,60,cuda,float64,600,59,0.058823529411764705,0.05775649584408859,-0.00017776441015185466,-0.00035695336904513486,3.459301877670463e-15,0.025956843320950256,60,0.9415560200000073
boundary,p17_s105_paper_uncentered,17,105,cross,0.01,,paper,False,0.0,0.0,2.5,60,cuda,float64,600,59,0.0,0.0577594244653818,-0.00022309801399686413,-0.00042971630255171644,3.457775551689098e-15,0.028000258504899726,60,0.9621224840000195
boundary,p17_s105_uncentered,17,105,cross,0.01,,code,False,0.0,0.0,2.5,60,cuda,float64,600,59,0.0,0.05544782014514975,-0.00012508903815017155,-0.00024143721786054617,3.6357639006813055e-14,0.02875031293574053,60,1.0259822949999489
boundary,p17_s106_bw15,17,106,cross,0.01,,code,True,0.0,0.0,1.5,60,cuda,float64,600,59,0.0,0.05601661782014972,-0.0007331004136720235,-0.0011576976808056472,6.916019801978692e-15,0.09220429845728903,60,0.8862885170000254
boundary,p17_s106_bw20,17,106,cross,0.01,,code,True,0.0,0.0,2.0,60,cuda,float64,600,59,0.0,0.055481999321658274,-0.0004905641218449807,-0.0008584837073522117,1.6823949106699666e-14,0.09577600613899008,60,0.9166844249999713
boundary,p17_s106_bw30,17,106,cross,0.01,,code,True,0.0,0.0,3.0,60,cuda,float64,600,59,0.058823529411764705,0.05528908911457185,-0.0002969701931910091,-0.0006186753291303609,7.140304284907008e-14,0.09796868377117268,60,0.9075623830000268
boundary,p17_s106_eps001,17,106,cross,0.001,,code,True,0.0,0.0,2.5,60,cuda,float64,600,59,0.058823529411764705,0.05545743216438372,-3.776702598468237e-06,-7.200155189943103e-06,3.615377687346795e-14,0.009771111716122018,60,0.9807134110000106
boundary,p17_s106_eps03,17,106,cross,0.03,,code,True,0.0,0.0,2.5,60,cuda,float64,600,59,0.058823529411764705,0.054486027094632745,-0.002640839620656077,-0.005356649059307009,3.6802195904699255e-14,0.2828402355680623,60,0.9766622199999802
boundary,p17_s106_paper,17,106,cross,0.01,,paper,True,0.0,0.0,2.5,60,cuda,float64,600,59,0.0,0.05764594022872782,-0.0010357795097121064,-0.0015327759885363362,3.5737634362455815e-15,0.08591965547769188,60,0.9159112489999188
boundary,p17_s106_paper_uncentered,17,106,cross,0.01,,paper,False,0.0,0.0,2.5,60,cuda,float64,600,59,0.0,0.0576503761062152,-0.0015919608927992212,-0.0021812421048856834,3.428351388508898e-15,0.10197489242376126,60,0.9095208540001067
boundary,p17_s106_uncentered,17,106,cross,0.01,,code,False,0.0,0.0,2.5,60,cuda,float64,600,59,0.0,0.05533486366329848,-0.0006750559798782687,-0.001012444025833198,3.6215470120762965e-14,0.11654910368326736,60,0.9164272190000702
boundary,p17_s107_bw15,17,107,cross,0.01,,code,True,0.0,0.0,1.5,60,cuda,float64,600,59,0.0,0.05601822946428722,-0.0014012985290171236,-0.00221490505863714,6.866058092529762e-15,0.11629833383036552,60,0.9420826620000753
boundary,p17_s107_bw20,17,107,cross,0.01,,code,True,0.0,0.0,2.0,60,cuda,float64,600,59,0.0,0.055478000449052114,-0.001000458884156604,-0.0016772505415660194,1.5892778506070465e-14,0.12088882891877169,60,0.8677904439999793
boundary,p17_s107_bw30,17,107,cross,0.01,,code,True,0.0,0.0,3.0,60,cuda,float64,600,59,0.058823529411764705,0.055279480852694345,-0.0006825431408032386,-0.0012118639778594814,7.112926808306035e-14,0.12372236869231214,60,0.8956621829998994
boundary,p17_s107_eps001,17,107,cross,0.001,,code,True,0.0,0.0,2.5,60,cuda,float64,600,59,0.058823529411764705,0.05545734850662802,-8.136874596683565e-06,-1.4159058221052678e-05,3.426399525347057e-14,0.012355711489036608,60,0.9727400960000523
boundary,p17_s107_eps03,17,107,cross,0.03,,code,True,0.0,0.0,2.5,60,cuda,float64,600,59,0.058823529411764705,0.05445168039521764,-0.0060949990544766335,-0.010685131356286973,3.7311476275180066e-14,0.3534749417739176,60,1.007525595000061
boundary,p17_s107_paper,17,107,cross,0.01,,paper,True,0.0,0.0,2.5,60,cuda,float64,600,59,0.0,0.057648962499640695,-0.0018812354313392876,-0.0028315714667837416,3.5313230035392385e-15,0.108262787877657,60,0.9611387710000372
boundary,p17_s107_paper_uncentered,17,107,cross,0.01,,paper,False,0.0,0.0,2.5,60,cuda,float64,600,59,0.0,0.05764523299612638,-0.0027401648513070698,-0.0035823830908571913,3.43053848348299e-15,0.1309909471455642,60,0.9193590480000466
boundary,p17_s107_uncentered,17,107,cross,0.01,,code,False,0.0,0.0,2.5,60,cuda,float64,600,59,0.0,0.05531114116264363,-0.001115616290832086,-0.0015225640068506074,3.5431998420144554e-14,0.15014338209468167,60,0.9793986099999756
boundary,p17_s108_bw15,17,108,cross,0.01,,code,True,0.0,0.0,1.5,60,cuda,float64,600,59,1.0,0.05560200305546222,0.0019416247829346547,0.0013734982386315736,6.877210483350351e-15,0.11588239836227138,60,0.8589139509999768
boundary,p17_s108_bw20,17,108,cross,0.01,,code,True,0.0,0.0,2.0,60,cuda,float64,600,59,1.0,0.05509769386184328,0.0020092884398696755,0.0015492639137625053,1.5889844774633176e-14,0.12070258545438782,60,0.8690831180000487
boundary,p17_s108_bw30,17,108,cross,0.01,,code,True,0.0,0.0,3.0,60,cuda,float64,600,59,1.0,0.054938720348594254,0.001997957956093512,0.001633805427533122,7.206034418838492e-14,0.12370605059548326,60,0.8937774549999631
boundary,p17_s108_eps001,17,108,cross,0.001,,code,True,0.0,0.0,2.5,60,cuda,float64,600,59,1.0,0.05545373055451352,2.015434321468968e-05,1.5969104804308687e-05,3.6856087776789167e-14,0.01238266782230616,60,0.8775400529999615
boundary,p17_s108_eps03,17,108,cross,0.03,,code,True,0.0,0.0,2.5,60,cuda,float64,600,59,1.0,0.05157525627465203,0.01761881923405786,0.014599408056239854,3.937780555942115e-14,0.34717464863653263,60,0.8807324989999188
boundary,p17_s108_paper,17,108,cross,0.01,,paper,True,0.0,0.0,2.5,60,cuda,float64,600,59,1.0,0.05721335976186347,0.0016941135557745762,0.000987340804104772,3.4459457790819496e-15,0.1074967373063658,60,0.9623506489999727
boundary,p17_s108_paper_uncentered,17,108,cross,0.01,,paper,False,0.0,0.0,2.5,60,cuda,float64,600,59,1.0,0.05726799860943453,0.0009006309247565616,0.00024127327237122298,3.5142444193681844e-15,0.11606314170702947,60,0.9489876480000703
boundary,p17_s108_uncentered,17,108,cross,0.01,,code,False,0.0,0.0,2.5,60,cuda,float64,600,59,1.0,0.05503299703988024,0.00136740564631333,0.0011341178353671127,3.6289601960174116e-14,0.13176898137348686,60,0.9523592909999934
boundary,p17_s109_bw15,17,109,cross,0.01,,code,True,0.0,0.0,1.5,60,cuda,float64,600,59,1.0,0.05536661765033749,0.003637665294064912,0.0030976054485222365,6.857693081795285e-15,0.11459923306747107,60,0.9067536720000362
boundary,p17_s109_bw20,17,109,cross,0.01,,code,True,0.0,0.0,2.0,60,cuda,float64,600,59,1.0,0.054882478716509725,0.0035977940944324385,0.0031418580989608508,1.5384276589630934e-14,0.11949947427642378,60,0.9848105629999964
boundary,p17_s109_bw30,17,109,cross,0.01,,code,True,0.0,0.0,3.0,60,cuda,float64,600,59,1.0,0.05474574492149229,0.003448428415989839,0.002986334018180159,7.304328935781936e-14,0.12257638648817029,60,0.8607103140000163
boundary,p17_s109_eps001,17,109,cross,0.001,,code,True,0.0,0.0,2.5,60,cuda,float64,600,59,1.0,0.05545167180045682,3.556725148074578e-05,3.076703773109701e-05,3.427824679708374e-14,0.012259342123913284,60,0.8871059189999642
boundary,p17_s109_eps03,17,109,cross,0.03,,code,True,0.0,0.0,2.5,60,cuda,float64,600,59,1.0,0.0500242820246596,0.029012039824871765,0.02610161132254249,3.8668964546995355e-14,0.3447515243285393,60,0.9208855930000936
boundary,p17_s109_paper,17,109,cross,0.01,,paper,True,0.0,0.0,2.5,60,cuda,float64,600,59,1.0,0.05696749056970504,0.003411596699136339,0.0027601636744745556,3.4150694893344205e-15,0.1060965628719448,60,0.9201103709999643
boundary,p17_s109_paper_uncentered,17,109,cross,0.01,,paper,False,0.0,0.0,2.5,60,cuda,float64,600,59,1.0,0.05705427898333603,0.0031040913075520114,0.0024367333835496052,3.4317776592750056e-15,0.10466333377156795,60,0.9070134260000486
boundary,p17_s109_uncentered,17,109,cross,0.01,,code,False,0.0,0.0,2.5,60,cuda,float64,600,59,1.0,0.05488002600131084,0.003108123716023658,0.0027614700085723393,3.524110605819932e-14,0.11714240161069567,60,0.9644509859999744
boundary,p23_s100_bw15,23,100,cross,0.01,,code,True,0.0,0.0,1.5,60,cuda,float64,600,59,1.0,0.04157887454345002,0.002447687410340942,0.0019905922336010268,1.1661853005337228e-14,0.11749186342788012,60,1.2756879620000063
boundary,p23_s100_bw20,23,100,cross,0.01,,code,True,0.0,0.0,2.0,60,cuda,float64,600,59,1.0,0.04129468147819068,0.002483099029069916,0.002098755244015038,3.030780180972005e-14,0.1224171713544539,60,1.220792250000045
boundary,p23_s100_bw30,23,100,cross,0.01,,code,True,0.0,0.0,3.0,60,cuda,float64,600,59,1.0,0.041213018635648,0.002436845013411339,0.002102810513804343,1.5677652501771744e-13,0.12578768456967598,60,1.3113206489999811
boundary,p23_s100_eps001,23,100,cross,0.001,,code,True,0.0,0.0,2.5,60,cuda,float64,600,59,1.0,0.04163680559882728,2.49218794658687e-05,2.1282353383611508e-05,6.784142167718316e-14,0.012561310558133146,60,1.3214524090000168
boundary,p23_s100_eps03,23,100,cross,0.03,,code,True,0.0,0.0,2.5,60,cuda,float64,600,59,1.0,0.03844123700425844,0.020143830758635933,0.01762460548590994,6.94071148272589e-14,0.35399266570025284,60,1.3042301839999482
boundary,p23_s100_paper,23,100,cross,0.01,,paper,True,0.0,0.0,2.5,60,cuda,float64,600,59,1.0,0.042539737709935306,0.002215305412953077,0.0016405853254139319,5.404037613854874e-15,0.10929988161114093,60,1.2913859389999516
boundary,p23_s100_paper_uncentered,23,100,cross,0.01,,paper,False,0.0,0.0,2.5,60,cuda,float64,600,59,1.0,0.04254182084069146,0.002064757277221959,0.0016159817998661063,5.423333931257957e-15,0.11280459560782725,60,1.2809295170000041
boundary,p23_s100_uncentered,23,100,cross,0.01,,code,False,0.0,0.0,2.5,60,cuda,float64,600,59,1.0,0.041235923524082674,0.002345384893000846,0.002128652513938123,6.526554843932034e-14,0.12781555206701015,60,1.2483201339999823
boundary,p23_s101_bw15,23,101,cross,0.01,,code,True,0.0,0.0,1.5,60,cuda,float64,600,59,1.0,0.04173693918131002,0.001353923181621576,0.0009422348682619486,1.1645841410922944e-14,0.11094116537185854,60,1.3689966389999881
boundary,p23_s101_bw20,23,101,cross,0.01,,code,True,0.0,0.0,2.0,60,cuda,float64,600,59,1.0,0.04144070557112977,0.0015561194004485301,0.0011378404155566457,2.902156631430492e-14,0.11551380894307953,60,1.241443553999943
boundary,p23_s101_bw30,23,101,cross,0.01,,code,True,0.0,0.0,3.0,60,cuda,float64,600,59,1.0,0.04134602636989408,0.0016601674563226098,0.0011982332802027429,1.288098877633762e-13,0.11863447454779416,60,1.3397994700000027
boundary,p23_s101_eps001,23,101,cross,0.001,,code,True,0.0,0.0,2.5,60,cuda,float64,600,59,1.0,0.04163823212511187,1.6437186408381066e-05,1.1850908352428746e-05,7.240883984769485e-14,0.01182610791852493,60,1.2810217840000178
boundary,p23_s101_eps03,23,101,cross,0.03,,code,True,0.0,0.0,2.5,60,cuda,float64,600,59,1.0,0.03941600532386768,0.013736749134630638,0.010880911049635955,6.666379508617527e-14,0.33847611199863614,60,1.3309957750000194
boundary,p23_s101_paper,23,101,cross,0.01,,paper,True,0.0,0.0,2.5,60,cuda,float64,600,59,1.0,0.04270531978450438,0.0009673989972593038,0.0005309516043231488,5.370594630954209e-15,0.10331602470250911,60,1.2835723839999673
boundary,p23_s101_paper_uncentered,23,101,cross,0.01,,paper,False,0.0,0.0,2.5,60,cuda,float64,600,59,0.7391304347826086,0.042691582927119796,0.00021621427285756765,-0.00032869536881907635,5.354985744438975e-15,0.11071472022769176,60,1.2475933299999724
boundary,p23_s101_uncentered,23,101,cross,0.01,,code,False,0.0,0.0,2.5,60,cuda,float64,600,59,1.0,0.04135466944623787,0.0010270105655149895,0.0006004635991097018,6.462650358447019e-14,0.12579640635951636,60,1.2910057349999988
boundary,p23_s102_bw15,23,102,cross,0.01,,code,True,0.0,0.0,1.5,60,cuda,float64,600,59,0.0,0.04180276040643614,-0.00045219262108711996,-0.001095234176239801,1.144434442968856e-14,0.1040547857070984,60,1.2888810739999599
boundary,p23_s102_bw20,23,102,cross,0.01,,code,True,0.0,0.0,2.0,60,cuda,float64,600,59,0.2608695652173913,0.041502233807655386,-0.000201622999001143,-0.000714293010381617,2.903701181393137e-14,0.10830447604623208,60,1.2836353970000118
boundary,p23_s102_bw30,23,102,cross,0.01,,code,True,0.0,0.0,3.0,60,cuda,float64,600,59,0.4782608695652174,0.04140286686055446,-5.783562297523304e-06,-0.00039251674666473946,1.3604988845777086e-13,0.11119494850571279,60,1.2858544200000779
boundary,p23_s102_eps001,23,102,cross,0.001,,code,True,0.0,0.0,2.5,60,cuda,float64,600,59,0.34782608695652173,0.04163880562519373,-8.061852032325156e-07,-5.263105128605616e-06,6.40859148643076e-14,0.011104952901061992,60,1.2466009660000736
boundary,p23_s102_eps03,23,102,cross,0.03,,code,True,0.0,0.0,2.5,60,cuda,float64,600,59,0.3913043478260869,0.040010905872646454,-0.0004096505036006641,-0.0037994656610678135,7.341213901062984e-14,0.3134889625628578,60,1.2703737549999232
boundary,p23_s102_paper,23,102,cross,0.01,,paper,True,0.0,0.0,2.5,60,cuda,float64,600,59,0.0,0.0427739301048278,-0.0007876337014308622,-0.0015751093382906367,5.514440659129763e-15,0.09696577599773948,60,1.38016681900001
boundary,p23_s102_paper_uncentered,23,102,cross,0.01,,paper,False,0.0,0.0,2.5,60,cuda,float64,600,59,0.0,0.04277977942659562,-0.0009692127936085884,-0.0019050535791951262,5.408526930818874e-15,0.10525559427520037,60,1.3474297469999783
boundary,p23_s102_uncentered,23,102,cross,0.01,,code,False,0.0,0.0,2.5,60,cuda,float64,600,59,0.3913043478260869,0.0414296985458332,-9.150193077079726e-05,-0.00047429573375090683,6.37379881075975e-14,0.11963676733837429,60,1.3811738880000348
boundary,p23_s103_bw15,23,103,cross,0.01,,code,True,0.0,0.0,1.5,60,cuda,float64,600,59,0.8260869565217391,0.04190803729051718,0.000223994550809361,-0.0001750451787501106,1.1412213916964169e-14,0.0900630068131099,60,1.2612531359999366
boundary,p23_s103_bw20,23,103,cross,0.01,,code,True,0.0,0.0,2.0,60,cuda,float64,600,59,1.0,0.04160137203308236,0.0003809608884722815,0.000108915523354014,2.8128808688269574e-14,0.09365685992497712,60,1.2498946640000668
boundary,p23_s103_bw30,23,103,cross,0.01,,code,True,0.0,0.0,3.0,60,cuda,float64,600,59,1.0,0.04149510572252694,0.0004784433630752654,0.0002717760447836781,1.4034272896739916e-13,0.09609163691035001,60,1.32879906200003
boundary,p23_s103_eps001,23,103,cross,0.001,,code,True,0.0,0.0,2.5,60,cuda,float64,600,59,1.0,0.041639790372162776,4.438531767024462e-06,2.154164242540446e-06,6.929044200177423e-14,0.009582067732836397,60,1.274418159999982
boundary,p23_s103_eps03,23,103,cross,0.03,,code,True,0.0,0.0,2.5,60,cuda,float64,600,59,1.0,0.040662309207799396,0.004124589028533636,0.0022621545423646694,7.242204723695572e-14,0.27433580719293355,60,1.3135979799999404
boundary,p23_s103_paper,23,103,cross,0.01,,paper,True,0.0,0.0,2.5,60,cuda,float64,600,59,0.3913043478260869,0.04288312726996091,-3.857370111221848e-05,-0.0005465110746003532,5.431242051293994e-15,0.08404904761013801,60,1.363350975000003
boundary,p23_s103_paper_uncentered,23,103,cross,0.01,,paper,False,0.0,0.0,2.5,60,cuda,float64,600,59,0.17391304347826086,0.04288682433417239,-0.0002380542831729515,-0.0008094303136492176,5.378001456849339e-15,0.09365200768036958,60,1.2415156659999411
boundary,p23_s103_uncentered,23,103,cross,0.01,,code,False,0.0,0.0,2.5,60,cuda,float64,600,59,1.0,0.041520662615935136,0.0004073538422684305,0.00016271962496361425,6.525602015938004e-14,0.10661030657760785,60,1.3027485520000255
boundary,p23_s104_bw15,23,104,cross,0.01,,code,True,0.0,0.0,1.5,60,cuda,float64,600,59,0.6521739130434783,0.04193537108478643,5.7590876911519116e-05,-0.00038045172887613,1.1271594775159373e-14,0.07351986062213123,60,1.1947770149999997
boundary,p23_s104_bw20,23,104,cross,0.01,,code,True,0.0,0.0,2.0,60,cuda,float64,600,59,0.9130434782608695,0.0416292572595816,0.00017664822595812082,-0.00016929255996434023,2.917714031204056e-14,0.076371525628837,60,1.1211437470000192
boundary,p23_s104_bw30,23,104,cross,0.01,,code,True,0.0,0.0,3.0,60,cuda,float64,600,59,1.0,0.041523103142573375,0.0002622382096931823,8.423107267674368e-06,1.4212011342578183e-13,0.0782890242478423,60,1.1498320929999863
boundary,p23_s104_eps001,23,104,cross,0.001,,code,True,0.0,0.0,2.5,60,cuda,float64,600,59,0.9565217391304348,0.041640079909841705,2.3240073390355844e-06,-5.974110930395682e-07,6.700197315846455e-14,0.0077846273114691965,60,1.270768733000068
boundary,p23_s104_eps03,23,104,cross,0.03,,code,True,0.0,0.0,2.5,60,cuda,float64,600,59,0.9565217391304348,0.04085827405259843,0.0020653374812594624,-0.0003768807887922776,6.726656097250208e-14,0.22869867706400968,60,1.1907104399999753
boundary,p23_s104_paper,23,104,cross,0.01,,paper,True,0.0,0.0,2.5,60,cuda,float64,600,59,0.2608695652173913,0.04291006448523408,-0.00012147124664257332,-0.0006562282069390024,5.459956554462003e-15,0.0687173798483588,60,1.4481857450000462
boundary,p23_s104_paper_uncentered,23,104,cross,0.01,,paper,False,0.0,0.0,2.5,60,cuda,float64,600,59,0.043478260869565216,0.04291721741840413,-0.00034150938053593017,-0.0008968378096213536,5.504786569233622e-15,0.0757288083075391,60,1.184518882999896
boundary,p23_s104_uncentered,23,104,cross,0.01,,code,False,0.0,0.0,2.5,60,cuda,float64,600,59,0.8695652173913043,0.04155377927931657,0.00013822312575369983,-0.00013158454589934365,6.881358125465854e-14,0.08585428526127561,60,1.4114863319999813
boundary,p23_s105_bw15,23,105,cross,0.01,,code,True,0.0,0.0,1.5,60,cuda,float64,600,59,0.0,0.04187721792266304,-0.0011948032733033838,-0.0017766154036946702,1.1853609936149552e-14,0.10735288718195052,60,1.1931390219999685
boundary,p23_s105_bw20,23,105,cross,0.01,,code,True,0.0,0.0,2.0,60,cuda,float64,600,59,0.0,0.04156931034285091,-0.0008688823293512282,-0.0014107470101620834,2.9694287719380254e-14,0.11171145361735652,60,1.1530381219999981
boundary,p23_s105_bw30,23,105,cross,0.01,,code,True,0.0,0.0,3.0,60,cuda,float64,600,59,0.0,0.041462390858334974,-0.0006024765047017843,-0.001179293300737072,1.4054768430416397e-13,0.11467183363954135,60,1.1641649319999487
boundary,p23_s105_eps001,23,105,cross,0.001,,code,True,0.0,0.0,2.5,60,cuda,float64,600,59,0.0,0.041639432213230874,-7.141940144187501e-06,-1.2914708323208401e-05,7.035976094770326e-14,0.011472978634485357,60,1.2208297319999701
boundary,p23_s105_eps03,23,105,cross,0.03,,code,True,0.0,0.0,2.5,60,cuda,float64,600,59,0.0,0.04053405343533533,-0.0053665220806606755,-0.009139128618392611,6.866045042055536e-14,0.3204475060826048,60,1.2953405889999203
boundary,p23_s105_paper,23,105,cross,0.01,,paper,True,0.0,0.0,2.5,60,cuda,float64,600,59,0.0,0.042853264398732896,-0.001587960874297218,-0.0023208564094495676,5.437756192961798e-15,0.10008827776446554,60,1.1933123710000473
boundary,p23_s105_paper_uncentered,23,105,cross,0.01,,paper,False,0.0,0.0,2.5,60,cuda,float64,600,59,0.0,0.0428679133364277,-0.002413386438765127,-0.003242670336045972,5.42667092349623e-15,0.1123885580709751,60,1.3330428389999724
boundary,p23_s105_uncentered,23,105,cross,0.01,,code,False,0.0,0.0,2.5,60,cuda,float64,600,59,0.0,0.041495185109872545,-0.001251352353485217,-0.0017054743981912424,7.489617946410457e-14,0.12816172487388175,60,1.193485322000015
boundary,p23_s106_bw15,23,106,cross,0.01,,code,True,0.0,0.0,1.5,60,cuda,float64,600,59,1.0,0.041630712723294154,0.0018899342845898046,0.001290622272394737,1.1803911326944638e-14,0.10323855385720664,60,1.1857182700000521
boundary,p23_s106_bw20,23,106,cross,0.01,,code,True,0.0,0.0,2.0,60,cuda,float64,600,59,1.0,0.04134528506771623,0.0018829340140479954,0.001409919669312032,2.9657530912303803e-14,0.10753844929710761,60,1.1541039019999744
boundary,p23_s106_bw30,23,106,cross,0.01,,code,True,0.0,0.0,3.0,60,cuda,float64,600,59,1.0,0.04126190961964923,0.0018194149836326993,0.001454894423439157,1.4735002343004933e-13,0.11047228777100102,60,1.1625451570000678
boundary,p23_s106_eps001,23,106,cross,0.001,,code,True,0.0,0.0,2.5,60,cuda,float64,600,59,1.0,0.041637306341672044,1.8642598444198658e-05,1.4512466117722056e-05,6.169019732525914e-14,0.011040419950656521,60,1.1615803640000877
boundary,p23_s106_eps03,23,106,cross,0.03,,code,True,0.0,0.0,2.5,60,cuda,float64,600,59,1.0,0.038853614601462284,0.01555055052672191,0.012361552921756669,7.32720736722735e-14,0.310068012370998,60,1.2371612159998904
boundary,p23_s106_paper,23,106,cross,0.01,,paper,True,0.0,0.0,2.5,60,cuda,float64,600,59,1.0,0.042592578214742556,0.00176009238019306,0.0010084931429733546,5.457773354954448e-15,0.09607781010391508,60,1.1925472210000407
boundary,p23_s106_paper_uncentered,23,106,cross,0.01,,paper,False,0.0,0.0,2.5,60,cuda,float64,600,59,1.0,0.042624337012143375,0.001716790683750923,0.001068679169729858,5.544467157467104e-15,0.09738571966872475,60,1.2082973500000662
boundary,p23_s106_uncentered,23,106,cross,0.01,,code,False,0.0,0.0,2.5,60,cuda,float64,600,59,1.0,0.041313149473467765,0.001821424736164703,0.0015518830986813725,6.869893388261431e-14,0.11001686606746995,60,1.1635071260000132
boundary,p23_s107_bw15,23,107,cross,0.01,,code,True,0.0,0.0,1.5,60,cuda,float64,600,59,1.0,0.04165824429608529,0.0010653286895651822,0.0006459845510968787,1.1440865373673656e-14,0.10678930090570167,60,1.3731835889999502
boundary,p23_s107_bw20,23,107,cross,0.01,,code,True,0.0,0.0,2.0,60,cuda,float64,600,59,1.0,0.041369520516574346,0.0011725947732530585,0.0008004392119289605,2.9076029009616873e-14,0.11124530128525742,60,1.51397831700001
boundary,p23_s107_bw30,23,107,cross,0.01,,code,True,0.0,0.0,3.0,60,cuda,float64,600,59,1.0,0.041282768314085755,0.0012189137591800403,0.0008804186064423902,1.3931733128440676e-13,0.11429551099009638,60,1.814254730000016
boundary,p23_s107_eps001,23,107,cross,0.001,,code,True,0.0,0.0,2.5,60,cuda,float64,600,59,1.0,0.04163752918313326,1.2148679057425497e-05,8.540694720338138e-06,6.954654913372914e-14,0.011406983202475147,60,1.5376432550000345
boundary,p23_s107_eps03,23,107,cross,0.03,,code,True,0.0,0.0,2.5,60,cuda,float64,600,59,1.0,0.03903894175695936,0.010232834423494251,0.0077014937742170275,6.962008758295539e-14,0.3236298073368894,60,1.737142953999978
boundary,p23_s107_paper,23,107,cross,0.01,,paper,True,0.0,0.0,2.5,60,cuda,float64,600,59,1.0,0.04262217470436721,0.0008260859532841587,0.0003633464875958392,5.418068849441269e-15,0.09937624962248676,60,1.163103670000055
boundary,p23_s107_paper_uncentered,23,107,cross,0.01,,paper,False,0.0,0.0,2.5,60,cuda,float64,600,59,0.9130434782608695,0.04265532746416442,0.0003712435857841838,-7.375349977489787e-05,5.416316828578694e-15,0.10296109125995201,60,1.2994034049999073
boundary,p23_s107_uncentered,23,107,cross,0.01,,code,False,0.0,0.0,2.5,60,cuda,float64,600,59,1.0,0.041335154486094094,0.0008141185297573383,0.0005049735121698262,6.722131457312307e-14,0.11660635978293818,60,1.202640405000011
boundary,p23_s108_bw15,23,108,cross,0.01,,code,True,0.0,0.0,1.5,60,cuda,float64,600,59,0.6521739130434783,0.04160645635905065,0.00011559336936549249,-0.00048373228277021063,1.1469918402132993e-14,0.14128564679231462,60,1.8255389500000092
boundary,p23_s108_bw20,23,108,cross,0.01,,code,True,0.0,0.0,2.0,60,cuda,float64,600,59,1.0,0.04131212133272943,0.00048567660358101616,1.0194428218035512e-05,2.8710366391761214e-14,0.147196606346917,60,1.7272672940000575
boundary,p23_s108_bw30,23,108,cross,0.01,,code,True,0.0,0.0,3.0,60,cuda,float64,600,59,1.0,0.041221247996449405,0.0007456541728831536,0.0003531198178805539,1.411766034680321e-13,0.15123881883205484,60,1.954284715999961
boundary,p23_s108_eps001,23,108,cross,0.001,,code,True,0.0,0.0,2.5,60,cuda,float64,600,59,1.0,0.041636867749256824,6.4032423405295224e-06,2.1057997088291813e-06,6.630238831461754e-14,0.01513287134373636,60,1.615151921000006
boundary,p23_s108_eps03,23,108,cross,0.03,,code,True,0.0,0.0,2.5,60,cuda,float64,600,59,1.0,0.03877019365234195,0.00667947244451422,0.0038596104633565886,7.427181208789212e-14,0.4207693141683893,60,1.3535545370000364
boundary,p23_s108_paper,23,108,cross,0.01,,paper,True,0.0,0.0,2.5,60,cuda,float64,600,59,0.13043478260869565,0.04257479635596411,-0.00044200118286655385,-0.0011998117180972434,5.454945868736805e-15,0.13146880967563057,60,2.051568902999975
boundary,p23_s108_paper_uncentered,23,108,cross,0.01,,paper,False,0.0,0.0,2.5,60,cuda,float64,600,59,0.0,0.04264678739319073,-0.0018641382865269948,-0.0025070369293006545,5.41055662689201e-15,0.14332122195951255,60,1.4939491170000565
boundary,p23_s108_uncentered,23,108,cross,0.01,,code,False,0.0,0.0,2.5,60,cuda,float64,600,59,0.17391304347826086,0.041301058898896424,-0.0002935720962148481,-0.0006315489799337826,6.495532387399457e-14,0.16297630690602138,60,1.7297735449999436
boundary,p23_s109_bw15,23,109,cross,0.01,,code,True,0.0,0.0,1.5,60,cuda,float64,600,59,1.0,0.0414198446721573,0.0034527395132095914,0.0028058888421140793,1.1510196611626644e-14,0.12823977380724358,60,1.9333660620000046
boundary,p23_s109_bw20,23,109,cross,0.01,,code,True,0.0,0.0,2.0,60,cuda,float64,600,59,1.0,0.04114622125347479,0.0034124932050173793,0.0028541580242524844,3.058010349708156e-14,0.13368453875540848,60,1.9221895750000613
boundary,p23_s109_bw30,23,109,cross,0.01,,code,True,0.0,0.0,3.0,60,cuda,float64,600,59,1.0,0.04107637084571023,0.003273951131807579,0.002787772131167543,1.3605756736199082e-13,0.13741502096521094,60,2.045542216000058
boundary,p23_s109_eps001,23,109,cross,0.001,,code,True,0.0,0.0,2.5,60,cuda,float64,600,59,1.0,0.041635335403653044,3.3580515140144755e-05,2.829573165996635e-05,6.632768725551232e-14,0.013750817715595878,60,2.112892396999996
boundary,p23_s109_eps03,23,109,cross,0.03,,code,True,0.0,0.0,2.5,60,cuda,float64,600,59,1.0,0.037466455716566135,0.028365560985975733,0.024702867874966117,6.892207953346018e-14,0.3814756877218286,60,1.6837064369999553
boundary,p23_s109_paper,23,109,cross,0.01,,paper,True,0.0,0.0,2.5,60,cuda,float64,600,59,1.0,0.04237445425240819,0.0032387499481227942,0.002510061384057294,5.327741507816664e-15,0.1192007513327552,60,2.13637961500001
boundary,p23_s109_paper_uncentered,23,109,cross,0.01,,paper,False,0.0,0.0,2.5,60,cuda,float64,600,59,1.0,0.04242801800158153,0.002281738263381723,0.0016064507374677905,5.4258632793757195e-15,0.12110347649132912,60,1.8243723189999628
boundary,p23_s109_uncentered,23,109,cross,0.01,,code,False,0.0,0.0,2.5,60,cuda,float64,600,59,1.0,0.04114437616843652,0.00243174421982494,0.0020981209452504146,6.398032366435737e-14,0.1371574841520413,60,1.934179974000017
