p,seed,method,evaluation,code,selected,fits,validation_acc,validation_normalized_margin,validation_mean_margin,relative_residual,bank_predicted_z,bank_candidates_scored
17,2000,bank,0,123,True,0,,,,,2.687118788110612,128
17,2000,greedy_probe,0,0,False,11,1.0,1.5837395843170474,0.001409534243557967,3.6197517383804905e-14,,
17,2000,greedy_probe,1,32,False,11,0.16666666666666666,-0.35186699366011204,-0.00032775931859411095,3.541252412502677e-14,,
17,2000,greedy_probe,2,2,False,11,0.5,0.17349747527331302,0.0001256075700607276,3.7157426959146773e-14,,
17,2000,greedy_probe,3,8,False,11,1.0,1.3643015221221813,0.0013975133381581965,3.548245399673533e-14,,
17,2000,greedy_probe,4,64,False,11,1.0,2.11138570903066,0.0016973729049342575,3.542444481307519e-14,,
17,2000,greedy_probe,5,80,False,11,1.0,1.2596234396557728,0.0011799954348725716,3.3313581649749536e-14,,
17,2000,greedy_probe,6,65,True,11,1.0,2.1935490043630375,0.00182495937298584,3.376538747281576e-14,,
17,2000,greedy_probe,7,69,False,11,1.0,1.7376738746339493,0.0014470667759412085,3.5028352049168744e-14,,
17,2000,greedy_probe,8,97,False,11,0.8333333333333334,0.664861636122797,0.00046854963185007553,3.451007889853212e-14,,
17,2000,greedy_probe,9,67,False,11,0.8333333333333334,0.7518055336130947,0.00039956627233832714,3.8359373189736256e-14,,
17,2000,greedy_probe,10,73,False,11,1.0,1.5747351797758231,0.0016003667909108125,3.600110165372841e-14,,
17,2000,random_full,0,0,False,60,1.0,1.5933050788199534,0.001420719102064721,3.694393286185458e-14,,
17,2000,random_full,1,1,True,60,1.0,1.7848665174742682,0.0016038315914951768,3.514563921671233e-14,,
17,2000,random_probe,0,0,False,11,1.0,1.5837395843170474,0.001409534243557967,3.6197517383804905e-14,,
17,2000,random_probe,1,1,False,11,1.0,1.7759153115021846,0.0015926986131704693,3.264332804342893e-14,,
17,2000,random_probe,2,3,False,11,1.0,0.3972431154521734,0.00028118944255186434,3.5464086694599686e-14,,
17,2000,random_probe,3,58,False,11,1.0,1.6528272406639013,0.0016341863917495407,3.495911540282476e-14,,
17,2000,random_probe,4,33,False,11,0.5,0.0008454511600029524,4.189424146349337e-06,3.374174482581579e-14,,
17,2000,random_probe,5,61,False,11,1.0,0.4438338764529211,0.000341261360049185,3.7348510585375626e-14,,
17,2000,random_probe,6,4,True,11,1.0,2.0410340418594095,0.0018273373200563502,3.615538700413435e-14,,
17,2000,random_probe,7,106,False,11,1.0,1.6056966731914006,0.0015407346717617038,3.7495696896031935e-14,,
17,2000,random_probe,8,70,False,11,0.6666666666666666,0.028967818394658423,2.6746699952185277e-05,3.6920582131472074e-14,,
17,2000,random_probe,9,19,False,11,1.0,0.6058272097517124,0.0006266950443904971,3.576555987698919e-14,,
17,2000,random_probe,10,36,False,11,0.5,0.03591899012636602,3.29490700218422e-05,3.88476865248658e-14,,
17,2001,bank,0,16,True,0,,,,,2.6683661814725825,128
17,2001,greedy_probe,0,0,False,11,1.0,1.9714779573177703,0.0007617405942003663,3.4455134342169905e-14,,
17,2001,greedy_probe,1,8,False,11,1.0,1.7410605425171812,0.0006765813887726924,3.3804162414732255e-14,,
17,2001,greedy_probe,2,1,False,11,0.3333333333333333,-0.1382219035997995,-3.622633473503167e-05,3.663487452886387e-14,,
17,2001,greedy_probe,3,64,False,11,1.0,1.3317381776343502,0.000661098318036589,3.47329435384648e-14,,
17,2001,greedy_probe,4,16,True,11,1.0,2.166199532636643,0.0008249245824035559,3.6884485375639657e-14,,
17,2001,greedy_probe,5,48,False,11,1.0,1.7155897486610996,0.0006035745681992588,3.8127648503783435e-14,,
17,2001,greedy_probe,6,18,False,11,1.0,1.74790369581188,0.0005944463488705351,3.4350316037269134e-14,,
17,2001,greedy_probe,7,20,False,11,1.0,0.847298224245999,0.0004054261107333326,3.754653677990497e-14,,
17,2001,greedy_probe,8,24,False,11,1.0,2.0280273434867304,0.000772459945976719,3.425349476290979e-14,,
17,2001,greedy_probe,9,17,False,11,0.5,-0.013088744265569371,2.497048570878254e-06,3.7239569986837574e-14,,
17,2001,greedy_probe,10,80,False,11,1.0,1.4236295392502278,0.0007010804838381568,3.7922740133034276e-14,,
17,2001,random_full,0,0,True,60,1.0,1.9842354786201934,0.0007687750082234027,3.491084891807512e-14,,
17,2001,random_full,1,9,False,60,0.16666666666666666,-0.39866272914491035,-0.00012096599859979147,3.520394234939916e-14,,
17,2001,random_probe,0,0,True,11,1.0,1.9714779573177703,0.0007617405942003663,3.4455134342169905e-14,,
17,2001,random_probe,1,9,False,11,0.16666666666666666,-0.42212705262050826,-0.00012826854509937619,3.538198757342583e-14,,
17,2001,random_probe,2,52,False,11,0.8333333333333334,0.3966447925955994,0.00019996129241034907,3.7032781252347824e-14,,
17,2001,random_probe,3,28,False,11,1.0,0.8320675290171903,0.0003967869273141175,3.6140858051053394e-14,,
17,2001,random_probe,4,103,False,11,1.0,0.8068807627772688,0.0002805904129406696,3.4932844685710534e-14,,
17,2001,random_probe,5,6,False,11,0.6666666666666666,0.2548938929932761,0.0001259025734270484,3.5631606035657286e-14,,
17,2001,random_probe,6,99,False,11,0.16666666666666666,-0.25643127949223554,-0.00011641815290412232,3.481339710204879e-14,,
17,2001,random_probe,7,91,False,11,0.0,-0.7117732790479026,-0.0002855426895295628,3.2969691607047074e-14,,
17,2001,random_probe,8,10,False,11,1.0,1.5859849431148219,0.0005486078233803172,3.821452905621413e-14,,
17,2001,random_probe,9,126,False,11,0.8333333333333334,0.26840668279592267,0.00011369711572837421,3.89262264535694e-14,,
17,2001,random_probe,10,113,False,11,0.0,-0.6319090100056713,-0.0002795185388272531,3.9070778369775245e-14,,
17,2002,bank,0,74,True,0,,,,,2.838214055714368,128
17,2002,greedy_probe,0,0,False,11,1.0,0.8766881094450568,0.0011498702270702303,3.679756983463824e-14,,
17,2002,greedy_probe,1,16,False,11,1.0,1.51523707356389,0.002227306638526825,3.640544117471683e-14,,
17,2002,greedy_probe,2,80,False,11,1.0,1.3284595829332464,0.0020347678738681188,3.928238583323485e-14,,
17,2002,greedy_probe,3,18,False,11,1.0,1.0760178919344567,0.0012683420652973496,3.514496601379018e-14,,
17,2002,greedy_probe,4,20,False,11,0.8333333333333334,0.44428804712941256,0.0006548797719500588,3.444185026114115e-14,,
17,2002,greedy_probe,5,17,False,11,0.3333333333333333,-0.2774035011397649,-0.0003479898945884727,3.34712861322962e-14,,
17,2002,greedy_probe,6,24,False,11,1.0,1.4833340293266293,0.002311194296165997,3.462774764081932e-14,,
17,2002,greedy_probe,7,48,False,11,1.0,2.552466306764489,0.0035227660494235153,3.7653672619064784e-14,,
17,2002,greedy_probe,8,32,False,11,1.0,0.6724017390143584,0.001001304855234438,4.519965665489953e-14,,
17,2002,greedy_probe,9,112,True,11,1.0,2.618512513180826,0.00369620399593968,3.5277651368394233e-14,,
17,2002,greedy_probe,10,114,False,11,1.0,2.188642697356505,0.0037315683098531546,3.624831186291579e-14,,
17,2002,random_full,0,0,False,60,1.0,0.8878098887622361,0.0011653097746967313,3.349400638407669e-14,,
17,2002,random_full,1,10,True,60,1.0,2.5708826301186893,0.003457004202521749,3.449009356339295e-14,,
17,2002,random_probe,0,0,False,11,1.0,0.8766881094450568,0.0011498702270702303,3.679756983463824e-14,,
17,2002,random_probe,1,10,True,11,1.0,2.5678418149799573,0.003444068068838714,3.5245140825864476e-14,,
17,2002,random_probe,2,51,False,11,1.0,1.1463577907680271,0.0017937169118645453,3.435880106628356e-14,,
17,2002,random_probe,3,72,False,11,1.0,2.170599184459436,0.003537870810768754,3.729233983629238e-14,,
17,2002,random_probe,4,60,False,11,0.0,-0.5806220475916826,-0.0005507649558958878,3.424135102094762e-14,,
17,2002,random_probe,5,48,False,11,1.0,2.552466306764489,0.0035227660494235153,3.7653672619064784e-14,,
17,2002,random_probe,6,113,False,11,1.0,1.2635192133625763,0.0015860965336536258,3.5597901336003066e-14,,
17,2002,random_probe,7,118,False,11,1.0,1.1030264987060352,0.001672215789087536,3.649006833843453e-14,,
17,2002,random_probe,8,108,False,11,0.6666666666666666,-0.06503722333294,-5.5841055909898e-05,3.858510932511465e-14,,
17,2002,random_probe,9,127,False,11,0.3333333333333333,0.08988708507551507,0.00012169916672919122,3.583836312987534e-14,,
17,2002,random_probe,10,66,False,11,1.0,1.2594179785711204,0.0012356533841617033,3.75175223754056e-14,,
17,2003,bank,0,98,True,0,,,,,2.710292526219438,128
17,2003,greedy_probe,0,0,False,11,1.0,0.24848696819193336,0.00018767361859799622,3.541586183179309e-14,,
17,2003,greedy_probe,1,8,False,11,1.0,1.4236778384748645,0.001096688170512991,3.748925989139349e-14,,
17,2003,greedy_probe,2,40,False,11,0.8333333333333334,0.23058025043214161,0.00017466388958242013,3.3172245183298154e-14,,
17,2003,greedy_probe,3,12,False,11,1.0,0.8870824202759877,0.000437874972444315,3.3939663511506255e-14,,
17,2003,greedy_probe,4,9,False,11,1.0,1.2782986703799137,0.0009842016481467115,3.649442321382629e-14,,
17,2003,greedy_probe,5,10,False,11,1.0,1.754178312890766,0.0013622085979243595,3.8614690186142037e-14,,
17,2003,greedy_probe,6,74,True,11,1.0,1.8582299767920467,0.0008650687202735782,3.783508009550176e-14,,
17,2003,greedy_probe,7,90,False,11,0.8333333333333334,0.22890469804155164,8.411327612641249e-05,3.936469031121762e-14,,
17,2003,greedy_probe,8,66,False,11,1.0,0.9849748590539583,0.0003363468319796832,3.710735328183575e-14,,
17,2003,greedy_probe,9,106,False,11,1.0,1.7218210025513965,0.0008716588675277692,3.468712426699666e-14,,
17,2003,greedy_probe,10,78,False,11,1.0,1.2224226881626763,0.0010518485735967961,3.5109335965181075e-14,,
17,2003,random_full,0,0,False,60,1.0,0.2596990644752995,0.00019627997089178423,3.92068171776259e-14,,
17,2003,random_full,1,76,True,60,1.0,1.4148967884996615,0.0011683122495481483,3.3401404717155287e-14,,
17,2003,random_probe,0,0,False,11,1.0,0.24848696819193336,0.00018767361859799622,3.541586183179309e-14,,
17,2003,random_probe,1,76,False,11,1.0,1.4054591459652126,0.0011592317705854463,3.653522123645597e-14,,
17,2003,random_probe,2,18,False,11,1.0,0.27917640454191045,0.00021050446938116613,3.380533514036703e-14,,
17,2003,random_probe,3,115,False,11,1.0,1.1807661615884555,0.0005710733694870712,3.727324767506201e-14,,
17,2003,random_probe,4,40,False,11,0.8333333333333334,0.23058025043214161,0.00017466388958242013,3.3172245183298154e-14,,
17,2003,random_probe,5,74,True,11,1.0,1.8582299767920467,0.0008650687202735782,3.783508009550176e-14,,
17,2003,random_probe,6,57,False,11,0.8333333333333334,0.23729531122355843,0.00018418464362551326,3.849475148824939e-14,,
17,2003,random_probe,7,77,False,11,1.0,1.5812525277448082,0.0012713334489194313,3.583023747397033e-14,,
17,2003,random_probe,8,64,False,11,0.6666666666666666,0.1513156212741075,5.988750116438235e-05,3.407206739815414e-14,,
17,2003,random_probe,9,89,False,11,1.0,1.726167265185867,0.0007821303173486625,3.4863904574156525e-14,,
17,2003,random_probe,10,120,False,11,1.0,0.7562017604439735,0.00029655131637605636,4.029057975998995e-14,,
17,2004,bank,0,5,True,0,,,,,1.4557841371969258,128
17,2004,greedy_probe,0,0,False,11,1.0,0.8644676259265398,0.0008429223169889657,3.416056198697145e-14,,
17,2004,greedy_probe,1,32,False,11,1.0,0.5218926566304626,0.0005075399469254722,3.8168135545303204e-14,,
17,2004,greedy_probe,2,8,False,11,1.0,0.7331549676243306,0.0006821981427038113,3.608287422811589e-14,,
17,2004,greedy_probe,3,2,False,11,1.0,0.9881611538313994,0.00092364043730248,3.7500712679905844e-14,,
17,2004,greedy_probe,4,66,False,11,0.8333333333333334,0.14071930989630776,0.00013763116323176525,3.430381338800146e-14,,
17,2004,greedy_probe,5,3,False,11,1.0,0.5594882309834165,0.0005403225548811114,3.397195228612644e-14,,
17,2004,greedy_probe,6,6,False,11,1.0,0.8868784415016583,0.0010405303105263872,3.757222570753322e-14,,
17,2004,greedy_probe,7,18,False,11,1.0,0.6130836548533652,0.0005630623255228201,3.7918353410563836e-14,,
17,2004,greedy_probe,8,34,True,11,1.0,1.1770155430572173,0.0010824204615651732,3.4648480438995835e-14,,
17,2004,greedy_probe,9,42,False,11,1.0,1.0402541782896566,0.0010012116549816287,3.506606289963846e-14,,
17,2004,greedy_probe,10,98,False,11,1.0,0.34903525583713635,0.00032323525847520695,3.406107571515628e-14,,
17,2004,random_full,0,0,True,60,1.0,0.8732747646045339,0.0008529008312120959,3.666921677216091e-14,,
17,2004,random_full,1,64,False,60,0.5,-0.0020584023220959944,6.105087581163848e-06,3.510581002277047e-14,,
17,2004,random_probe,0,0,True,11,1.0,0.8644676259265398,0.0008429223169889657,3.416056198697145e-14,,
17,2004,random_probe,1,64,False,11,0.5,-0.012237156458401463,-3.931658411620205e-06,3.392950127439828e-14,,
17,2004,random_probe,2,68,False,11,1.0,0.39195340257695555,0.00046887219539896535,3.578174800670616e-14,,
17,2004,random_probe,3,54,False,11,1.0,0.7455577115448685,0.0008677557406347874,3.83233753841704e-14,,
17,2004,random_probe,4,67,False,11,0.8333333333333334,0.11379180644584885,0.00010864633983720395,3.6220116908038035e-14,,
17,2004,random_probe,5,113,False,11,0.16666666666666666,-0.1004830893608808,-7.961743980410459e-05,3.7763545734388874e-14,,
17,2004,random_probe,6,91,False,11,0.3333333333333333,-0.19981736706531592,-0.00017482756256606788,3.356049091899147e-14,,
17,2004,random_probe,7,101,False,11,0.16666666666666666,-0.412434439260109,-0.0001348640725092933,3.6024452999928826e-14,,
17,2004,random_probe,8,9,False,11,0.8333333333333334,0.5318551837727822,0.00042872312526994843,3.6984117423766095e-14,,
17,2004,random_probe,9,59,False,11,1.0,0.5438904011133011,0.0004658906452309,3.499630244913496e-14,,
17,2004,random_probe,10,87,False,11,0.0,-0.5203697839746358,-0.00023284922378877249,3.7864303058061025e-14,,
17,2005,bank,0,67,True,0,,,,,2.0111139692632065,128
17,2005,greedy_probe,0,0,False,11,0.0,-0.6544464471085489,-0.0006530756756009277,3.698476170006536e-14,,
17,2005,greedy_probe,1,32,False,11,0.5,0.045329721122361534,4.058046208925183e-05,3.398029673752947e-14,,
17,2005,greedy_probe,2,96,False,11,0.6666666666666666,0.15388065829904457,0.00014979413060243105,3.319546040026992e-14,,
17,2005,greedy_probe,3,104,False,11,0.0,-0.2524146601140593,-0.0002544842018185033,3.373704744407938e-14,,
17,2005,greedy_probe,4,112,False,11,1.0,0.49279875971129544,0.00047645424564201944,3.6573234942175713e-14,,
17,2005,greedy_probe,5,116,False,11,1.0,0.3276428383717023,0.00019179097887296834,3.486053520808667e-14,,
17,2005,greedy_probe,6,114,False,11,0.0,-0.3014120536655651,-0.00028253349117188703,3.320704277849874e-14,,
17,2005,greedy_probe,7,113,False,11,1.0,1.2305529094521623,0.0008511514243328156,3.4703893478699206e-14,,
17,2005,greedy_probe,8,81,False,11,1.0,0.5601825778980475,0.0003548976272495716,3.717398351484764e-14,,
17,2005,greedy_probe,9,49,False,11,1.0,0.7818166695303059,0.0005518199655768057,3.4575745680413665e-14,,
17,2005,greedy_probe,10,121,True,11,1.0,1.5423379936613493,0.0010788142903121977,3.6160000312890414e-14,,
17,2005,random_full,0,0,False,60,0.0,-0.6429336411027246,-0.0006418759899689888,3.410692919036002e-14,,
17,2005,random_full,1,115,True,60,1.0,0.5385593621569424,0.00035799961364036775,3.519578354679898e-14,,
17,2005,random_probe,0,0,False,11,0.0,-0.6544464471085489,-0.0006530756756009277,3.698476170006536e-14,,
17,2005,random_probe,1,115,False,11,1.0,0.527875192001222,0.00035035786364076327,3.387483717537834e-14,,
17,2005,random_probe,2,24,False,11,0.8333333333333334,0.2623528540933013,0.00024441256041528997,3.829731815440837e-14,,
17,2005,random_probe,3,120,False,11,0.8333333333333334,0.2988783039510673,0.00028946836277449667,3.580579678315661e-14,,
17,2005,random_probe,4,109,False,11,1.0,0.6262681704496094,0.0006122599803493611,3.8581692654180383e-14,,
17,2005,random_probe,5,125,True,11,1.0,1.0160680049638906,0.0010959787396839203,3.206412640534753e-14,,
17,2005,random_probe,6,103,False,11,1.0,0.9636223021826041,0.0009561885313597215,3.51078415865929e-14,,
17,2005,random_probe,7,53,False,11,1.0,0.7264434472288751,0.0007847068988589742,3.844504890583188e-14,,
17,2005,random_probe,8,62,False,11,0.0,-0.8447744152793982,-0.00048528137588029857,3.688858158350028e-14,,
17,2005,random_probe,9,107,False,11,1.0,0.6502100532523795,0.00038600425931876087,3.5384284351924104e-14,,
17,2005,random_probe,10,124,False,11,0.8333333333333334,0.36844359231132545,0.00021161875945236117,3.532736655577065e-14,,
17,2006,bank,0,74,True,0,,,,,2.3042983522193428,128
17,2006,greedy_probe,0,0,False,11,0.6666666666666666,0.14666403171961384,0.00011304647621910673,3.59948417435232e-14,,
17,2006,greedy_probe,1,2,False,11,0.5,-0.008690972842483796,7.627879215948523e-06,3.462277144206505e-14,,
17,2006,greedy_probe,2,8,False,11,0.8333333333333334,0.4432863144500661,0.00032499293367236243,3.8478720445785645e-14,,
17,2006,greedy_probe,3,72,False,11,1.0,0.7164156246146108,0.000543437484765962,3.557354538945334e-14,,
17,2006,greedy_probe,4,76,False,11,0.8333333333333334,0.14828226455558358,0.000116999814994731,3.520806623908502e-14,,
17,2006,greedy_probe,5,88,False,11,0.8333333333333334,0.6506419190563387,0.0002806820324033783,3.3277731887696773e-14,,
17,2006,greedy_probe,6,73,False,11,0.8333333333333334,0.3334380448746405,0.00025319001982804235,3.634858498619241e-14,,
17,2006,greedy_probe,7,104,False,11,1.0,0.9324425163055383,0.0006951037686004404,3.503114438984447e-14,,
17,2006,greedy_probe,8,106,True,11,1.0,1.1312095210795388,0.0003713814478832206,3.833523434265068e-14,,
17,2006,greedy_probe,9,98,False,11,1.0,0.3887198869396437,0.0001415478526378272,3.259281092895007e-14,,
17,2006,greedy_probe,10,42,False,11,0.8333333333333334,0.39428333700531876,0.00014194637620630843,3.7801541507325644e-14,,
17,2006,random_full,0,0,True,60,0.6666666666666666,0.15824284453266282,0.00012117893754713903,3.506629932212863e-14,,
17,2006,random_full,1,81,False,60,0.5,0.2716852443536882,0.00011623099227669094,3.436313242831354e-14,,
17,2006,random_probe,0,0,False,11,0.6666666666666666,0.14666403171961384,0.00011304647621910673,3.59948417435232e-14,,
17,2006,random_probe,1,81,False,11,0.5,0.24712082896173207,0.00010811866532000013,3.6015212537873895e-14,,
17,2006,random_probe,2,39,False,11,0.8333333333333334,0.6429582836922324,0.0002381653947217885,3.4312239390472335e-14,,
17,2006,random_probe,3,118,False,11,0.8333333333333334,0.10982282297684426,7.098682937699274e-05,3.859428066037448e-14,,
17,2006,random_probe,4,13,False,11,1.0,0.7410406787511086,0.0005438648573107158,3.5239051226777546e-14,,
17,2006,random_probe,5,52,True,11,1.0,1.2132586760521795,0.00047094139628198195,3.640016389516719e-14,,
17,2006,random_probe,6,57,False,11,0.6666666666666666,-0.16979325919316635,-2.5460198796949107e-05,3.59540509073139e-14,,
17,2006,random_probe,7,106,False,11,1.0,1.1312095210795388,0.0003713814478832206,3.833523434265068e-14,,
17,2006,random_probe,8,99,False,11,0.3333333333333333,-0.1946897425926918,-5.534145142224491e-05,3.5981666332728616e-14,,
17,2006,random_probe,9,17,False,11,0.3333333333333333,-0.3592173764959476,-0.00010982616620880171,3.610215452016677e-14,,
17,2006,random_probe,10,110,False,11,0.3333333333333333,-0.13335618543728459,-3.142057927742192e-05,3.4956145110963885e-14,,
17,2007,bank,0,94,True,0,,,,,2.5325526270263223,128
17,2007,greedy_probe,0,0,False,11,1.0,1.365388864068085,0.0014948621696255447,3.466685482701812e-14,,
17,2007,greedy_probe,1,4,False,11,0.8333333333333334,0.5166706801396797,0.00042110301256660887,3.8406444464057954e-14,,
17,2007,greedy_probe,2,32,False,11,1.0,1.9900122783105136,0.0021984209143436815,3.272861560171379e-14,,
17,2007,greedy_probe,3,96,False,11,1.0,1.291542196918878,0.0017989331777939742,3.385770164752765e-14,,
17,2007,greedy_probe,4,34,False,11,1.0,1.051281981787093,0.0011290170107493651,3.5987786965704626e-14,,
17,2007,greedy_probe,5,40,False,11,1.0,2.1338472555303287,0.002304611981596307,3.717906600856588e-14,,
17,2007,greedy_probe,6,56,True,11,1.0,2.2283533286454626,0.002290538252225726,3.721816794280662e-14,,
17,2007,greedy_probe,7,57,False,11,1.0,1.7875596561252252,0.0011488440523459778,3.5180628057002397e-14,,
17,2007,greedy_probe,8,60,False,11,1.0,0.7528760575371304,0.0005969037683620481,3.8408350029386196e-14,,
17,2007,greedy_probe,9,24,False,11,1.0,1.193922212123246,0.0011893598064827797,3.482250995610483e-14,,
17,2007,greedy_probe,10,120,False,11,1.0,1.2057565448550358,0.0016722209912762229,3.504292925888073e-14,,
17,2007,random_full,0,0,True,60,1.0,1.3741049345309102,0.0015072579362493562,3.603725382102392e-14,,
17,2007,random_full,1,67,False,60,1.0,0.23967519760013437,0.0002923863503952624,3.3986596973448364e-14,,
17,2007,random_probe,0,0,True,11,1.0,1.365388864068085,0.0014948621696255447,3.466685482701812e-14,,
17,2007,random_probe,1,67,False,11,1.0,0.2293727817292072,0.00027977497709489224,3.369521436840229e-14,,
17,2007,random_probe,2,120,False,11,1.0,1.2057565448550358,0.0016722209912762229,3.504292925888073e-14,,
17,2007,random_probe,3,42,False,11,1.0,1.260202632364971,0.0012982737914160904,3.395284458064414e-14,,
17,2007,random_probe,4,68,False,11,1.0,1.2879329545397609,0.0016671484183595348,3.4044461618892825e-14,,
17,2007,random_probe,5,23,False,11,1.0,0.42048862595701997,0.00041246359084909134,3.259614340654904e-14,,
17,2007,random_probe,6,17,False,11,1.0,0.798561164392234,0.0005056567900689965,3.4302003681807124e-14,,
17,2007,random_probe,7,28,False,11,0.8333333333333334,0.1007507866363598,8.163199509037683e-05,3.329083612070466e-14,,
17,2007,random_probe,8,80,False,11,1.0,1.1405649356277652,0.0015805033782398555,3.2812877395568944e-14,,
17,2007,random_probe,9,81,False,11,0.0,-0.4145410083643107,-0.0004621602224278709,3.272426685717359e-14,,
17,2007,random_probe,10,58,False,11,1.0,1.288076118566461,0.00142183805945655,3.80298703513482e-14,,
17,2008,bank,0,126,True,0,,,,,2.2204225775255866,128
17,2008,greedy_probe,0,0,False,11,1.0,1.4223724928748138,0.0006576785674115362,3.72176959592458e-14,,
17,2008,greedy_probe,1,2,False,11,0.8333333333333334,0.5490615627880205,0.00024696448787558484,3.6700764252243745e-14,,
17,2008,greedy_probe,2,16,False,11,0.0,-1.1567479775322231,-0.0004313456063498519,3.3796293559740613e-14,,
17,2008,greedy_probe,3,8,False,11,0.16666666666666666,-0.25097822522716645,-0.00025965359093490376,3.510426004703063e-14,,
17,2008,greedy_probe,4,1,True,11,1.0,1.6959060637901144,0.0007971366905810314,3.4545863662615085e-14,,
17,2008,greedy_probe,5,5,False,11,1.0,0.8964076934071613,0.0004248780713634534,3.8850716167840025e-14,,
17,2008,greedy_probe,6,65,False,11,1.0,1.457756975721119,0.0006680721035875978,3.47329896297504e-14,,
17,2008,greedy_probe,7,33,False,11,1.0,0.7967199472585644,0.000784863644987197,3.259261974801315e-14,,
17,2008,greedy_probe,8,3,False,11,1.0,0.8165060697651367,0.00036120861401458165,3.5192040605821154e-14,,
17,2008,greedy_probe,9,17,False,11,0.0,-0.9735906446168793,-0.0003665156204633822,3.53887585733424e-14,,
17,2008,greedy_probe,10,9,False,11,0.16666666666666666,-0.16569156473715915,-0.0001675582546387435,3.4217378312017375e-14,,
17,2008,random_full,0,0,True,60,1.0,1.434139838579904,0.0006651772180906156,3.277558797591184e-14,,
17,2008,random_full,1,101,False,60,1.0,0.6504865526925853,0.0006532288585850027,3.551675050211675e-14,,
17,2008,random_probe,0,0,False,11,1.0,1.4223724928748138,0.0006576785674115362,3.72176959592458e-14,,
17,2008,random_probe,1,101,False,11,1.0,0.6441677956192251,0.0006462146097565777,3.633550288783509e-14,,
17,2008,random_probe,2,125,False,11,1.0,0.7405799951981814,0.00030170980760079363,3.801099829195417e-14,,
17,2008,random_probe,3,24,False,11,1.0,0.5727956833400161,0.0005875030052355049,3.706850494539476e-14,,
17,2008,random_probe,4,96,False,11,1.0,0.5419706592838215,0.000522685341628438,3.899928335305934e-14,,
17,2008,random_probe,5,59,True,11,1.0,1.6593219976495857,0.0007992606977053803,3.4853128498591397e-14,,
17,2008,random_probe,6,47,False,11,0.0,-1.3746896714808612,-0.00059835579978564,3.669873389108123e-14,,
17,2008,random_probe,7,31,False,11,1.0,0.6308266499649549,0.00061911727653829,3.566873929837988e-14,,
17,2008,random_probe,8,49,False,11,0.0,-0.5138380092432513,-0.0005065835985474063,3.442912023885473e-14,,
17,2008,random_probe,9,91,False,11,1.0,0.7833237655593558,0.0007722999428636615,3.430084422699707e-14,,
17,2008,random_probe,10,3,False,11,1.0,0.8165060697651367,0.00036120861401458165,3.5192040605821154e-14,,
17,2009,bank,0,14,True,0,,,,,2.114135583690181,128
17,2009,greedy_probe,0,0,False,11,0.5,-0.14580168566628457,-8.821835407124788e-05,3.3166040122451526e-14,,
17,2009,greedy_probe,1,4,False,11,1.0,1.157753900556105,0.000842564628798966,3.684837235126488e-14,,
17,2009,greedy_probe,2,36,False,11,1.0,1.063269395486941,0.0007921025559913739,3.759790055373742e-14,,
17,2009,greedy_probe,3,12,False,11,1.0,1.1663191164828526,0.0008260175892947294,3.872592761744537e-14,,
17,2009,greedy_probe,4,28,False,11,1.0,1.5173534753710702,0.0010843999428113104,3.6748395377285886e-14,,
17,2009,greedy_probe,5,29,False,11,1.0,1.1124680789611492,0.0006329733825137934,3.201064927469514e-14,,
17,2009,greedy_probe,6,92,False,11,1.0,0.6542971441652986,0.0005883416535820002,3.3644213227868816e-14,,
17,2009,greedy_probe,7,30,False,11,1.0,1.3421689262475152,0.0009110744996992404,3.607997910401551e-14,,
17,2009,greedy_probe,8,24,False,11,1.0,0.2066616742336943,0.0001411327057649255,3.452930231130268e-14,,
17,2009,greedy_probe,9,60,False,11,1.0,1.666820569970806,0.0012210570687864741,3.241965908018487e-14,,
17,2009,greedy_probe,10,52,True,11,1.0,1.6738745084973727,0.001282429514279158,3.538543652711967e-14,,
17,2009,random_full,0,0,False,60,0.5,-0.13094619962691403,-7.828082991380204e-05,3.4097938953826217e-14,,
17,2009,random_full,1,1,True,60,1.0,0.2816628190504567,0.00018889451298013255,3.6627764199673244e-14,,
17,2009,random_probe,0,0,False,11,0.5,-0.14580168566628457,-8.821835407124788e-05,3.3166040122451526e-14,,
17,2009,random_probe,1,1,False,11,1.0,0.26736307898998063,0.00017921649771974793,3.5621425370232264e-14,,
17,2009,random_probe,2,48,False,11,0.8333333333333334,0.5396857674442029,0.0003888316785871371,3.572734306765174e-14,,
17,2009,random_probe,3,112,True,11,1.0,1.493356974665085,0.0012078453621721524,3.3345896111954513e-14,,
17,2009,random_probe,4,38,False,11,1.0,1.4388489254408625,0.0011043994656078152,3.7229803951784235e-14,,
17,2009,random_probe,5,99,False,11,1.0,1.1707217044968752,0.0009618232108549845,3.775795883538507e-14,,
17,2009,random_probe,6,25,False,11,1.0,0.3863446763519944,0.0002630106198497281,3.797994786781811e-14,,
17,2009,random_probe,7,43,False,11,1.0,0.5525553671974591,0.00039912943976694776,3.452394039128806e-14,,
17,2009,random_probe,8,21,False,11,1.0,1.1331933338244382,0.0006875893240742814,3.489509671662405e-14,,
17,2009,random_probe,9,39,False,11,1.0,0.8089854948545021,0.0005371917575967278,3.2098696978351964e-14,,
17,2009,random_probe,10,58,False,11,0.6666666666666666,0.10980863520955575,6.898435626561071e-05,3.965688437334569e-14,,
17,2010,bank,0,106,True,0,,,,,2.206405205011356,128
17,2010,greedy_probe,0,0,False,11,0.8333333333333334,0.3766085477064663,0.00034994357431944223,3.673522776399959e-14,,
17,2010,greedy_probe,1,1,False,11,0.8333333333333334,0.3554718477246881,0.00033018391392490576,3.6737818477924145e-14,,
17,2010,greedy_probe,2,8,False,11,0.6666666666666666,0.09847334042739946,8.948519220098455e-05,3.92777364780666e-14,,
17,2010,greedy_probe,3,16,False,11,1.0,0.7392330825359582,0.0006737391095296905,3.247258178210551e-14,,
17,2010,greedy_probe,4,48,False,11,1.0,0.4421429427174326,0.0003913290174416227,3.483576244371363e-14,,
17,2010,greedy_probe,5,20,False,11,1.0,0.9556095330786416,0.0008583142913720596,3.3877414792593904e-14,,
17,2010,greedy_probe,6,84,False,11,1.0,0.8817620380611947,0.00042169984855532083,3.7385440469810125e-14,,
17,2010,greedy_probe,7,22,False,11,1.0,0.41734079204679886,0.000359749556942258,3.431284050558898e-14,,
17,2010,greedy_probe,8,21,False,11,1.0,0.9366855411349128,0.0008420008151467234,3.472451829770985e-14,,
17,2010,greedy_probe,9,28,True,11,1.0,1.093263957245902,0.0009956894523632752,4.076537142511231e-14,,
17,2010,greedy_probe,10,12,False,11,0.8333333333333334,0.30635286490716696,0.00026825920980363727,3.4783905159588936e-14,,
17,2010,random_full,0,0,False,60,0.8333333333333334,0.3865205429922493,0.00035931816432400776,3.242548123719452e-14,,
17,2010,random_full,1,30,True,60,1.0,0.6301805410980305,0.0005627909075581888,3.4530063812423745e-14,,
17,2010,random_probe,0,0,False,11,0.8333333333333334,0.3766085477064663,0.00034994357431944223,3.673522776399959e-14,,
17,2010,random_probe,1,30,False,11,1.0,0.6202246740410212,0.0005535045284184072,4.041572027561486e-14,,
17,2010,random_probe,2,35,False,11,1.0,0.8818873039879273,0.0007914108908894402,3.4400154588016926e-14,,
17,2010,random_probe,3,49,False,11,1.0,0.4116784171606292,0.00036461538466972765,4.0739705507157226e-14,,
17,2010,random_probe,4,34,False,11,1.0,0.913919874176193,0.0008226501127739441,3.6490266493988763e-14,,
17,2010,random_probe,5,29,False,11,1.0,1.049568433808114,0.0009576511950434227,3.735037825546309e-14,,
17,2010,random_probe,6,16,False,11,1.0,0.7392330825359582,0.0006737391095296905,3.247258178210551e-14,,
17,2010,random_probe,7,101,False,11,0.6666666666666666,0.11417735077233866,4.117063106733274e-05,3.386134023217649e-14,,
17,2010,random_probe,8,31,False,11,1.0,0.617761828834864,0.0005502289229831434,3.398741063017279e-14,,
17,2010,random_probe,9,120,True,11,1.0,1.0733824039028128,0.0005124913485817737,3.287886009087359e-14,,
17,2010,random_probe,10,1,False,11,0.8333333333333334,0.3554718477246881,0.00033018391392490576,3.6737818477924145e-14,,
17,2011,bank,0,3,True,0,,,,,2.098822668284919,128
17,2011,greedy_probe,0,0,False,11,1.0,0.588245457413875,0.000497357412978632,3.5842147897334606e-14,,
17,2011,greedy_probe,1,1,False,11,1.0,1.505213759945751,0.001021117510965899,3.245478251010938e-14,,
17,2011,greedy_probe,2,17,False,11,1.0,0.7892276553509946,0.0006066868115714025,3.711436562175522e-14,,
17,2011,greedy_probe,3,9,False,11,0.8333333333333334,0.1923461806780001,0.00023965424473581845,3.3719609874718786e-14,,
17,2011,greedy_probe,4,33,False,11,1.0,1.0901469194300837,0.0012759698770639996,3.691324116357837e-14,,
17,2011,greedy_probe,5,5,False,11,1.0,1.218432287726073,0.0009248387904569333,3.345452861998625e-14,,
17,2011,greedy_probe,6,65,False,11,1.0,1.1994313244495955,0.0007473101882977812,3.634358056897672e-14,,
17,2011,greedy_probe,7,3,True,11,1.0,1.887637010492745,0.0014003473976502423,3.611986730621418e-14,,
17,2011,greedy_probe,8,2,False,11,1.0,1.1241276841918217,0.0009681559054728917,3.909910162314234e-14,,
17,2011,greedy_probe,9,19,False,11,1.0,0.8349211277655324,0.0005728861961468643,3.582654326938583e-14,,
17,2011,greedy_probe,10,11,False,11,1.0,0.5532551687682832,0.0006891399822325414,3.255102236663562e-14,,
17,2011,random_full,0,0,False,60,1.0,0.6006494115945097,0.0005081504298595103,3.44734774644784e-14,,
17,2011,random_full,1,85,True,60,1.0,0.7012194348735434,0.0005344946565105785,3.7373433779913705e-14,,
17,2011,random_probe,0,0,False,11,1.0,0.588245457413875,0.000497357412978632,3.5842147897334606e-14,,
17,2011,random_probe,1,85,False,11,1.0,0.6856022049873266,0.000522072524767996,3.731625418328478e-14,,
17,2011,random_probe,2,26,False,11,1.0,0.6798382267086387,0.0007601902158851462,3.3893012332307816e-14,,
17,2011,random_probe,3,92,False,11,1.0,0.44702284641794926,0.0005110410165647186,4.178589312648426e-14,,
17,2011,random_probe,4,100,False,11,1.0,0.5226351486194318,0.0006363795899225038,3.486640351155518e-14,,
17,2011,random_probe,5,51,False,11,1.0,0.45887026566606837,0.0005311480345396557,3.920257274820559e-14,,
17,2011,random_probe,6,60,True,11,1.0,0.8091558541983636,0.0005860105917313679,3.803383719721352e-14,,
17,2011,random_probe,7,107,False,11,1.0,0.26132882172484806,0.0002063357343712278,3.475502141532141e-14,,
17,2011,random_probe,8,16,False,11,0.8333333333333334,0.2817172270587665,0.0002519694257959934,3.965094715570058e-14,,
17,2011,random_probe,9,72,False,11,0.0,-0.2746063484877668,-0.0003181149974835808,3.564987156345383e-14,,
17,2011,random_probe,10,80,False,11,0.3333333333333333,-0.06423280872400355,-5.67313577483237e-05,3.586933009204104e-14,,
17,2012,bank,0,29,True,0,,,,,1.6723335637396208,128
17,2012,greedy_probe,0,0,False,11,1.0,1.4691814131198437,0.0027790914519075665,3.90268214312239e-14,,
17,2012,greedy_probe,1,16,False,11,0.6666666666666666,0.0969050120007997,0.00018481180233153685,3.653462925212716e-14,,
17,2012,greedy_probe,2,64,False,11,1.0,1.3629587439610233,0.0023130197285129764,3.701892650759455e-14,,
17,2012,greedy_probe,3,32,False,11,1.0,1.5090401609035198,0.0027578878094818987,3.7405017228746163e-14,,
17,2012,greedy_probe,4,36,False,11,1.0,1.5137553381299942,0.002755667710766322,3.8798902595044885e-14,,
17,2012,greedy_probe,5,37,False,11,1.0,1.283275380219816,0.00240396797977261,3.447638823762707e-14,,
17,2012,greedy_probe,6,44,False,11,0.0,-0.248130814984345,-0.00043957262846610706,3.3692015693619686e-14,,
17,2012,greedy_probe,7,38,True,11,1.0,1.514501222843376,0.002757008690823392,3.55855720206736e-14,,
17,2012,greedy_probe,8,54,False,11,0.6666666666666666,0.15515255337725398,0.00027658325077357476,3.408449938321335e-14,,
17,2012,greedy_probe,9,102,False,11,1.0,1.2950258832424926,0.0021041412472895004,3.326299821523935e-14,,
17,2012,greedy_probe,10,6,False,11,1.0,1.4737227042875531,0.0027773547133258317,3.423190145015948e-14,,
17,2012,random_full,0,0,True,60,1.0,1.474199922028957,0.0027923179325671185,3.5803347716297036e-14,,
17,2012,random_full,1,30,False,60,1.0,1.1761890892664915,0.002098062415713362,3.6780954185607454e-14,,
17,2012,random_probe,0,0,True,11,1.0,1.4691814131198437,0.0027790914519075665,3.90268214312239e-14,,
17,2012,random_probe,1,30,False,11,1.0,1.1705399101642595,0.0020847554768782437,3.7837864257392255e-14,,
17,2012,random_probe,2,48,False,11,0.6666666666666666,0.09526274406668067,0.0001755185146538977,3.5722445909716e-14,,
17,2012,random_probe,3,82,False,11,0.3333333333333333,-0.07683641173910223,-0.00011991044738551605,3.6834483053378084e-14,,
17,2012,random_probe,4,63,False,11,1.0,1.3374139810886139,0.002238037041389619,3.6745206541709635e-14,,
17,2012,random_probe,5,44,False,11,0.0,-0.248130814984345,-0.00043957262846610706,3.3692015693619686e-14,,
17,2012,random_probe,6,119,False,11,0.0,-0.6330773124841583,-0.0010923350602141276,3.507472806190029e-14,,
17,2012,random_probe,7,17,False,11,0.16666666666666666,-0.22831596389743322,-0.00041146287486259803,3.840351071278056e-14,,
17,2012,random_probe,8,70,False,11,1.0,1.2649310119300197,0.0021421318486666402,3.446819206732846e-14,,
17,2012,random_probe,9,83,False,11,0.0,-0.5423680649806988,-0.0009710965153450468,3.594479522173626e-14,,
17,2012,random_probe,10,53,False,11,0.16666666666666666,-0.1564552028683263,-0.0002689983116718868,3.389974924032272e-14,,
17,2013,bank,0,110,True,0,,,,,1.9509073178421814,128
17,2013,greedy_probe,0,0,False,11,1.0,1.1473560581207354,0.004747417274233862,3.524341192867188e-14,,
17,2013,greedy_probe,1,1,False,11,1.0,1.1390908669706146,0.004705571265948119,3.713732312679164e-14,,
17,2013,greedy_probe,2,4,False,11,1.0,1.231543711435055,0.005118885838958714,3.639347621229585e-14,,
17,2013,greedy_probe,3,12,False,11,1.0,0.8120166562169896,0.0035601524522307477,3.377085795431784e-14,,
17,2013,greedy_probe,4,36,False,11,0.0,-0.5656927333556024,-0.002169631907363733,3.542107695384357e-14,,
17,2013,greedy_probe,5,68,False,11,1.0,1.269817290809958,0.0052164680714874125,3.3014256057139865e-14,,
17,2013,greedy_probe,6,70,False,11,0.16666666666666666,-0.3245940397346813,-0.00044647016812609147,3.5979319928348324e-14,,
17,2013,greedy_probe,7,84,True,11,1.0,1.6834770073085894,0.0046207178897163135,3.53475449952383e-14,,
17,2013,greedy_probe,8,85,False,11,1.0,1.6721641079130232,0.00466295465870932,3.4983694010049675e-14,,
17,2013,greedy_probe,9,80,False,11,1.0,1.5755121991541456,0.00429125277305929,3.318173576544574e-14,,
17,2013,greedy_probe,10,92,False,11,0.8333333333333334,0.13698987721350211,0.0003289481640270514,3.6055119249954454e-14,,
17,2013,random_full,0,0,True,60,1.0,1.1506241154604602,0.004769870824987904,3.8293859468562476e-14,,
17,2013,random_full,1,121,False,60,0.16666666666666666,-0.2895162321768749,-0.0003915725842650805,3.641852876612494e-14,,
17,2013,random_probe,0,0,False,11,1.0,1.1473560581207354,0.004747417274233862,3.524341192867188e-14,,
17,2013,random_probe,1,121,False,11,0.16666666666666666,-0.3107692736727199,-0.0004196816686241149,3.746106561507631e-14,,
17,2013,random_probe,2,62,False,11,1.0,1.1730248594765114,0.0048689465591846585,3.726965808404171e-14,,
17,2013,random_probe,3,85,False,11,1.0,1.6721641079130232,0.00466295465870932,3.4983694010049675e-14,,
17,2013,random_probe,4,86,False,11,1.0,0.08467333318068754,0.00032995295617878573,3.6795658717355755e-14,,
17,2013,random_probe,5,110,True,11,1.0,1.8079277230702235,0.005181081324371099,3.842801576900484e-14,,
17,2013,random_probe,6,102,False,11,1.0,0.4077436906662986,0.0009856878447574967,3.5403379383393806e-14,,
17,2013,random_probe,7,8,False,11,1.0,0.7403987253230909,0.00322555070319371,3.819135098707042e-14,,
17,2013,random_probe,8,31,False,11,0.0,-0.6699654076485753,-0.002482776816005577,3.366702656276178e-14,,
17,2013,random_probe,9,10,False,11,0.0,-0.9564822746712216,-0.0016587593573999828,3.306368031078414e-14,,
17,2013,random_probe,10,92,False,11,0.8333333333333334,0.13698987721350211,0.0003289481640270514,3.6055119249954454e-14,,
17,2014,bank,0,34,True,0,,,,,1.797833423947534,128
17,2014,greedy_probe,0,0,False,11,1.0,0.9116858271920659,0.0014543208669448027,3.3711486954399314e-14,,
17,2014,greedy_probe,1,16,False,11,1.0,1.2476558985491244,0.0021109930400499202,3.5990727024369265e-14,,
17,2014,greedy_probe,2,80,False,11,0.5,0.003412504809572466,4.991295784406713e-06,3.307058183475573e-14,,
17,2014,greedy_probe,3,24,False,11,1.0,1.4577174784063678,0.002534271719249352,3.494784564779904e-14,,
17,2014,greedy_probe,4,28,False,11,1.0,0.6469448445518587,0.0011144535915683905,4.0468288529670566e-14,,
17,2014,greedy_probe,5,26,False,11,1.0,0.8147509900717943,0.0013964915605607735,3.402510248742554e-14,,
17,2014,greedy_probe,6,56,True,11,1.0,1.6205268284725214,0.0027136412113459296,3.7745502246800024e-14,,
17,2014,greedy_probe,7,57,False,11,1.0,1.5577718225438266,0.0027188808273970765,3.754902190638341e-14,,
17,2014,greedy_probe,8,40,False,11,1.0,0.7813896141139055,0.0012039268645266988,3.1694159917510586e-14,,
17,2014,greedy_probe,9,120,False,11,1.0,0.8832179242179031,0.0007882979095229248,3.6074331533718046e-14,,
17,2014,greedy_probe,10,48,False,11,1.0,1.5664779479933628,0.0025459929870340417,3.536023341635966e-14,,
17,2014,random_full,0,0,True,60,1.0,0.9187610604083459,0.0014678978208270087,3.468862281496089e-14,,
17,2014,random_full,1,67,False,60,0.8333333333333334,0.25768509286753305,0.0003127601422453982,3.793995335878111e-14,,
17,2014,random_probe,0,0,False,11,1.0,0.9116858271920659,0.0014543208669448027,3.3711486954399314e-14,,
17,2014,random_probe,1,67,False,11,0.8333333333333334,0.24508928904259522,0.00029771159229800376,3.9041430676061424e-14,,
17,2014,random_probe,2,95,False,11,0.8333333333333334,0.41474314172719207,0.0004551574170332413,3.8246336419272905e-14,,
17,2014,random_probe,3,100,False,11,0.6666666666666666,-0.040994582031713286,-2.9006945172096083e-05,3.6299620616245006e-14,,
17,2014,random_probe,4,2,True,11,1.0,1.6927742017837841,0.002819654080325871,3.2949483554554764e-14,,
17,2014,random_probe,5,82,False,11,0.0,-0.7617881302394185,-0.0005918954681323243,3.451595995918895e-14,,
17,2014,random_probe,6,51,False,11,1.0,0.6650807747576007,0.001123981438759238,3.4912917347736076e-14,,
17,2014,random_probe,7,101,False,11,0.8333333333333334,0.2917349169834587,0.0003105233638486434,3.4701136856610707e-14,,
17,2014,random_probe,8,11,False,11,1.0,1.5782488977401006,0.002620601390673355,3.788535634719196e-14,,
17,2014,random_probe,9,46,False,11,1.0,0.5091750355540028,0.0008106847952534269,3.8780586591541765e-14,,
17,2014,random_probe,10,69,False,11,0.5,-0.07143565260123268,-6.909883816941474e-05,3.5600501813536524e-14,,
17,2015,bank,0,95,True,0,,,,,1.761866625046431,128
17,2015,greedy_probe,0,0,False,11,1.0,1.2626415382368625,0.0017235824404922527,3.5763892972028636e-14,,
17,2015,greedy_probe,1,16,False,11,1.0,1.1591627972509817,0.001557230354619366,3.485279949709577e-14,,
17,2015,greedy_probe,2,32,True,11,1.0,1.4824743880517792,0.0018048529172640358,3.364977725316173e-14,,
17,2015,greedy_probe,3,33,False,11,1.0,1.4299801688055336,0.0017357242938933481,3.388282628971974e-14,,
17,2015,greedy_probe,4,96,False,11,1.0,1.447496419574703,0.0017491210720288499,3.550279113211421e-14,,
17,2015,greedy_probe,5,36,False,11,1.0,1.006420237703774,0.0012373101061404722,3.8211820383416606e-14,,
17,2015,greedy_probe,6,40,False,11,1.0,1.3703002880087976,0.0018587615153884476,3.5304581374349254e-14,,
17,2015,greedy_probe,7,34,False,11,1.0,1.247592365637002,0.0015194106351137614,3.383068948966465e-14,,
17,2015,greedy_probe,8,48,False,11,1.0,1.3715598893685146,0.0016371183525493785,3.441526018629778e-14,,
17,2015,greedy_probe,9,102,False,11,1.0,0.9887774565872368,0.0010989771540659856,3.4984186455002087e-14,,
17,2015,greedy_probe,10,70,False,11,1.0,1.2730911580879287,0.0015501642694546829,3.411190806402093e-14,,
17,2015,random_full,0,0,True,60,1.0,1.2730138139851597,0.001739027208635495,3.405770639193636e-14,,
17,2015,random_full,1,102,False,60,1.0,1.0008628060057492,0.0011131870260597046,3.818616198685378e-14,,
17,2015,random_probe,0,0,False,11,1.0,1.2626415382368625,0.0017235824404922527,3.5763892972028636e-14,,
17,2015,random_probe,1,102,False,11,1.0,0.9887774565872368,0.0010989771540659856,3.4984186455002087e-14,,
17,2015,random_probe,2,42,False,11,1.0,1.0341705257956557,0.0015138169322089015,3.807288374025153e-14,,
17,2015,random_probe,3,62,False,11,1.0,0.878864263302447,0.0012557371494674359,3.9011065752742864e-14,,
17,2015,random_probe,4,39,False,11,1.0,1.3082550853265076,0.0015058581193883105,3.594364438104298e-14,,
17,2015,random_probe,5,71,True,11,1.0,1.4870265170417654,0.0018791457359658519,3.337670411118218e-14,,
17,2015,random_probe,6,3,False,11,1.0,1.369116299706599,0.0018895247515074338,3.780965442605547e-14,,
17,2015,random_probe,7,38,False,11,1.0,0.9628515001827157,0.0010682061043722723,3.3807276853839745e-14,,
17,2015,random_probe,8,86,False,11,1.0,1.1860385858972589,0.0014840681592737822,3.804920065860291e-14,,
17,2015,random_probe,9,47,False,11,1.0,1.237902244598471,0.0017114117562082448,3.6975546621422235e-14,,
17,2015,random_probe,10,19,False,11,1.0,1.3022319594924696,0.0018321716415247134,3.57542227864707e-14,,
17,2016,bank,0,66,True,0,,,,,2.2263794145345037,128
17,2016,greedy_probe,0,0,False,11,0.3333333333333333,-0.33484978500221185,-9.320033232081369e-05,3.602300354059263e-14,,
17,2016,greedy_probe,1,8,False,11,0.6666666666666666,0.10596665278200323,5.5230764150246414e-05,3.549557996819851e-14,,
17,2016,greedy_probe,2,40,False,11,0.6666666666666666,0.07148499307210589,2.371844576452148e-05,3.3295958262063155e-14,,
17,2016,greedy_probe,3,9,False,11,0.6666666666666666,0.108754289727813,5.724578466862149e-05,3.177705208127549e-14,,
17,2016,greedy_probe,4,25,False,11,0.8333333333333334,0.32457745257691367,0.0001602169429818385,3.6601070475688345e-14,,
17,2016,greedy_probe,5,89,False,11,1.0,1.2496309690855885,0.0006385577256648364,3.52940148589572e-14,,
17,2016,greedy_probe,6,91,False,11,1.0,1.9453744704025075,0.000997935175420829,3.748966328920166e-14,,
17,2016,greedy_probe,7,95,False,11,1.0,1.815404092768133,0.0009339146945179511,3.846249025736366e-14,,
17,2016,greedy_probe,8,83,False,11,1.0,1.3699922492919179,0.00048682886284213733,3.331030013757408e-14,,
17,2016,greedy_probe,9,123,False,11,1.0,1.2034171045097672,0.00040600033757393533,3.3970379586008606e-14,,
17,2016,greedy_probe,10,90,True,11,1.0,1.950860164181228,0.0009770295627677002,3.504193106331971e-14,,
17,2016,random_full,0,0,False,60,0.3333333333333333,-0.3076329802890845,-8.561654441887011e-05,3.811450172289591e-14,,
17,2016,random_full,1,116,True,60,1.0,1.5201239302430298,0.000822116835354221,3.3874341417829196e-14,,
17,2016,random_probe,0,0,False,11,0.3333333333333333,-0.33484978500221185,-9.320033232081369e-05,3.602300354059263e-14,,
17,2016,random_probe,1,116,False,11,1.0,1.5088739992930258,0.0008145982522882572,3.599024786675802e-14,,
17,2016,random_probe,2,91,True,11,1.0,1.9453744704025075,0.000997935175420829,3.748966328920166e-14,,
17,2016,random_probe,3,17,False,11,0.0,-0.7240086721119856,-0.000225634348349657,3.4213870293399867e-14,,
17,2016,random_probe,4,18,False,11,1.0,0.7711773202823426,0.00021703109618927824,3.5194438527015765e-14,,
17,2016,random_probe,5,65,False,11,1.0,1.160395592295131,0.00042506967651435396,3.478385775516422e-14,,
17,2016,random_probe,6,32,False,11,1.0,0.6234798242596453,0.00030659439946446643,3.646464446104496e-14,,
17,2016,random_probe,7,50,False,11,0.8333333333333334,0.19932151082220492,9.952024843670286e-05,3.494501547375894e-14,,
17,2016,random_probe,8,118,False,11,1.0,0.9014144576932647,0.00044915917262369764,3.6583842780816685e-14,,
17,2016,random_probe,9,43,False,11,0.0,-0.9560549919549479,-0.00031633657861902575,3.216225689011857e-14,,
17,2016,random_probe,10,39,False,11,0.8333333333333334,0.6649227136165646,0.0003188768807775161,3.899985904454512e-14,,
17,2017,bank,0,100,True,0,,,,,2.5897808269562548,128
17,2017,greedy_probe,0,0,False,11,1.0,1.3891799619384202,0.0014510591829585996,3.4433539934445247e-14,,
17,2017,greedy_probe,1,64,False,11,1.0,1.5625007299577192,0.0016404318213326663,3.842799483517131e-14,,
17,2017,greedy_probe,2,96,False,11,1.0,2.400876678441586,0.0018201886483998387,3.772867309819758e-14,,
17,2017,greedy_probe,3,97,False,11,1.0,0.9388571674701295,0.0006380312896586693,3.564135146151294e-14,,
17,2017,greedy_probe,4,104,False,11,1.0,1.3726211332298999,0.001492542316046117,3.833872384156572e-14,,
17,2017,greedy_probe,5,100,True,11,1.0,2.4192642485359097,0.0018074238009597524,3.716762077862589e-14,,
17,2017,greedy_probe,6,102,False,11,1.0,0.6609618788252049,0.00047789377590440096,3.894554683809229e-14,,
17,2017,greedy_probe,7,116,False,11,1.0,1.5177781442405973,0.0011206923424089664,3.425099394936836e-14,,
17,2017,greedy_probe,8,36,False,11,1.0,2.243047742962274,0.0016680766630523258,3.460987314672155e-14,,
17,2017,greedy_probe,9,68,False,11,1.0,1.564979822244329,0.0016334585110070836,3.810130113153058e-14,,
17,2017,greedy_probe,10,101,False,11,1.0,0.9429950157141009,0.0006549944625019571,3.599875382678386e-14,,
17,2017,random_full,0,0,True,60,1.0,1.398012403407839,0.0014621969735934385,3.9783437318353144e-14,,
17,2017,random_full,1,80,False,60,1.0,0.8626671523927821,0.0009264978601935767,3.749951572740863e-14,,
17,2017,random_probe,0,0,False,11,1.0,1.3891799619384202,0.0014510591829585996,3.4433539934445247e-14,,
17,2017,random_probe,1,80,False,11,1.0,0.8527696789672089,0.0009150480452766521,3.7710170645969334e-14,,
17,2017,random_probe,2,52,True,11,1.0,1.3904300585062417,0.0010204903973560983,3.694966215370941e-14,,
17,2017,random_probe,3,49,False,11,0.0,-0.3645298052479959,-0.0002454977368317619,3.634984862348654e-14,,
17,2017,random_probe,4,106,False,11,1.0,1.0153956506824848,0.000982108368379038,3.5854696959543855e-14,,
17,2017,random_probe,5,23,False,11,0.3333333333333333,0.009157608997201583,5.89760556315988e-06,3.58946317207311e-14,,
17,2017,random_probe,6,16,False,11,1.0,0.7050000482951065,0.0007568912781178461,4.203569186298602e-14,,
17,2017,random_probe,7,50,False,11,0.3333333333333333,-0.15094564040063832,-0.00010675719721709119,3.363518600564061e-14,,
17,2017,random_probe,8,17,False,11,0.0,-0.5273374149063553,-0.00045237394583632723,3.491201358247682e-14,,
17,2017,random_probe,9,101,False,11,1.0,0.9429950157141009,0.0006549944625019571,3.599875382678386e-14,,
17,2017,random_probe,10,4,False,11,1.0,1.3849470657784393,0.0014380858936693549,3.7420965238495866e-14,,
17,2018,bank,0,101,True,0,,,,,2.104193675211348,128
17,2018,greedy_probe,0,0,False,11,1.0,0.6977239210474583,0.0003412752453104406,3.873886475835526e-14,,
17,2018,greedy_probe,1,16,False,11,1.0,0.3037509765145456,0.00014567321458982865,3.7048608789568055e-14,,
17,2018,greedy_probe,2,32,False,11,1.0,0.6338957620164805,0.00025914426143937064,3.738602459826399e-14,,
17,2018,greedy_probe,3,4,False,11,1.0,0.4507191171005811,0.00021321459037210166,3.358669493885871e-14,,
17,2018,greedy_probe,4,2,False,11,1.0,0.600803733206944,0.0002915695851989873,3.155461387347124e-14,,
17,2018,greedy_probe,5,1,False,11,1.0,0.6440268024959922,0.0003072418898355152,3.600556184150718e-14,,
17,2018,greedy_probe,6,64,False,11,1.0,1.2450307841283703,0.0005924465226821741,3.591404332089754e-14,,
17,2018,greedy_probe,7,72,False,11,0.8333333333333334,0.36107893943358976,0.0001252019230559819,3.304896125524036e-14,,
17,2018,greedy_probe,8,80,False,11,1.0,0.6575149618726708,0.00029970287896189063,3.7470931746093543e-14,,
17,2018,greedy_probe,9,96,False,11,1.0,1.3707893181698854,0.0005164203971274548,3.323030678926137e-14,,
17,2018,greedy_probe,10,100,True,11,1.0,1.5307930081474048,0.0006059034521752974,3.2894395318517064e-14,,
17,2018,random_full,0,0,False,60,1.0,0.7104449192974132,0.0003479705450755803,3.295546907643212e-14,,
17,2018,random_full,1,121,True,60,1.0,0.9535302495831779,0.0004151676696968985,3.70479751247548e-14,,
17,2018,random_probe,0,0,False,11,1.0,0.6977239210474583,0.0003412752453104406,3.873886475835526e-14,,
17,2018,random_probe,1,121,False,11,1.0,0.9398077592103088,0.00040829762802385705,3.403666225462883e-14,,
17,2018,random_probe,2,118,False,11,0.8333333333333334,0.6790154772350342,0.00024216521741159125,3.533429675599517e-14,,
17,2018,random_probe,3,79,False,11,0.8333333333333334,0.6576059728219378,0.00022127700574620332,3.269064929703732e-14,,
17,2018,random_probe,4,99,False,11,1.0,0.9476868416727808,0.00032610369469447675,3.6394787826307457e-14,,
17,2018,random_probe,5,26,False,11,1.0,0.6766690381905676,0.0002576669746227935,3.581156279564902e-14,,
17,2018,random_probe,6,65,False,11,1.0,1.1880668120758815,0.0005495893267752303,3.588062841353727e-14,,
17,2018,random_probe,7,70,True,11,1.0,1.3139198109926982,0.0006356277881486086,3.374518288681962e-14,,
17,2018,random_probe,8,88,False,11,0.8333333333333334,0.646454690497035,0.0002485834927619529,3.649656885147006e-14,,
17,2018,random_probe,9,103,False,11,1.0,1.3055225291473138,0.0004722358859307422,3.550014118785238e-14,,
17,2018,random_probe,10,24,False,11,0.8333333333333334,0.18323004107599442,7.380865634456363e-05,3.444518937926447e-14,,
17,2019,bank,0,43,True,0,,,,,2.522543236918925,128
17,2019,greedy_probe,0,0,False,11,0.6666666666666666,0.11153839876657694,5.876868582677108e-05,3.744152287472172e-14,,
17,2019,greedy_probe,1,4,False,11,1.0,1.1875686739395972,0.0007147797993741628,3.523525137115687e-14,,
17,2019,greedy_probe,2,68,False,11,0.0,-0.3011938254256781,-0.00013319187642631125,3.4541730416840194e-14,,
17,2019,greedy_probe,3,5,False,11,1.0,0.5922790904547485,0.0004033175339234867,3.483366629292128e-14,,
17,2019,greedy_probe,4,36,False,11,1.0,0.9359901350799437,0.0004780705850508428,3.5231688349236533e-14,,
17,2019,greedy_probe,5,20,False,11,1.0,1.810601559385406,0.0011281073396414362,3.404617560614244e-14,,
17,2019,greedy_probe,6,22,True,11,1.0,1.8239659629646328,0.0011358570089559812,3.645438991381495e-14,,
17,2019,greedy_probe,7,30,False,11,1.0,1.1332606315056442,0.0005704961483738632,3.412699072828951e-14,,
17,2019,greedy_probe,8,18,False,11,1.0,0.8890543207111299,0.0004945829366293161,3.5922090071355974e-14,,
17,2019,greedy_probe,9,86,False,11,0.8333333333333334,0.5969960565089397,0.0002733176254372874,3.35761428810602e-14,,
17,2019,greedy_probe,10,23,False,11,1.0,1.0779235210220384,0.0007685669098434119,3.5574630781543545e-14,,
17,2019,random_full,0,0,False,60,0.6666666666666666,0.1258492619866643,6.7034697144167e-05,3.5398156985248e-14,,
17,2019,random_full,1,75,True,60,1.0,1.4828995934986038,0.0008431678627320421,3.485070341607516e-14,,
17,2019,random_probe,0,0,False,11,0.6666666666666666,0.11153839876657694,5.876868582677108e-05,3.744152287472172e-14,,
17,2019,random_probe,1,75,False,11,1.0,1.471789772363443,0.0008352326681114996,3.3298730518671295e-14,,
17,2019,random_probe,2,126,False,11,0.3333333333333333,-0.5067120896738558,-0.00022714205024040174,3.5401788225014394e-14,,
17,2019,random_probe,3,108,False,11,0.8333333333333334,0.39410095374181514,0.00017381277230511574,3.525921663156706e-14,,
17,2019,random_probe,4,78,False,11,0.8333333333333334,0.3475549234433953,9.87968292182941e-05,4.0745874831004355e-14,,
17,2019,random_probe,5,82,False,11,1.0,0.6239971319076064,0.00032815323106626565,3.7159386734903936e-14,,
17,2019,random_probe,6,7,False,11,1.0,0.6179991998996434,0.00042125682708353773,3.413661199332468e-14,,
17,2019,random_probe,7,107,False,11,1.0,1.7519148720087243,0.00115492316583838,3.509415572389241e-14,,
17,2019,random_probe,8,47,False,11,1.0,1.1473482843932579,0.0008067189966275956,3.8777908614059727e-14,,
17,2019,random_probe,9,119,False,11,0.16666666666666666,-0.5915301434595628,-0.00018250411738660274,3.6033135550360816e-14,,
17,2019,random_probe,10,43,True,11,1.0,2.1789425526238313,0.001359408454795807,4.1748650996231405e-14,,
23,3000,bank,0,676,True,0,,,,,1.112866215361677,1024
23,3000,greedy_probe,0,0,False,11,0.75,0.08436054158309972,5.24175134890368e-06,6.442890534837936e-14,,
23,3000,greedy_probe,1,512,False,11,0.75,0.2014886445637466,3.0233962385823113e-05,7.068975478849973e-14,,
23,3000,greedy_probe,2,576,False,11,0.75,0.22871498731594497,3.561584253128098e-05,6.81740219171228e-14,,
23,3000,greedy_probe,3,584,False,11,0.75,0.2736397692282619,5.051955073295811e-05,6.706290594608564e-14,,
23,3000,greedy_probe,4,840,False,11,0.75,0.2376651918530063,4.331627628830631e-05,6.643037283032185e-14,,
23,3000,greedy_probe,5,585,False,11,0.25,-0.04415825870415542,-1.2103742111384784e-05,7.256520131293249e-14,,
23,3000,greedy_probe,6,588,False,11,0.875,0.4506526013746974,0.00010199308594377367,6.784603873005726e-14,,
23,3000,greedy_probe,7,604,False,11,0.875,0.4325317086797712,9.773659620924708e-05,6.919589871094205e-14,,
23,3000,greedy_probe,8,716,False,11,1.0,0.7724702572013142,0.00026416588117346256,7.398170750615809e-14,,
23,3000,greedy_probe,9,718,False,11,1.0,0.6749238882841387,0.00023561546412064014,7.199880991535355e-14,,
23,3000,greedy_probe,10,748,False,11,0.875,0.5640231658049647,0.000124748077212326,6.667443086477594e-14,,
23,3000,greedy_probe,11,204,False,11,1.0,0.5810462534128129,0.0002038509568188891,6.638922720575362e-14,,
23,3000,greedy_probe,12,652,False,11,1.0,0.7361159143613687,0.0002516797036620465,6.736641651635544e-14,,
23,3000,greedy_probe,13,708,True,11,1.0,0.786382317987605,0.0002772809292457242,6.563011460003358e-14,,
23,3000,greedy_probe,14,964,False,11,1.0,0.6598683660815192,0.0002303386395286211,6.677057040040258e-14,,
23,3000,greedy_probe,15,709,False,11,0.625,0.1208426548091931,4.1720155256093e-05,6.334768457969083e-14,,
23,3000,greedy_probe,16,704,False,11,1.0,0.7273947371524447,0.0002478957132309974,6.996359116489869e-14,,
23,3000,greedy_probe,17,724,False,11,1.0,0.7802742634260934,0.0002753818603299608,7.28335594271474e-14,,
23,3000,greedy_probe,18,580,False,11,0.875,0.42803948826429794,8.851076306042212e-05,7.0547019631168e-14,,
23,3000,random_full,0,0,False,60,0.75,0.15772633695622368,1.9248047254054323e-05,6.73479708040937e-14,,
23,3000,random_full,1,140,False,60,1.0,0.580658958110658,0.00020471718392674199,6.984309299015401e-14,,
23,3000,random_full,2,735,False,60,0.375,-0.012520095869852046,-3.817114877245446e-06,6.931194141825407e-14,,
23,3000,random_full,3,556,True,60,1.0,0.6963251785510474,0.0002456379967424073,6.44458472897741e-14,,
23,3000,random_probe,0,0,False,11,0.75,0.08436054158309972,5.24175134890368e-06,6.442890534837936e-14,,
23,3000,random_probe,1,140,False,11,1.0,0.5438978008273354,0.00019088945612612176,7.596944403706879e-14,,
23,3000,random_probe,2,735,False,11,0.375,-0.05190055792787067,-1.7597223653299278e-05,6.9713665369563e-14,,
23,3000,random_probe,3,556,True,11,1.0,0.6604175115560063,0.00023181710767249033,6.689267659772759e-14,,
23,3000,random_probe,4,271,False,11,0.125,-0.3517956985168849,-7.302400828512572e-05,7.003424686376961e-14,,
23,3000,random_probe,5,597,False,11,0.25,-0.20263647244095329,-4.1452453370215483e-05,7.049851851079795e-14,,
23,3000,random_probe,6,490,False,11,1.0,0.5686916731740836,0.00010681975027495866,7.170884000731963e-14,,
23,3000,random_probe,7,907,False,11,0.625,0.11898876170148277,4.502743288286974e-05,7.135439722094814e-14,,
23,3000,random_probe,8,758,False,11,1.0,0.6564786853087272,0.0001511383024618276,6.348524316616733e-14,,
23,3000,random_probe,9,999,False,11,0.5,-0.06797164919607138,-1.5465703813010573e-05,7.220284083849642e-14,,
23,3000,random_probe,10,72,False,11,0.75,0.15464029589462971,2.2757318897856024e-05,6.859410069636792e-14,,
23,3000,random_probe,11,340,False,11,0.75,0.20883766774746804,3.882848616638783e-05,6.327692757442702e-14,,
23,3000,random_probe,12,544,False,11,1.0,0.6580703943283288,0.0002129907292501036,6.772964797849913e-14,,
23,3000,random_probe,13,976,False,11,1.0,0.6008351929007909,0.0002023034093376619,6.527410278135062e-14,,
23,3000,random_probe,14,868,False,11,1.0,0.4872137437139895,0.00016825324520805453,6.927520059234035e-14,,
23,3000,random_probe,15,885,False,11,0.125,-0.2029233661454443,-6.414272681239119e-05,6.476463073677521e-14,,
23,3000,random_probe,16,169,False,11,0.25,-0.2151374760587704,-5.404214411600019e-05,7.203997042537741e-14,,
23,3000,random_probe,17,997,False,11,0.125,-0.279945056362098,-6.754929132098651e-05,6.855868072623211e-14,,
23,3000,random_probe,18,606,False,11,0.75,0.45552474107471214,0.00010427349458214975,6.905355204364236e-14,,
23,3001,bank,0,618,True,0,,,,,3.152676923295893,1024
23,3001,greedy_probe,0,0,False,11,1.0,0.6506511213270205,0.0004968718946625466,7.017264092163023e-14,,
23,3001,greedy_probe,1,1,False,11,1.0,0.2234651027333041,0.00019058365803244649,7.057476226391307e-14,,
23,3001,greedy_probe,2,64,False,11,1.0,0.5393858824392702,0.00041973271182016957,6.588981381248831e-14,,
23,3001,greedy_probe,3,512,False,11,1.0,0.8295005148329229,0.0006419366800215426,6.766869659529814e-14,,
23,3001,greedy_probe,4,528,False,11,1.0,1.2039580038337816,0.0008677585931930317,7.064809786372855e-14,,
23,3001,greedy_probe,5,560,False,11,1.0,1.937683309773389,0.0014303162794356101,6.707181980794772e-14,,
23,3001,greedy_probe,6,688,False,11,1.0,1.22437501141512,0.0005733668506959898,7.362302384854715e-14,,
23,3001,greedy_probe,7,562,False,11,1.0,1.6836891441589887,0.0012481744898744764,7.259544770170761e-14,,
23,3001,greedy_probe,8,564,False,11,1.0,1.3748673669681173,0.0010007171173791662,6.480724412429796e-14,,
23,3001,greedy_probe,9,568,False,11,1.0,1.653122171737038,0.0006008345026406675,6.792801882229948e-14,,
23,3001,greedy_probe,10,816,False,11,1.0,1.9163107095208718,0.0013031186532537452,7.01741119598098e-14,,
23,3001,greedy_probe,11,561,False,11,1.0,1.5777589090701292,0.0013175289278245673,6.951409927228799e-14,,
23,3001,greedy_probe,12,624,True,11,1.0,2.062399728113717,0.0015410313079801865,6.495054356760722e-14,,
23,3001,greedy_probe,13,112,False,11,1.0,2.005509194037823,0.0015248458508771807,7.367456189412954e-14,,
23,3001,greedy_probe,14,608,False,11,1.0,1.7771456727091288,0.001376055920202443,6.755175547004016e-14,,
23,3001,greedy_probe,15,592,False,11,1.0,1.0930549722635476,0.000803883643892252,6.396926855022938e-14,,
23,3001,greedy_probe,16,752,False,11,1.0,1.5709407018526973,0.0007365565691414095,6.706082194424991e-14,,
23,3001,greedy_probe,17,626,False,11,1.0,1.7840788488822232,0.0013408100577906737,6.921680201410092e-14,,
23,3001,greedy_probe,18,628,False,11,1.0,1.4692957629774126,0.0010327710962640436,6.762766029663956e-14,,
23,3001,random_full,0,0,False,60,1.0,0.6746841070914754,0.0005163742540954305,6.26863118908157e-14,,
23,3001,random_full,1,76,False,60,0.125,-0.42791463719517453,-0.00015425925375688043,6.944251553476145e-14,,
23,3001,random_full,2,1009,True,60,1.0,1.1346517892560302,0.000598412343847176,6.546359296221045e-14,,
23,3001,random_full,3,747,False,60,1.0,0.7397724503827681,0.0006222422569517657,6.520699547400439e-14,,
23,3001,random_probe,0,0,False,11,1.0,0.6506511213270205,0.0004968718946625466,7.017264092163023e-14,,
23,3001,random_probe,1,76,False,11,0.125,-0.4810732955083561,-0.0001734008585433048,6.580901898243982e-14,,
23,3001,random_probe,2,1009,False,11,1.0,1.1009854298863038,0.0005791041853534847,7.729048686265106e-14,,
23,3001,random_probe,3,747,False,11,1.0,0.71826462365046,0.0006027788592191533,7.40012065092219e-14,,
23,3001,random_probe,4,441,False,11,1.0,0.7243498307499286,0.0006095272196939604,7.109760822140998e-14,,
23,3001,random_probe,5,851,False,11,0.875,0.38473752275337386,0.0003026118418698017,6.908118437327797e-14,,
23,3001,random_probe,6,361,False,11,1.0,1.05407412361389,0.0007001713099993633,6.441133129805462e-14,,
23,3001,random_probe,7,452,False,11,0.875,0.43276149260534946,0.00016946782307524985,6.511844654497036e-14,,
23,3001,random_probe,8,829,True,11,1.0,2.2040739529146234,0.001410491024081491,7.105413125826216e-14,,
23,3001,random_probe,9,880,False,11,1.0,2.130690897463547,0.0014747272013152747,6.779304433116512e-14,,
23,3001,random_probe,10,342,False,11,0.25,-0.13300283686702538,-8.743124070647885e-05,6.739816957989242e-14,,
23,3001,random_probe,11,61,False,11,1.0,1.241600833409109,0.000729946216984482,6.508607243170233e-14,,
23,3001,random_probe,12,125,False,11,1.0,1.4069979901512082,0.0007721677424310401,6.747561043009791e-14,,
23,3001,random_probe,13,678,False,11,1.0,0.730137569211396,0.0003756332283587323,6.762298381829437e-14,,
23,3001,random_probe,14,909,False,11,1.0,1.8671171264150812,0.0016907556868834403,6.424889986668401e-14,,
23,3001,random_probe,15,858,False,11,1.0,1.0214282732128899,0.0004705434133888773,7.066312536591652e-14,,
23,3001,random_probe,16,760,False,11,1.0,1.0428964235656686,0.0007324524887769935,6.724334266306293e-14,,
23,3001,random_probe,17,992,False,11,1.0,1.2069510619593888,0.0004530039042221533,7.02115583556136e-14,,
23,3001,random_probe,18,239,False,11,1.0,1.2792507153346173,0.0010016376833852716,6.498437421270627e-14,,
23,3002,bank,0,302,True,0,,,,,3.1623830765173513,1024
23,3002,greedy_probe,0,0,False,11,1.0,1.0151521697608799,0.0008355027021240769,7.159079204321332e-14,,
23,3002,greedy_probe,1,512,False,11,1.0,0.69996865098623,0.0008467728398752926,6.830399647732688e-14,,
23,3002,greedy_probe,2,2,False,11,1.0,1.0118867344818434,0.0012990417875252593,6.235560496446242e-14,,
23,3002,greedy_probe,3,64,False,11,1.0,1.4989743128740396,0.0011744402428221154,6.532280218663726e-14,,
23,3002,greedy_probe,4,320,False,11,1.0,0.704583289174779,0.0008840745313955798,6.344705621398425e-14,,
23,3002,greedy_probe,5,72,False,11,0.875,0.6123077753259185,0.00038265205960426405,6.862842991628049e-14,,
23,3002,greedy_probe,6,65,False,11,1.0,1.807171466275998,0.0016716523306435681,6.470060976921441e-14,,
23,3002,greedy_probe,7,193,False,11,1.0,2.607069602736004,0.0022171759256414793,6.441884141072316e-14,,
23,3002,greedy_probe,8,225,False,11,1.0,1.4231107090266149,0.001109703877914832,7.180858944495186e-14,,
23,3002,greedy_probe,9,197,False,11,1.0,2.400758450119339,0.002037547947041543,6.86130605035911e-14,,
23,3002,greedy_probe,10,209,False,11,1.0,2.352234312947231,0.0019778414452037586,7.019129971046652e-14,,
23,3002,greedy_probe,11,705,False,11,1.0,1.6826138834711946,0.002192605898353314,7.024661868531894e-14,,
23,3002,greedy_probe,12,195,False,11,1.0,1.838640456864883,0.0022947144314518844,6.951490870707443e-14,,
23,3002,greedy_probe,13,129,False,11,1.0,2.314485048097171,0.0018933431489520291,6.529745069641099e-14,,
23,3002,greedy_probe,14,449,False,11,1.0,1.351721407036294,0.001776267840800953,6.578564467652666e-14,,
23,3002,greedy_probe,15,201,False,11,1.0,1.577664390432607,0.0015828324811943614,7.483497514878596e-14,,
23,3002,greedy_probe,16,192,True,11,1.0,2.8570054312541933,0.0018283987132222982,7.210654392545994e-14,,
23,3002,greedy_probe,17,224,False,11,1.0,1.0990556239090017,0.0006872305617094477,6.675502786199069e-14,,
23,3002,greedy_probe,18,196,False,11,1.0,2.7338441541871763,0.0018028469907254855,6.297898371212013e-14,,
23,3002,random_full,0,0,False,60,1.0,1.0424510907665578,0.0008599853738073563,6.676035041192166e-14,,
23,3002,random_full,1,136,True,60,1.0,1.234222780374465,0.0010002196839977015,6.715559886890344e-14,,
23,3002,random_full,2,62,False,60,1.0,1.1581030475768839,0.0013458600090361693,6.950339753768037e-14,,
23,3002,random_full,3,537,False,60,0.875,0.1364350267911108,0.00016776617446178504,6.606941122017978e-14,,
23,3002,random_probe,0,0,False,11,1.0,1.0151521697608799,0.0008355027021240769,7.159079204321332e-14,,
23,3002,random_probe,1,136,False,11,1.0,1.2087418365034657,0.000976745789379568,6.123546285645541e-14,,
23,3002,random_probe,2,62,False,11,1.0,1.1387891922952935,0.001320954861585376,6.387920995218029e-14,,
23,3002,random_probe,3,537,False,11,0.875,0.11541767297105349,0.00014183304486353743,6.408613150488594e-14,,
23,3002,random_probe,4,607,False,11,1.0,0.4357803430256351,0.0006657059511017078,6.420069655621056e-14,,
23,3002,random_probe,5,673,False,11,1.0,0.9742567141984667,0.0012544717804436672,7.199232529826212e-14,,
23,3002,random_probe,6,904,False,11,1.0,1.4121996353044932,0.0022426868273343562,6.596990615093903e-14,,
23,3002,random_probe,7,302,True,11,1.0,2.7112809391731196,0.0016297294623148773,6.58109959413601e-14,,
23,3002,random_probe,8,722,False,11,1.0,1.6696199346467742,0.002553955491115886,6.343868778410818e-14,,
23,3002,random_probe,9,1,False,11,1.0,1.3485405757827054,0.0012607064430007458,7.006096664304903e-14,,
23,3002,random_probe,10,563,False,11,1.0,1.776240089821862,0.0028571523415747216,6.274415072233581e-14,,
23,3002,random_probe,11,227,False,11,1.0,1.0362581903260486,0.0012323286510711904,6.810382441388973e-14,,
23,3002,random_probe,12,468,False,11,1.0,1.1939527501089995,0.0013023129496215983,6.544709225664399e-14,,
23,3002,random_probe,13,661,False,11,1.0,1.6203654228847673,0.0020400574738382036,6.426458788009922e-14,,
23,3002,random_probe,14,341,False,11,1.0,0.4904357971504813,0.0006831162851301132,6.35488252904879e-14,,
23,3002,random_probe,15,855,False,11,1.0,0.5309649014170231,0.0007316223311189208,6.923758713537517e-14,,
23,3002,random_probe,16,960,False,11,1.0,0.9830989105564767,0.0015157653456641176,6.252720258480844e-14,,
23,3002,random_probe,17,65,False,11,1.0,1.807171466275998,0.0016716523306435681,6.470060976921441e-14,,
23,3002,random_probe,18,280,False,11,1.0,0.582461017507353,0.0006195608442000925,6.591584049085901e-14,,
23,3003,bank,0,796,True,0,,,,,2.9274389172499653,1024
23,3003,greedy_probe,0,0,False,11,1.0,0.875988337518276,0.0008278850095125917,7.226903875376272e-14,,
23,3003,greedy_probe,1,16,False,11,1.0,0.28226897772516923,0.0003025850633397928,6.447812291717959e-14,,
23,3003,greedy_probe,2,32,False,11,1.0,0.8326898905867108,0.0009089704307694516,6.932157429683001e-14,,
23,3003,greedy_probe,3,256,False,11,1.0,1.0280170019720831,0.001052663523203835,6.892497240963478e-14,,
23,3003,greedy_probe,4,384,False,11,1.0,1.0719221904324867,0.0011413312189784974,6.634553081034864e-14,,
23,3003,greedy_probe,5,388,False,11,1.0,1.7270276691031907,0.0020485416173076938,6.938728093902275e-14,,
23,3003,greedy_probe,6,389,False,11,1.0,0.7999486267561804,0.0009091761614452619,6.598006366136967e-14,,
23,3003,greedy_probe,7,452,False,11,1.0,1.7253243124136852,0.0020341195611463803,6.560483519201285e-14,,
23,3003,greedy_probe,8,396,False,11,1.0,1.8318811642945263,0.0022316773616258634,6.507450530468866e-14,,
23,3003,greedy_probe,9,398,False,11,1.0,2.1596113796637812,0.0027013535344771362,6.473491179307187e-14,,
23,3003,greedy_probe,10,910,False,11,1.0,1.6380973667165015,0.0018762764173488504,6.52613264843304e-14,,
23,3003,greedy_probe,11,414,False,11,1.0,1.0185842238539493,0.0010956208705844512,7.074899415748112e-14,,
23,3003,greedy_probe,12,430,False,11,1.0,2.1535351351206273,0.0025139591430166693,7.297066372385367e-14,,
23,3003,greedy_probe,13,142,False,11,1.0,1.8242263061745603,0.0022361841626467585,7.430285966699871e-14,,
23,3003,greedy_probe,14,270,True,11,1.0,2.2182460652496134,0.0026715410169982365,6.793167630990028e-14,,
23,3003,greedy_probe,15,266,False,11,1.0,1.4567979777042188,0.001526172046124547,6.907874849040888e-14,,
23,3003,greedy_probe,16,271,False,11,1.0,1.179450895654378,0.0014123757541740951,6.529043761816237e-14,,
23,3003,greedy_probe,17,334,False,11,1.0,2.1849496423871635,0.0026172249225043026,6.505872477329672e-14,,
23,3003,greedy_probe,18,262,False,11,1.0,1.7503255778587028,0.0020993006317789296,6.871434725256715e-14,,
23,3003,random_full,0,0,True,60,1.0,0.8990255254015695,0.0008512926162955346,6.69707317930088e-14,,
23,3003,random_full,1,213,False,60,1.0,0.3912008378829198,0.00046503964613001884,7.035675088131444e-14,,
23,3003,random_full,2,312,False,60,1.0,0.8827678845217215,0.0010626211519894919,7.521277751770166e-14,,
23,3003,random_full,3,855,False,60,1.0,0.3868593232687492,0.000409909488401518,6.453508137624141e-14,,
23,3003,random_probe,0,0,False,11,1.0,0.875988337518276,0.0008278850095125917,7.226903875376272e-14,,
23,3003,random_probe,1,213,False,11,1.0,0.37190365390996877,0.000441924626733408,7.252491189458245e-14,,
23,3003,random_probe,2,312,False,11,1.0,0.8634337592631681,0.0010378654771316647,6.27173300611472e-14,,
23,3003,random_probe,3,855,False,11,1.0,0.3645060264077008,0.00038589667461302445,7.064247741463053e-14,,
23,3003,random_probe,4,565,False,11,1.0,1.2795249307567143,0.0014191464628849721,7.534624267782393e-14,,
23,3003,random_probe,5,380,True,11,1.0,1.934972471112507,0.002420705966103414,7.341758307127297e-14,,
23,3003,random_probe,6,767,False,11,1.0,0.8908356211342073,0.0009238963108687912,7.017036452745863e-14,,
23,3003,random_probe,7,929,False,11,1.0,1.800623062235926,0.0017573174221698759,6.440136281901536e-14,,
23,3003,random_probe,8,112,False,11,1.0,0.27063070439960096,0.0003149262011403874,6.710735838509603e-14,,
23,3003,random_probe,9,779,False,11,1.0,1.5190668855375105,0.001739727767385844,6.494700572811356e-14,,
23,3003,random_probe,10,506,False,11,0.0,-0.5166677633695245,-0.00048417926022494093,6.911555467724963e-14,,
23,3003,random_probe,11,77,False,11,1.0,0.46347096168075874,0.00048576136216076007,7.56907556541591e-14,,
23,3003,random_probe,12,679,False,11,1.0,1.0171660329006595,0.001183110283069332,6.280352535767684e-14,,
23,3003,random_probe,13,875,False,11,1.0,1.3304617061707131,0.0016504783791818287,6.871443734112285e-14,,
23,3003,random_probe,14,881,False,11,1.0,1.9236617584524016,0.002378875330279336,7.285030485691031e-14,,
23,3003,random_probe,15,946,False,11,1.0,0.48432699855868394,0.0005116410615471252,6.755519664825978e-14,,
23,3003,random_probe,16,645,False,11,0.25,-0.2790157689427483,-0.0002783068337897602,6.613383653599006e-14,,
23,3003,random_probe,17,402,False,11,0.0,-0.48480397270445497,-0.0004602214141790576,6.859106087867913e-14,,
23,3003,random_probe,18,308,False,11,1.0,1.3129595787296333,0.001648137816821365,6.881502682059404e-14,,
23,3004,bank,0,321,True,0,,,,,2.083107353076139,1024
23,3004,greedy_probe,0,0,False,11,1.0,0.6585330756099312,0.0018331493724806107,7.118107876095839e-14,,
23,3004,greedy_probe,1,8,False,11,1.0,0.16519421862186373,0.0004549613169419391,7.366288579240691e-14,,
23,3004,greedy_probe,2,32,False,11,1.0,0.6665779880042557,0.0018292583947674941,7.398099372617353e-14,,
23,3004,greedy_probe,3,34,False,11,1.0,0.5090639839224874,0.0013398558683953348,6.661047585516589e-14,,
23,3004,greedy_probe,4,160,False,11,0.625,0.038551285563891605,0.00010110908523349067,6.570830804127013e-14,,
23,3004,greedy_probe,5,48,False,11,1.0,0.4892075025959842,0.001354439706848125,6.538384771270231e-14,,
23,3004,greedy_probe,6,544,False,11,1.0,0.6550295885335005,0.0018008289891918066,6.614358555369107e-14,,
23,3004,greedy_probe,7,96,False,11,1.0,1.0608331748940163,0.0029160442783832128,6.558859057928327e-14,,
23,3004,greedy_probe,8,97,False,11,1.0,1.1580390836175916,0.003360583929080947,6.517489306628419e-14,,
23,3004,greedy_probe,9,101,False,11,1.0,0.4815809111697378,0.0013601366718895731,6.89043761063484e-14,,
23,3004,greedy_probe,10,353,False,11,1.0,2.047480874912041,0.0059113758156958,7.387902424032248e-14,,
23,3004,greedy_probe,11,361,False,11,1.0,0.6885113778509384,0.0019003041400072213,6.822507259784944e-14,,
23,3004,greedy_probe,12,321,True,11,1.0,2.077603170638578,0.005923609514903886,6.566111477549348e-14,,
23,3004,greedy_probe,13,323,False,11,1.0,2.012046302305631,0.0059180069170153,6.573482591919145e-14,,
23,3004,greedy_probe,14,449,False,11,1.0,1.350507391214708,0.0038319394377943333,6.759002074783544e-14,,
23,3004,greedy_probe,15,337,False,11,1.0,1.955130721665169,0.0055625257270338554,7.681005455748474e-14,,
23,3004,greedy_probe,16,833,False,11,1.0,2.026481056751437,0.0057629180688244155,6.511387672167477e-14,,
23,3004,greedy_probe,17,257,False,11,1.0,1.1319866747753284,0.0033893825339199784,7.584184199707271e-14,,
23,3004,greedy_probe,18,320,False,11,1.0,1.7037918146364666,0.00471080965317424,6.548725456879905e-14,,
23,3004,random_full,0,0,False,60,1.0,0.6713773919724966,0.001869802903790037,6.834351534777326e-14,,
23,3004,random_full,1,537,False,60,1.0,0.47933097568828287,0.0014186825911215424,6.48430831602102e-14,,
23,3004,random_full,2,56,False,60,1.0,0.0672653853796428,0.00018198503653395984,6.624400243261396e-14,,
23,3004,random_full,3,902,True,60,1.0,1.1739711914954962,0.0033524745864085244,6.693963512179366e-14,,
23,3004,random_probe,0,0,False,11,1.0,0.6585330756099312,0.0018331493724806107,7.118107876095839e-14,,
23,3004,random_probe,1,537,False,11,1.0,0.4688142712854138,0.0013857915422872645,6.75642235892427e-14,,
23,3004,random_probe,2,56,False,11,0.875,0.056239195194136046,0.00015201680886658964,6.880951020711333e-14,,
23,3004,random_probe,3,902,False,11,1.0,1.162969228596503,0.0033145652946428017,6.927929529798812e-14,,
23,3004,random_probe,4,202,False,11,1.0,1.629028744983779,0.00468064810945055,6.686516070843124e-14,,
23,3004,random_probe,5,163,False,11,1.0,0.14211721475944672,0.00040531863033804044,6.711486529127985e-14,,
23,3004,random_probe,6,239,False,11,1.0,0.8719707960552642,0.002492862994296783,6.731242008175294e-14,,
23,3004,random_probe,7,250,False,11,1.0,1.6396788889988965,0.004627507407049567,6.786048150514093e-14,,
23,3004,random_probe,8,457,False,11,1.0,1.1227541384102242,0.0031192526697941874,7.5744657611411e-14,,
23,3004,random_probe,9,458,False,11,1.0,1.0338321133250732,0.0027390633367566,6.82820657954113e-14,,
23,3004,random_probe,10,444,False,11,1.0,0.9504244367238353,0.0025670450195531052,7.071975955294188e-14,,
23,3004,random_probe,11,522,False,11,0.875,0.05526618538833976,0.00014830792810454838,6.816347443791817e-14,,
23,3004,random_probe,12,321,True,11,1.0,2.077603170638578,0.005923609514903886,6.566111477549348e-14,,
23,3004,random_probe,13,3,False,11,1.0,0.5990936631837454,0.001704666816484954,6.692968756387096e-14,,
23,3004,random_probe,14,91,False,11,1.0,1.3804855967765732,0.003750943484605837,6.759469273836644e-14,,
23,3004,random_probe,15,859,False,11,1.0,0.7442268639872871,0.002140173791197385,6.6499157992642e-14,,
23,3004,random_probe,16,533,False,11,1.0,1.165848847507912,0.003138141019638333,6.720780023164316e-14,,
23,3004,random_probe,17,702,False,11,1.0,1.926514122082893,0.005386557517298427,6.818895959732236e-14,,
23,3004,random_probe,18,408,False,11,1.0,0.34630612066227634,0.0009159099861665524,7.468819378136188e-14,,
23,3005,bank,0,999,True,0,,,,,3.0883654913305665,1024
23,3005,greedy_probe,0,0,False,11,1.0,1.884640313010497,0.0013334612745958272,7.100244129182847e-14,,
23,3005,greedy_probe,1,16,False,11,1.0,2.609042112992295,0.0022148594536894137,7.004593416180932e-14,,
23,3005,greedy_probe,2,80,False,11,1.0,0.8130828514855835,0.000537666110474194,6.436935002936867e-14,,
23,3005,greedy_probe,3,144,False,11,1.0,2.5463076828416056,0.002488715426517011,6.917232397119737e-14,,
23,3005,greedy_probe,4,528,False,11,1.0,1.808207401378164,0.0016487539661417892,6.969978942147015e-14,,
23,3005,greedy_probe,5,18,False,11,1.0,1.358392483689666,0.0008769333643698527,7.00579522175857e-14,,
23,3005,greedy_probe,6,17,False,11,1.0,2.5511943034102966,0.002163603815091417,6.535944398695674e-14,,
23,3005,greedy_probe,7,24,True,11,1.0,2.6448865997822155,0.002248814525098462,6.842435198805254e-14,,
23,3005,greedy_probe,8,56,False,11,1.0,1.429954384510153,0.0012008155913046468,6.852600166598636e-14,,
23,3005,greedy_probe,9,28,False,11,1.0,1.9827738021557986,0.0015709292182164722,7.137198581646809e-14,,
23,3005,greedy_probe,10,280,False,11,1.0,0.9880796369231322,0.0008184521093248858,6.563610888348597e-14,,
23,3005,greedy_probe,11,8,False,11,1.0,1.9297667639213891,0.0013669631055585607,7.182914639372222e-14,,
23,3005,greedy_probe,12,88,False,11,1.0,0.8558549703769381,0.0005678001906780595,6.721317196891173e-14,,
23,3005,greedy_probe,13,152,False,11,1.0,2.5547464681222083,0.0024926783700135154,7.561400132044543e-14,,
23,3005,greedy_probe,14,536,False,11,1.0,1.8378540432586306,0.0016782046660878428,6.398024932568429e-14,,
23,3005,greedy_probe,15,26,False,11,1.0,1.4063115409107108,0.0009108076805501445,6.685781957332832e-14,,
23,3005,greedy_probe,16,25,False,11,1.0,2.5871923034135516,0.002197346070229489,6.383283552801374e-14,,
23,3005,greedy_probe,17,390,False,11,1.0,1.968649536304326,0.0017597550450833338,6.565506246154182e-14,,
23,3005,greedy_probe,18,398,False,11,1.0,1.9388555317245957,0.0017315217546965056,7.889547308447439e-14,,
23,3005,random_full,0,0,False,60,1.0,1.904999180166011,0.001353115669535489,6.834490184123278e-14,,
23,3005,random_full,1,390,False,60,1.0,1.9834237398551673,0.0017781870232991435,6.541573867340866e-14,,
23,3005,random_full,2,995,True,60,1.0,2.1787328720731347,0.0017960699488075082,6.499653213559891e-14,,
23,3005,random_full,3,868,False,60,1.0,1.4974715901979456,0.001262109460806314,7.43548981429394e-14,,
23,3005,random_probe,0,0,False,11,1.0,1.884640313010497,0.0013334612745958272,7.100244129182847e-14,,
23,3005,random_probe,1,390,False,11,1.0,1.968649536304326,0.0017597550450833338,6.565506246154182e-14,,
23,3005,random_probe,2,995,False,11,1.0,2.162176522478294,0.0017762905228370617,7.310484069187891e-14,,
23,3005,random_probe,3,868,False,11,1.0,1.4790641307800771,0.00124263329072567,7.098220280417942e-14,,
23,3005,random_probe,4,72,False,11,0.75,0.14411633576523097,7.096282794071939e-05,6.740785967258372e-14,,
23,3005,random_probe,5,150,False,11,1.0,1.491186483393149,0.0009690238495220372,6.653679168186095e-14,,
23,3005,random_probe,6,650,False,11,1.0,1.73051774635397,0.0016108967886203206,6.641430541320762e-14,,
23,3005,random_probe,7,382,True,11,1.0,2.598620144470948,0.002248398603365588,6.432613635992006e-14,,
23,3005,random_probe,8,958,False,11,0.75,0.11778606548799431,6.770489960786566e-05,6.991103135832684e-14,,
23,3005,random_probe,9,97,False,11,1.0,1.3887962594772223,0.0011015552648732134,6.708485195942881e-14,,
23,3005,random_probe,10,357,False,11,1.0,0.5164799537126312,0.00038152373050289075,6.758062448971498e-14,,
23,3005,random_probe,11,311,False,11,1.0,1.1974673769484807,0.0007729779448695023,6.75286807414031e-14,,
23,3005,random_probe,12,775,False,11,1.0,1.8755001021660227,0.001701780016054439,6.237079346616359e-14,,
23,3005,random_probe,13,358,False,11,1.0,1.8080956374687804,0.0017152317070044448,6.79360987515371e-14,,
23,3005,random_probe,14,930,False,11,1.0,1.638395842590794,0.0013392760036947914,6.414413249631298e-14,,
23,3005,random_probe,15,359,False,11,1.0,1.8739089119495536,0.0017884934172894525,6.736032272192449e-14,,
23,3005,random_probe,16,284,False,11,0.625,0.1926777898271567,0.00014206375369122878,6.783931257208146e-14,,
23,3005,random_probe,17,508,False,11,1.0,1.5366224305587748,0.0011712992605992113,6.626778266392307e-14,,
23,3005,random_probe,18,895,False,11,1.0,1.9278186158144268,0.0017433079877479706,7.248197053463338e-14,,
23,3006,bank,0,280,True,0,,,,,1.8272630974803115,1024
23,3006,greedy_probe,0,0,False,11,0.0,-0.9147541503602644,-0.0006551604123770129,6.693219893712646e-14,,
23,3006,greedy_probe,1,64,False,11,0.0,-0.912558629810624,-0.0006544896913777236,6.574719632404624e-14,,
23,3006,greedy_probe,2,72,False,11,1.0,0.6731706759099227,0.0008085750889715651,6.729194385134503e-14,,
23,3006,greedy_probe,3,104,False,11,1.0,0.7366176002462401,0.000987138723195816,6.896220201301078e-14,,
23,3006,greedy_probe,4,616,False,11,1.0,1.2866528267325252,0.0016927784251381172,7.108260918511406e-14,,
23,3006,greedy_probe,5,617,False,11,1.0,1.2968764158623616,0.001709724615096983,6.551289886283327e-14,,
23,3006,greedy_probe,6,621,False,11,1.0,1.3181279427676236,0.0017316843400231744,6.443296589817583e-14,,
23,3006,greedy_probe,7,637,False,11,1.0,0.8601593557087974,0.0011304543302678351,6.772737845746381e-14,,
23,3006,greedy_probe,8,623,True,11,1.0,1.4757745737983623,0.001960388512980412,6.703286046088616e-14,,
23,3006,greedy_probe,9,879,False,11,1.0,1.2720042601483301,0.0013530450926152945,7.108258193825346e-14,,
23,3006,greedy_probe,10,751,False,11,0.625,0.03360378497447279,4.414381126861041e-05,7.181779096306055e-14,,
23,3006,greedy_probe,11,559,False,11,1.0,1.419733497483839,0.0018898353071231415,7.30930634035835e-14,,
23,3006,greedy_probe,12,615,False,11,0.875,0.2471513774518581,0.00023486487001582977,7.112429017948339e-14,,
23,3006,greedy_probe,13,591,False,11,1.0,1.3027314711586422,0.0016113690558577634,6.444838676568828e-14,,
23,3006,greedy_probe,14,111,False,11,1.0,0.9378386527484581,0.0012570714973611829,6.986683283466102e-14,,
23,3006,greedy_probe,15,622,False,11,1.0,1.4616741186005533,0.0019372726900751588,6.481202454662363e-14,,
23,3006,greedy_probe,16,619,False,11,1.0,1.449114697770422,0.001933696183070763,6.4567237919742e-14,,
23,3006,greedy_probe,17,639,False,11,1.0,0.88642869353146,0.0011679652753406114,7.366931075657158e-14,,
23,3006,greedy_probe,18,22,False,11,0.0,-0.5367603111134113,-0.00037243977789828703,6.556534162721218e-14,,
23,3006,random_full,0,0,False,60,0.0,-0.88263115876209,-0.0006319896340697727,6.721227854538659e-14,,
23,3006,random_full,1,22,False,60,0.0,-0.5039873086532638,-0.0003503116962936181,6.481882631988715e-14,,
23,3006,random_full,2,390,True,60,1.0,0.7755171610483509,0.0010007899999679663,6.552903466768915e-14,,
23,3006,random_full,3,749,False,60,0.125,-0.19910531155390246,-0.00022188979250070597,6.382619174841743e-14,,
23,3006,random_probe,0,0,False,11,0.0,-0.9147541503602644,-0.0006551604123770129,6.693219893712646e-14,,
23,3006,random_probe,1,22,False,11,0.0,-0.5367603111134113,-0.00037243977789828703,6.556534162721218e-14,,
23,3006,random_probe,2,390,False,11,1.0,0.7612839279722949,0.0009802357621456126,6.987607617684267e-14,,
23,3006,random_probe,3,749,False,11,0.0,-0.21831078924156666,-0.00024340057032060537,6.430386323948067e-14,,
23,3006,random_probe,4,633,False,11,1.0,0.8517175642864031,0.0011192852180180396,7.495821083775127e-14,,
23,3006,random_probe,5,909,False,11,1.0,0.24734557910935262,0.00024058572692583526,6.694473655177096e-14,,
23,3006,random_probe,6,528,False,11,0.0,-0.4983029078142798,-0.0003556885089005205,6.92808356589902e-14,,
23,3006,random_probe,7,246,False,11,1.0,1.3125178169780674,0.001217527978078883,6.730919159735309e-14,,
23,3006,random_probe,8,739,True,11,1.0,1.5841094907152655,0.0014089195124963854,6.918745219789222e-14,,
23,3006,random_probe,9,841,False,11,1.0,1.2626876994648502,0.0011952050665057319,6.518132995770534e-14,,
23,3006,random_probe,10,114,False,11,0.875,0.19674359151052564,0.0001863978789547636,7.087474913477908e-14,,
23,3006,random_probe,11,770,False,11,0.0,-0.17160569583102522,-0.00018886125261148318,6.74997538233009e-14,,
23,3006,random_probe,12,520,False,11,1.0,1.136646582683852,0.001409273369249701,6.481238329429087e-14,,
23,3006,random_probe,13,29,False,11,1.0,1.388009822317677,0.0016684588699532373,6.381209948834854e-14,,
23,3006,random_probe,14,991,False,11,0.625,0.05048237515803198,5.099746659039447e-05,6.731396256841619e-14,,
23,3006,random_probe,15,142,False,11,1.0,0.2759019404276395,0.00035959890335909676,6.61491241208287e-14,,
23,3006,random_probe,16,599,False,11,0.0,-0.6563240452370154,-0.0004615233470311843,7.240823804519306e-14,,
23,3006,random_probe,17,258,False,11,0.0,-0.4641124034343948,-0.0005128449020710465,6.79226593361905e-14,,
23,3006,random_probe,18,862,False,11,0.875,0.4664119364688537,0.0004163553071163872,6.719660647919642e-14,,
23,3007,bank,0,95,True,0,,,,,3.378456924703827,1024
23,3007,greedy_probe,0,0,False,11,1.0,1.3134944945460403,0.0009060877578792115,6.858904749184778e-14,,
23,3007,greedy_probe,1,512,False,11,1.0,0.7181479527084301,0.0005373361070125354,6.98532007873133e-14,,
23,3007,greedy_probe,2,64,False,11,1.0,1.258073738115332,0.0009368087574995361,7.000531368279878e-14,,
23,3007,greedy_probe,3,1,False,11,1.0,0.8946516561038174,0.0005996370441282593,6.11302835877808e-14,,
23,3007,greedy_probe,4,16,False,11,1.0,1.6779317292934581,0.0009622223943954906,6.683713971295055e-14,,
23,3007,greedy_probe,5,18,False,11,1.0,1.5681058165281807,0.0012618406027270768,6.760533976319075e-14,,
23,3007,greedy_probe,6,20,False,11,1.0,1.1163877733028196,0.0006077253701717161,6.701435899938784e-14,,
23,3007,greedy_probe,7,272,False,11,1.0,2.115381050426842,0.0018180793284112724,6.386035529450091e-14,,
23,3007,greedy_probe,8,304,False,11,1.0,1.7042123724825662,0.0014640137020826543,7.109514971782092e-14,,
23,3007,greedy_probe,9,280,False,11,1.0,2.139570991842301,0.0022100431005699197,6.357306757753601e-14,,
23,3007,greedy_probe,10,408,False,11,1.0,1.1511738755138627,0.0006448869364550688,6.787733040827854e-14,,
23,3007,greedy_probe,11,792,False,11,1.0,1.336821363976803,0.00136913254904171,6.542870471840695e-14,,
23,3007,greedy_probe,12,344,False,11,1.0,2.1774181429721597,0.0024494667532681466,7.243929200786085e-14,,
23,3007,greedy_probe,13,345,False,11,1.0,2.0815881921204964,0.002339123901944546,7.309032039922187e-14,,
23,3007,greedy_probe,14,328,False,11,1.0,2.412652014054996,0.0027601119358708808,6.806940478589469e-14,,
23,3007,greedy_probe,15,330,False,11,1.0,1.3265052235131787,0.0012617037656694943,6.186892737471694e-14,,
23,3007,greedy_probe,16,332,True,11,1.0,2.715308268160001,0.0030407855877674023,7.479061243064345e-14,,
23,3007,greedy_probe,17,76,False,11,1.0,2.1353085207642932,0.0025148871560182993,6.851493791989161e-14,,
23,3007,greedy_probe,18,364,False,11,1.0,0.9931734248963939,0.001026593279355073,6.868850787760529e-14,,
23,3007,random_full,0,0,False,60,1.0,1.3385533209582445,0.000926318023867413,6.370302522376752e-14,,
23,3007,random_full,1,425,True,60,1.0,1.8788244156895475,0.001477957477905769,7.44973837573382e-14,,
23,3007,random_full,2,41,False,60,1.0,1.0508406840907019,0.0011800765487259904,6.611014911803491e-14,,
23,3007,random_full,3,753,False,60,0.25,-0.11323562502643647,-9.571848170417379e-05,6.854462855022535e-14,,
23,3007,random_probe,0,0,False,11,1.0,1.3134944945460403,0.0009060877578792115,6.858904749184778e-14,,
23,3007,random_probe,1,425,False,11,1.0,1.8597702078310698,0.0014573185800543934,6.536864370691833e-14,,
23,3007,random_probe,2,41,False,11,1.0,1.0344095745177038,0.0011589308438102429,6.874395516836531e-14,,
23,3007,random_probe,3,753,False,11,0.125,-0.134803101425572,-0.00011476830185834942,6.618124286583514e-14,,
23,3007,random_probe,4,70,True,11,1.0,2.018919976761956,0.0014348268015202757,6.511642092703616e-14,,
23,3007,random_probe,5,512,False,11,1.0,0.7181479527084301,0.0005373361070125354,6.98532007873133e-14,,
23,3007,random_probe,6,80,False,11,1.0,1.6143748773099174,0.001022436090161609,7.415847856860479e-14,,
23,3007,random_probe,7,957,False,11,1.0,0.8807759586575986,0.0005958033046695177,7.447815516344838e-14,,
23,3007,random_probe,8,65,False,11,1.0,0.6607677803597761,0.0005109720600612886,7.049740376825355e-14,,
23,3007,random_probe,9,158,False,11,1.0,1.2835068823301934,0.0010624985605217577,7.001150400380084e-14,,
23,3007,random_probe,10,980,False,11,1.0,0.8502384344769962,0.0009317218659346746,6.714463317343593e-14,,
23,3007,random_probe,11,37,False,11,0.5,0.03400922820413721,2.1664439428408823e-05,7.080439835349947e-14,,
23,3007,random_probe,12,72,False,11,1.0,1.9369050560483936,0.0023000694359405017,6.688445717438153e-14,,
23,3007,random_probe,13,981,False,11,1.0,0.941927916180272,0.0010327729695401551,7.341608699229765e-14,,
23,3007,random_probe,14,193,False,11,0.5,0.08763162751916888,9.911042678330435e-05,7.1919013454254e-14,,
23,3007,random_probe,15,113,False,11,0.0,-1.0868092295165814,-0.0004216898751973359,6.705366066266161e-14,,
23,3007,random_probe,16,713,False,11,1.0,0.6076011561943302,0.0005078362106171255,7.513536824712077e-14,,
23,3007,random_probe,17,359,False,11,0.625,0.07305690582936335,4.937172878522432e-05,7.12128978490865e-14,,
23,3007,random_probe,18,33,False,11,0.875,0.10821305209319676,7.093152303015108e-05,6.977453741231501e-14,,
23,3008,bank,0,278,True,0,,,,,1.3992929290742633,1024
23,3008,greedy_probe,0,0,False,11,1.0,0.33561557859027136,0.00033708633940167636,6.91076692975402e-14,,
23,3008,greedy_probe,1,512,False,11,0.0,-0.9096764800338364,-0.0008586588308978254,6.582054695616294e-14,,
23,3008,greedy_probe,2,2,False,11,1.0,0.3155519416140218,0.0003172516856929366,7.282869114240412e-14,,
23,3008,greedy_probe,3,128,False,11,1.0,0.30557723056935365,0.00031052908375018423,6.504305625214603e-14,,
23,3008,greedy_probe,4,8,False,11,1.0,0.3048844492542021,0.00030805262266263636,7.191871675284846e-14,,
23,3008,greedy_probe,5,256,False,11,1.0,0.3290955386486434,0.0003310803632432897,6.90629780192787e-14,,
23,3008,greedy_probe,6,64,False,11,1.0,0.37149531773413186,0.00055679784611675,7.014397941457977e-14,,
23,3008,greedy_probe,7,80,False,11,1.0,0.888511132047893,0.0013254742896160795,7.616917199576456e-14,,
23,3008,greedy_probe,8,84,False,11,1.0,0.36362239637710997,0.0005483414125276509,6.82744089881656e-14,,
23,3008,greedy_probe,9,112,False,11,1.0,1.0235915438121976,0.0011630724044748696,6.247385230555429e-14,,
23,3008,greedy_probe,10,113,False,11,1.0,1.0257974137243269,0.0011623396024234367,6.677887901100489e-14,,
23,3008,greedy_probe,11,625,False,11,0.875,0.27219006551866404,0.0002906966164951761,7.231986933756838e-14,,
23,3008,greedy_probe,12,115,False,11,1.0,1.0392946780009895,0.0011765071888964421,7.381442061439407e-14,,
23,3008,greedy_probe,13,243,False,11,1.0,1.0791062348318212,0.0012048771526969385,6.94981818753101e-14,,
23,3008,greedy_probe,14,251,True,11,1.0,1.0827894362720967,0.0012135934228336438,7.105582434852156e-14,,
23,3008,greedy_probe,15,507,False,11,1.0,1.0794144073506073,0.0012090105998492171,7.635492687610426e-14,,
23,3008,greedy_probe,16,187,False,11,1.0,0.44007295336120045,0.0006010463168183164,7.038718060332155e-14,,
23,3008,greedy_probe,17,235,False,11,1.0,0.353181655562262,0.00039835236122256167,6.876803734855064e-14,,
23,3008,greedy_probe,18,255,False,11,1.0,0.4506195148655321,0.0004958865564547521,6.729497049866982e-14,,
23,3008,random_full,0,0,True,60,1.0,0.3579111140272065,0.0003593228943970907,6.694413585275523e-14,,
23,3008,random_full,1,162,False,60,1.0,0.24678436790502647,0.0003445407609603381,6.575875661302459e-14,,
23,3008,random_full,2,624,False,60,0.875,0.28597996721362395,0.00030662953968914157,7.145350448420436e-14,,
23,3008,random_full,3,1023,False,60,0.0,-1.062006496775396,-0.001048130506514631,7.102761914432451e-14,,
23,3008,random_probe,0,0,False,11,1.0,0.33561557859027136,0.00033708633940167636,6.91076692975402e-14,,
23,3008,random_probe,1,162,False,11,1.0,0.2295475069725212,0.0003206142967487986,7.088192351801995e-14,,
23,3008,random_probe,2,624,False,11,0.875,0.27045836247302724,0.0002896653833023991,6.852859551130033e-14,,
23,3008,random_probe,3,1023,False,11,0.0,-1.0854766460188794,-0.0010713088614115046,6.919284089601035e-14,,
23,3008,random_probe,4,1019,False,11,0.875,0.3190686336021614,0.0003374323839781465,6.836833577423317e-14,,
23,3008,random_probe,5,236,False,11,1.0,0.26190565116923054,0.0002933741931120358,6.969274499046409e-14,,
23,3008,random_probe,6,228,False,11,1.0,0.2652120181192097,0.00029620458056179265,7.272435206550415e-14,,
23,3008,random_probe,7,398,False,11,1.0,0.4917895728267129,0.0005061519621539085,6.684141527591329e-14,,
23,3008,random_probe,8,551,False,11,1.0,0.7455244595276347,0.0009952697067351166,7.149258466218536e-14,,
23,3008,random_probe,9,552,False,11,0.0,-0.6233275839393999,-0.0008270270371842541,6.915730387415027e-14,,
23,3008,random_probe,10,92,False,11,1.0,0.34246829639795995,0.0005169757359199173,7.301430116213769e-14,,
23,3008,random_probe,11,247,False,11,1.0,0.4623981600229246,0.0005079331508742284,6.801555169286578e-14,,
23,3008,random_probe,12,142,False,11,1.0,0.49253144575137986,0.0005066005562190667,6.685705182179643e-14,,
23,3008,random_probe,13,716,False,11,0.0,-0.560410963050286,-0.0007902503029297465,7.191481766377898e-14,,
23,3008,random_probe,14,981,False,11,0.0,-0.7907193890787312,-0.001108428357368128,6.690358935306569e-14,,
23,3008,random_probe,15,321,False,11,1.0,0.35942332311416003,0.0005388554766935531,7.130854569101381e-14,,
23,3008,random_probe,16,400,False,11,1.0,0.5650765447562476,0.0005579877470440154,6.954112113308523e-14,,
23,3008,random_probe,17,690,False,11,0.0,-0.8386738531905817,-0.00108740307938776,6.63748852799667e-14,,
23,3008,random_probe,18,942,True,11,1.0,0.794081698607509,0.0010549641691994438,6.991935404843366e-14,,
23,3009,bank,0,207,True,0,,,,,2.2987133353659712,1024
23,3009,greedy_probe,0,0,False,11,1.0,1.3075529641288575,0.0023451686021892367,6.823102918697292e-14,,
23,3009,greedy_probe,1,16,False,11,1.0,0.5706121689014221,0.0008470840209317682,7.032889756027815e-14,,
23,3009,greedy_probe,2,256,False,11,1.0,1.5233181458169482,0.002928030407760425,6.685987129710354e-14,,
23,3009,greedy_probe,3,264,False,11,1.0,1.269309140203792,0.002439074017748036,6.655731477252164e-14,,
23,3009,greedy_probe,4,257,False,11,1.0,0.76192534137748,0.0014277928680690374,6.809147165375013e-14,,
23,3009,greedy_probe,5,768,False,11,1.0,1.1805047563797406,0.0016729479649859862,6.555397097982163e-14,,
23,3009,greedy_probe,6,320,False,11,1.0,1.5524839168006501,0.0029348489764771156,6.811330529279166e-14,,
23,3009,greedy_probe,7,448,False,11,1.0,1.552393042856735,0.0029346347666392688,7.078861440680411e-14,,
23,3009,greedy_probe,8,322,True,11,1.0,1.8037727891058324,0.003314431006950595,6.565768465077206e-14,,
23,3009,greedy_probe,9,354,False,11,1.0,1.4219760310385192,0.0027610129795662686,6.823966675510684e-14,,
23,3009,greedy_probe,10,326,False,11,1.0,1.1830947700498793,0.002041723338704284,6.77584562712667e-14,,
23,3009,greedy_probe,11,338,False,11,1.0,0.7642553104858822,0.0011669304640693967,6.904724910289926e-14,,
23,3009,greedy_probe,12,66,False,11,1.0,1.7477998867427025,0.003171825802790417,6.370316633856238e-14,,
23,3009,greedy_probe,13,330,False,11,1.0,1.5422014920380898,0.0028377950729222903,7.528305496086064e-14,,
23,3009,greedy_probe,14,323,False,11,1.0,0.9412454276421107,0.001661424713501754,6.744329538940795e-14,,
23,3009,greedy_probe,15,834,False,11,1.0,1.2166008207184484,0.0016355332421376552,6.485582852488181e-14,,
23,3009,greedy_probe,16,258,False,11,1.0,1.757565275403905,0.0032879571511623537,6.840646164767378e-14,,
23,3009,greedy_probe,17,450,False,11,1.0,1.8036769724810975,0.0033142053848896963,7.538865640403347e-14,,
23,3009,greedy_probe,18,33,False,11,1.0,0.7489049091334412,0.001331225196592148,6.864648326171937e-14,,
23,3009,random_full,0,0,False,60,1.0,1.3181030327053274,0.0023699865702671314,6.566334749360566e-14,,
23,3009,random_full,1,33,False,60,1.0,0.7610530143385591,0.0013555884846370957,7.141188648370829e-14,,
23,3009,random_full,2,595,False,60,1.0,0.913480587175026,0.0015849859916376215,6.461904184878894e-14,,
23,3009,random_full,3,767,True,60,1.0,1.6311197158435577,0.0030308123079348425,6.936526854921599e-14,,
23,3009,random_probe,0,0,False,11,1.0,1.3075529641288575,0.0023451686021892367,6.823102918697292e-14,,
23,3009,random_probe,1,33,False,11,1.0,0.7489049091334412,0.001331225196592148,6.864648326171937e-14,,
23,3009,random_probe,2,595,False,11,1.0,0.9017964257151198,0.001561334023972254,6.826687532025732e-14,,
23,3009,random_probe,3,767,False,11,1.0,1.6211433001919775,0.003004797494982706,6.273149391073784e-14,,
23,3009,random_probe,4,974,False,11,0.375,0.0044022829573955105,1.1541386712264103e-05,6.20570445865896e-14,,
23,3009,random_probe,5,867,False,11,1.0,0.3416985517437834,0.0003939897107216976,6.984999570903041e-14,,
23,3009,random_probe,6,962,False,11,1.0,1.2165889307748055,0.001635504853174003,6.475527973851843e-14,,
23,3009,random_probe,7,397,False,11,1.0,1.524701893719908,0.0028497886196040883,6.372217655164074e-14,,
23,3009,random_probe,8,511,False,11,1.0,0.6473625592464296,0.0009343687300670282,6.264501666275936e-14,,
23,3009,random_probe,9,270,False,11,1.0,0.8635579192813183,0.0014794119181536,7.260383307749586e-14,,
23,3009,random_probe,10,590,False,11,1.0,0.5956558860340693,0.0007837503999934834,6.798247592768414e-14,,
23,3009,random_probe,11,982,False,11,1.0,0.8031469278814511,0.0013562363378486365,6.340930133255705e-14,,
23,3009,random_probe,12,605,True,11,1.0,1.6993203205489702,0.0032435378462590736,6.706795809010215e-14,,
23,3009,random_probe,13,584,False,11,1.0,1.0892111180846111,0.0014758538392760888,6.77396136148801e-14,,
23,3009,random_probe,14,662,False,11,1.0,0.45381264131720034,0.0008215891938613447,6.787945743399006e-14,,
23,3009,random_probe,15,451,False,11,1.0,0.9411050617756452,0.0016611704095753268,7.289221156402607e-14,,
23,3009,random_probe,16,831,False,11,1.0,1.4711243519473558,0.002478370263902797,6.826985910290248e-14,,
23,3009,random_probe,17,978,False,11,1.0,1.6884212583600964,0.002816722415223515,6.754384438651775e-14,,
23,3009,random_probe,18,837,False,11,1.0,1.4145514456282848,0.0019430308188248232,6.839405522093244e-14,,
23,3010,bank,0,591,True,0,,,,,3.2310227879429023,1024
23,3010,greedy_probe,0,0,False,11,1.0,0.38344798433260907,0.0007326245240866225,6.556108880067203e-14,,
23,3010,greedy_probe,1,32,False,11,1.0,0.35267102147924156,0.0006714034528161996,7.230692900138129e-14,,
23,3010,greedy_probe,2,512,False,11,1.0,1.3914944407039245,0.0026908420488712106,7.231574726137095e-14,,
23,3010,greedy_probe,3,514,False,11,1.0,1.6015379741074756,0.0030625498371312735,6.932613167082022e-14,,
23,3010,greedy_probe,4,530,False,11,1.0,1.1843562733555215,0.002232210525297126,7.228937825741691e-14,,
23,3010,greedy_probe,5,578,False,11,1.0,1.0128265969602361,0.0018363129054889248,6.75348326211528e-14,,
23,3010,greedy_probe,6,518,False,11,1.0,1.1268290252806041,0.0022177118513493623,6.528906367039691e-14,,
23,3010,greedy_probe,7,515,False,11,1.0,2.01518041244468,0.002158709554094131,7.11382435852488e-14,,
23,3010,greedy_probe,8,771,False,11,1.0,2.074710931529699,0.002181430410079772,6.572996942503799e-14,,
23,3010,greedy_probe,9,779,False,11,1.0,2.0151737874558124,0.0021265828738479525,7.069412856742554e-14,,
23,3010,greedy_probe,10,899,False,11,1.0,2.2122464331697067,0.0022850834282933004,7.031898666119383e-14,,
23,3010,greedy_probe,11,931,True,11,1.0,2.2389406138642185,0.002274716275690837,6.459978134890349e-14,,
23,3010,greedy_probe,12,419,False,11,1.0,0.5394247749819917,0.0005444320537648702,6.433197193115706e-14,,
23,3010,greedy_probe,13,929,False,11,1.0,2.034563619743263,0.002052795057686391,6.663134795575905e-14,,
23,3010,greedy_probe,14,947,False,11,1.0,1.710881410728449,0.0016964208811111308,6.879210042185723e-14,,
23,3010,greedy_probe,15,995,False,11,1.0,1.9422069517669043,0.0018870789196966465,6.172882992694281e-14,,
23,3010,greedy_probe,16,935,False,11,1.0,1.4916872664793543,0.0012546110848748408,6.653821855236962e-14,,
23,3010,greedy_probe,17,930,False,11,1.0,1.5021439297198056,0.0028337861856419207,7.213675375157036e-14,,
23,3010,greedy_probe,18,675,False,11,1.0,2.21423441160643,0.0022852198814482484,6.641767311096189e-14,,
23,3010,random_full,0,0,False,60,1.0,0.396310404522103,0.0007579498159901062,7.01488019127483e-14,,
23,3010,random_full,1,823,False,60,1.0,0.6626050810348074,0.000575343744215734,6.683252460087422e-14,,
23,3010,random_full,2,18,False,60,1.0,0.6799954580438685,0.0012955596788393458,6.693521232759444e-14,,
23,3010,random_full,3,1015,True,60,1.0,1.3614223969986967,0.001077793463150482,7.493915470950637e-14,,
23,3010,random_probe,0,0,False,11,1.0,0.38344798433260907,0.0007326245240866225,6.556108880067203e-14,,
23,3010,random_probe,1,823,False,11,1.0,0.639973796528795,0.0005540719932561992,6.979813106898135e-14,,
23,3010,random_probe,2,18,False,11,1.0,0.6670598754394395,0.001269226152435369,6.745448473235848e-14,,
23,3010,random_probe,3,1015,False,11,1.0,1.34196896484635,0.0010571242303698712,6.725920578841473e-14,,
23,3010,random_probe,4,7,False,11,0.0,-0.5844410903918914,-0.0004849908493624261,6.656844873289882e-14,,
23,3010,random_probe,5,993,False,11,1.0,1.733611762674946,0.0016714562672647112,6.789703660166728e-14,,
23,3010,random_probe,6,1007,True,11,1.0,2.5760840548757638,0.0019330582102920976,7.398605988521328e-14,,
23,3010,random_probe,7,466,False,11,0.0,-0.1860581746765524,-0.0003495324356880781,7.39112552737035e-14,,
23,3010,random_probe,8,884,False,11,1.0,1.3870287058704658,0.0026836485448779816,6.875978525074691e-14,,
23,3010,random_probe,9,341,False,11,1.0,1.530190862401046,0.0011876671825361918,6.358440771641116e-14,,
23,3010,random_probe,10,434,False,11,1.0,0.45201503210548943,0.0008752381278383349,6.917409731236528e-14,,
23,3010,random_probe,11,83,False,11,0.625,0.09395973038315678,9.049713342050222e-05,7.02169927697096e-14,,
23,3010,random_probe,12,76,False,11,1.0,0.3712153656510877,0.0007065175311652587,7.089496483251671e-14,,
23,3010,random_probe,13,961,False,11,1.0,1.6965347353127762,0.0016150393963222688,6.464921310451148e-14,,
23,3010,random_probe,14,734,False,11,1.0,1.1654995165342437,0.002265897974472815,6.678184255534842e-14,,
23,3010,random_probe,15,286,False,11,1.0,0.21054834517551818,0.00041979639113186393,6.759924712247947e-14,,
23,3010,random_probe,16,51,False,11,1.0,0.4245523181835036,0.0004511664275510781,7.124619806234555e-14,,
23,3010,random_probe,17,1001,False,11,1.0,1.6251006239281693,0.0015670312629754955,6.666978538195848e-14,,
23,3010,random_probe,18,454,False,11,1.0,0.4380257064975162,0.0008170860277669258,6.929979365671307e-14,,
23,3011,bank,0,437,True,0,,,,,2.3715158659106685,1024
23,3011,greedy_probe,0,0,False,11,0.875,0.15938783708568788,0.00012836735944335952,7.042053134752996e-14,,
23,3011,greedy_probe,1,32,False,11,0.125,-0.11969340843186409,-8.73546057382664e-05,6.718366894132944e-14,,
23,3011,greedy_probe,2,8,False,11,1.0,0.8779871920423726,0.0007085640830380132,7.488176290459198e-14,,
23,3011,greedy_probe,3,520,False,11,1.0,0.7731677116826261,0.0005914019827498234,7.084120760087283e-14,,
23,3011,greedy_probe,4,24,False,11,1.0,0.8623888879671098,0.0006323512179913469,6.838438371467029e-14,,
23,3011,greedy_probe,5,10,False,11,1.0,0.9279639322587099,0.0007499632880295336,6.660281103040182e-14,,
23,3011,greedy_probe,6,14,False,11,1.0,0.8894698258500464,0.0008005554826359101,6.596395019983718e-14,,
23,3011,greedy_probe,7,74,False,11,1.0,1.0285230744446952,0.000786567561533693,7.075824654019806e-14,,
23,3011,greedy_probe,8,330,False,11,1.0,0.6106273648056686,0.0004557562566492859,6.765297754676541e-14,,
23,3011,greedy_probe,9,75,False,11,1.0,2.003947239749178,0.0016189131926573168,6.274208195517764e-14,,
23,3011,greedy_probe,10,203,False,11,1.0,1.4510052097706745,0.0011271110806010086,6.325030590475517e-14,,
23,3011,greedy_probe,11,107,False,11,1.0,1.8290717712579294,0.001585851056108251,6.726265595549721e-14,,
23,3011,greedy_probe,12,67,False,11,1.0,1.26256236556509,0.0009849639938146124,6.497981025219357e-14,,
23,3011,greedy_probe,13,587,True,11,1.0,2.019324211295202,0.001517177266778364,6.561408873046589e-14,,
23,3011,greedy_probe,14,603,False,11,1.0,1.641170537654211,0.0014613337723870575,6.807464325450333e-14,,
23,3011,greedy_probe,15,585,False,11,1.0,1.966203428863607,0.0014753343540341926,6.689725694702252e-14,,
23,3011,greedy_probe,16,591,False,11,1.0,1.953443968780415,0.001255501387045485,6.698754952760443e-14,,
23,3011,greedy_probe,17,523,False,11,1.0,1.6662497108454297,0.001384874530772082,6.909094413921039e-14,,
23,3011,greedy_probe,18,843,False,11,1.0,1.5994540412249538,0.0012068639959666979,7.07732034568356e-14,,
23,3011,random_full,0,0,False,60,1.0,0.1839379721823441,0.00014822519904392206,7.276309004219945e-14,,
23,3011,random_full,1,877,True,60,1.0,1.3165688522170653,0.0009452644247083131,6.717930841242635e-14,,
23,3011,random_full,2,684,False,60,1.0,0.3996887205332807,0.00030942929694663737,6.840851395870463e-14,,
23,3011,random_full,3,824,False,60,0.875,0.1911537985375687,0.00013724374322625008,6.629096216358181e-14,,
23,3011,random_probe,0,0,False,11,0.875,0.15938783708568788,0.00012836735944335952,7.042053134752996e-14,,
23,3011,random_probe,1,877,False,11,1.0,1.293620219247079,0.000926135766863948,6.471476913210674e-14,,
23,3011,random_probe,2,684,False,11,1.0,0.3746011672785781,0.00028948133036518515,6.439263884353242e-14,,
23,3011,random_probe,3,824,False,11,0.875,0.1625011284105172,0.0001169923204329933,6.909467663408241e-14,,
23,3011,random_probe,4,93,True,11,1.0,1.6921509775601442,0.0012575736945382669,6.819229701388677e-14,,
23,3011,random_probe,5,985,False,11,1.0,0.9126318059153282,0.0007846473695004644,6.82532541065474e-14,,
23,3011,random_probe,6,697,False,11,1.0,1.1700218590394296,0.001026287285393366,6.708646975821051e-14,,
23,3011,random_probe,7,501,False,11,1.0,1.5831203723032328,0.0012490683050217664,6.7262875602877e-14,,
23,3011,random_probe,8,814,False,11,0.875,0.2299527999835142,0.00018370740587177192,6.610335345015833e-14,,
23,3011,random_probe,9,143,False,11,1.0,1.5523093096570701,0.0011864414587041431,6.976436876752368e-14,,
23,3011,random_probe,10,340,False,11,1.0,0.5247036930242752,0.0003883817151413725,6.356271469948227e-14,,
23,3011,random_probe,11,822,False,11,1.0,0.24995234139009773,0.00019780512940850183,7.114414216988763e-14,,
23,3011,random_probe,12,517,False,11,1.0,1.2599624204522435,0.0008564952418268221,6.808958041710583e-14,,
23,3011,random_probe,13,450,False,11,1.0,0.5903977188736514,0.0004678554127869588,6.498373691260888e-14,,
23,3011,random_probe,14,757,False,11,1.0,1.2455002342165078,0.0010185888383730775,6.492808209877773e-14,,
23,3011,random_probe,15,550,False,11,0.125,-0.12235060973273341,-9.663302525002651e-05,6.928754591880357e-14,,
23,3011,random_probe,16,169,False,11,1.0,1.460549255974406,0.001144957732704538,6.950979465218214e-14,,
23,3011,random_probe,17,138,False,11,1.0,0.4514641473133443,0.0003499988670455879,6.401956889702882e-14,,
23,3011,random_probe,18,916,False,11,1.0,0.8104059042052899,0.0007063532068196723,6.722785590802169e-14,,
23,3012,bank,0,511,True,0,,,,,0.837579148060517,1024
23,3012,greedy_probe,0,0,False,11,1.0,0.5994478712881297,0.0006220022144987113,6.47189939551697e-14,,
23,3012,greedy_probe,1,16,False,11,1.0,0.6005547364579371,0.0006236819470453858,6.763362605181957e-14,,
23,3012,greedy_probe,2,144,False,11,0.25,-0.13686896271744473,-0.00014093540135319722,6.718418199288313e-14,,
23,3012,greedy_probe,3,528,False,11,1.0,0.5837645357373469,0.0006044727409714656,7.129509138339323e-14,,
23,3012,greedy_probe,4,80,False,11,1.0,0.5647474694205665,0.0005872997252623028,6.830165624367141e-14,,
23,3012,greedy_probe,5,20,False,11,1.0,0.6367953420867292,0.0006630659258175476,6.982640564434993e-14,,
23,3012,greedy_probe,6,22,False,11,1.0,0.6237702234964932,0.0006498321618723111,6.733555724400463e-14,,
23,3012,greedy_probe,7,21,True,11,1.0,0.7281869987069862,0.0007514565066833925,6.711977953556387e-14,,
23,3012,greedy_probe,8,53,False,11,0.0,-0.3712487573994257,-0.00022165845219889076,6.832135882340502e-14,,
23,3012,greedy_probe,9,29,False,11,1.0,0.5956798350181812,0.0007365512871267558,6.426649642435244e-14,,
23,3012,greedy_probe,10,277,False,11,1.0,0.4621851557673877,0.0003990149343856917,6.750722304281462e-14,,
23,3012,greedy_probe,11,5,False,11,1.0,0.7236506962865132,0.000746499902244813,6.892128254303447e-14,,
23,3012,greedy_probe,12,149,False,11,0.25,-0.1108266167673875,-0.00011472907815251315,6.501743585034023e-14,,
23,3012,greedy_probe,13,533,False,11,1.0,0.7085902322259857,0.0007297221293436768,7.034635244912994e-14,,
23,3012,greedy_probe,14,85,False,11,1.0,0.6733426802613318,0.0006950890875232077,6.54281449518988e-14,,
23,3012,greedy_probe,15,17,False,11,1.0,0.6712406127814219,0.0006926063986056122,7.093337933658011e-14,,
23,3012,greedy_probe,16,23,False,11,1.0,0.7159687835235822,0.0007392184690527331,6.697767615330683e-14,,
23,3012,greedy_probe,17,51,False,11,0.0,-0.3793110904473222,-0.00021302944104552649,6.837472210730016e-14,,
23,3012,greedy_probe,18,50,False,11,0.0,-0.3394476939335278,-0.00018907217713384772,6.736844641248226e-14,,
23,3012,random_full,0,0,False,60,1.0,0.6147144346700674,0.0006390279316510388,7.268733688574167e-14,,
23,3012,random_full,1,51,False,60,0.0,-0.3470536572600392,-0.00019496038891772798,6.623178606150064e-14,,
23,3012,random_full,2,898,False,60,0.125,-0.20459694859179745,-0.00018831059862896467,6.987665289735192e-14,,
23,3012,random_full,3,3,True,60,1.0,0.6744411038133087,0.000696876278939813,6.340905146921973e-14,,
23,3012,random_probe,0,0,False,11,1.0,0.5994478712881297,0.0006220022144987113,6.47189939551697e-14,,
23,3012,random_probe,1,51,False,11,0.0,-0.3793110904473222,-0.00021302944104552649,6.837472210730016e-14,,
23,3012,random_probe,2,898,False,11,0.0,-0.22460583545308577,-0.00020637029474145085,6.596483067654722e-14,,
23,3012,random_probe,3,3,False,11,1.0,0.6592829453540279,0.0006798889316878562,6.86152461570271e-14,,
23,3012,random_probe,4,586,False,11,1.0,0.46725973295924894,0.0005730236434969421,6.824850575457162e-14,,
23,3012,random_probe,5,672,False,11,1.0,0.551820496209164,0.0007065716949875176,6.806675841977391e-14,,
23,3012,random_probe,6,644,False,11,0.125,-0.24037079274797807,-0.00024835477828175426,6.520687784502599e-14,,
23,3012,random_probe,7,767,False,11,1.0,0.3142132300413938,0.0002782034564839768,6.752746569183517e-14,,
23,3012,random_probe,8,928,False,11,1.0,0.3515541441818294,0.00042294604008206657,6.662488107838933e-14,,
23,3012,random_probe,9,485,False,11,1.0,0.45152765214423357,0.0005372442999924659,6.675604691431279e-14,,
23,3012,random_probe,10,21,True,11,1.0,0.7281869987069862,0.0007514565066833925,6.711977953556387e-14,,
23,3012,random_probe,11,840,False,11,1.0,0.6657672381924311,0.000885431963744519,7.061442266170048e-14,,
23,3012,random_probe,12,345,False,11,1.0,0.7117212278472369,0.0009536013735156447,6.910322606272666e-14,,
23,3012,random_probe,13,361,False,11,0.375,-0.03243940945191185,-3.3967257141982385e-05,6.231641801402003e-14,,
23,3012,random_probe,14,319,False,11,0.5,0.015520438540968358,1.8302049309713853e-05,6.371813521260251e-14,,
23,3012,random_probe,15,245,False,11,1.0,0.6465400316304828,0.0008243177998355153,7.011524057204305e-14,,
23,3012,random_probe,16,370,False,11,0.0,-1.0720110005001566,-0.00024605665127627133,6.654506150969328e-14,,
23,3012,random_probe,17,856,False,11,1.0,0.6593121449356804,0.0008777440161058456,7.056154671440592e-14,,
23,3012,random_probe,18,892,False,11,0.0,-0.16030291110859288,-0.00017190510969030282,6.900189978783251e-14,,
23,3013,bank,0,992,True,0,,,,,2.7691849979363337,1024
23,3013,greedy_probe,0,0,False,11,0.75,0.11019624730922081,0.0001656060470255757,6.833803585042436e-14,,
23,3013,greedy_probe,1,8,False,11,1.0,1.060372178122281,0.0022332116908568627,7.253950177371011e-14,,
23,3013,greedy_probe,2,520,False,11,1.0,1.1047803294798864,0.002396089252228446,6.215166209081505e-14,,
23,3013,greedy_probe,3,521,False,11,1.0,0.7599291299184363,0.0016510550451900655,6.867030807932786e-14,,
23,3013,greedy_probe,4,552,False,11,1.0,1.0630003285078669,0.0023037310834285634,7.110637190224476e-14,,
23,3013,greedy_probe,5,776,False,11,1.0,1.5073385232049077,0.0032696135910529446,6.588252898873129e-14,,
23,3013,greedy_probe,6,840,False,11,1.0,1.511632011098948,0.00326058143130747,6.400214337630628e-14,,
23,3013,greedy_probe,7,844,False,11,1.0,1.3981868222330673,0.003025346967135219,6.793141722846709e-14,,
23,3013,greedy_probe,8,856,False,11,1.0,1.108131934961511,0.0019075807184991038,6.780388371123799e-14,,
23,3013,greedy_probe,9,842,False,11,1.0,0.49563708796523515,0.0007334884410481321,6.705735298960807e-14,,
23,3013,greedy_probe,10,968,False,11,1.0,0.6309914696457812,0.0012360926612863471,6.477494742279501e-14,,
23,3013,greedy_probe,11,832,True,11,1.0,1.9406685977594655,0.003915862013469804,6.681531864391204e-14,,
23,3013,greedy_probe,12,320,False,11,1.0,1.615353611732761,0.003117150954673075,6.691896006598821e-14,,
23,3013,greedy_probe,13,833,False,11,1.0,1.6091613932083713,0.0032580571210339476,7.204822141172388e-14,,
23,3013,greedy_probe,14,864,False,11,1.0,1.9054541971182557,0.0038413464611371483,7.382143280215923e-14,,
23,3013,greedy_probe,15,576,False,11,1.0,0.3466612717486255,0.0005394571242085255,6.675571968246483e-14,,
23,3013,greedy_probe,16,768,False,11,1.0,1.8084984506320245,0.00370583749525389,7.220608270703816e-14,,
23,3013,greedy_probe,17,836,False,11,1.0,1.8266212543815274,0.003675358907084012,6.82899400053957e-14,,
23,3013,greedy_probe,18,848,False,11,1.0,0.951860723197155,0.001566862786673254,6.950071002559121e-14,,
23,3013,random_full,0,0,False,60,0.75,0.1281366287163454,0.00019279044835734688,7.326378901580201e-14,,
23,3013,random_full,1,54,False,60,1.0,0.6273792916567067,0.0012193044433945989,6.471431864493745e-14,,
23,3013,random_full,2,468,False,60,1.0,1.2352050919122355,0.0024585525926252502,6.583749778763113e-14,,
23,3013,random_full,3,603,True,60,1.0,2.4225331048448036,0.005279371212848939,6.326464565267307e-14,,
23,3013,random_probe,0,0,False,11,0.75,0.11019624730922081,0.0001656060470255757,6.833803585042436e-14,,
23,3013,random_probe,1,54,False,11,1.0,0.6164430625597592,0.0011954732452919455,7.169775312477597e-14,,
23,3013,random_probe,2,468,False,11,1.0,1.2243017519794983,0.0024317706221957383,6.643785987785714e-14,,
23,3013,random_probe,3,603,True,11,1.0,2.4165487231161027,0.005252069972147342,6.557583340558835e-14,,
23,3013,random_probe,4,360,False,11,1.0,1.2618525573273516,0.0026268599914301962,6.489061023102787e-14,,
23,3013,random_probe,5,7,False,11,1.0,0.35121005165372576,0.000450056509722083,6.701411632992802e-14,,
23,3013,random_probe,6,349,False,11,1.0,1.1726722725340153,0.0021279865899940433,6.98501658946468e-14,,
23,3013,random_probe,7,593,False,11,0.0,-1.2270341616227016,-0.0007299143731390517,6.615048077995472e-14,,
23,3013,random_probe,8,679,False,11,1.0,1.430642999664098,0.00258258253839329,6.286001238468553e-14,,
23,3013,random_probe,9,109,False,11,1.0,0.7387701785502956,0.0015524713624352343,7.028119543380665e-14,,
23,3013,random_probe,10,362,False,11,1.0,0.2854949654990755,0.0003727017834008134,6.747043397586646e-14,,
23,3013,random_probe,11,497,False,11,1.0,0.9918975272851339,0.0020189699546798168,7.177849312903577e-14,,
23,3013,random_probe,12,233,False,11,1.0,0.8343053280145116,0.001447524839476226,6.712287737576317e-14,,
23,3013,random_probe,13,155,False,11,1.0,1.4296429227597987,0.0028880972311579357,6.970699089597335e-14,,
23,3013,random_probe,14,648,False,11,1.0,1.0322621818464421,0.001957297077870273,6.609595432468774e-14,,
23,3013,random_probe,15,281,False,11,1.0,1.0851627186858992,0.0019327439013255175,6.930104726842863e-14,,
23,3013,random_probe,16,482,False,11,1.0,0.8082327662101545,0.0012317081547553324,7.472804281054481e-14,,
23,3013,random_probe,17,650,False,11,1.0,1.1987514663518943,0.00208488823158153,6.659755207022834e-14,,
23,3013,random_probe,18,869,False,11,1.0,1.5209186864704247,0.0030886871801758245,6.628625054754922e-14,,
23,3014,bank,0,6,True,0,,,,,2.8433098726051154,1024
23,3014,greedy_probe,0,0,False,11,1.0,1.7199519311977378,0.0029430853525351363,7.093160093958036e-14,,
23,3014,greedy_probe,1,16,False,11,1.0,0.7010869401529081,0.0012022017478254161,7.16894406536143e-14,,
23,3014,greedy_probe,2,4,False,11,1.0,2.103464799373124,0.0031899517661825782,7.728158516211191e-14,,
23,3014,greedy_probe,3,36,False,11,1.0,2.0624811971080077,0.003214835527277868,7.202061760118979e-14,,
23,3014,greedy_probe,4,68,False,11,1.0,1.2980114320114229,0.001668349838403681,6.35363091600263e-14,,
23,3014,greedy_probe,5,6,True,11,1.0,2.722922254051876,0.0040803225922881785,6.838850856758506e-14,,
23,3014,greedy_probe,6,518,False,11,1.0,0.8176311647213161,0.0018471039446915577,6.658361931585663e-14,,
23,3014,greedy_probe,7,14,False,11,1.0,2.606785713249887,0.003910851701523888,6.747912962787481e-14,,
23,3014,greedy_probe,8,7,False,11,1.0,1.3144105943196012,0.002329468230269219,7.058755115091964e-14,,
23,3014,greedy_probe,9,134,False,11,1.0,2.6171657769060923,0.0038668523116713715,7.053732297291729e-14,,
23,3014,greedy_probe,10,262,False,11,1.0,2.4065017317715505,0.003584179325792596,6.272423389983332e-14,,
23,3014,greedy_probe,11,22,False,11,1.0,0.7132872436173848,0.000991380979358615,6.616820619861529e-14,,
23,3014,greedy_probe,12,2,False,11,1.0,2.2102233508105256,0.0037830774400588836,6.982889963827086e-14,,
23,3014,greedy_probe,13,38,False,11,1.0,2.64245541839718,0.004091969939152192,7.109533249120553e-14,,
23,3014,greedy_probe,14,70,False,11,1.0,1.6645872792501892,0.002311549106539179,7.166152995046752e-14,,
23,3014,greedy_probe,15,87,False,11,1.0,0.3746685095254921,0.0005509582978983031,6.579599411654631e-14,,
23,3014,greedy_probe,16,85,False,11,1.0,0.49530029153356037,0.0007807114056441007,6.645354402401485e-14,,
23,3014,greedy_probe,17,597,False,11,1.0,1.4352732611608068,0.003558172381576653,6.98340883481528e-14,,
23,3014,greedy_probe,18,605,False,11,1.0,1.4100143842641022,0.0034882338717785984,6.51298708748438e-14,,
23,3014,random_full,0,0,False,60,1.0,1.731126430711667,0.0029704229545751467,7.118585740330538e-14,,
23,3014,random_full,1,87,False,60,1.0,0.394286867094946,0.0005804042472126189,6.441961398765762e-14,,
23,3014,random_full,2,409,False,60,0.25,-0.26023491587956643,-0.00022391654357718175,6.801377507983271e-14,,
23,3014,random_full,3,14,True,60,1.0,2.6180654549274864,0.003942360624051996,6.649955529859382e-14,,
23,3014,random_probe,0,0,False,11,1.0,1.7199519311977378,0.0029430853525351363,7.093160093958036e-14,,
23,3014,random_probe,1,87,False,11,1.0,0.3746685095254921,0.0005509582978983031,6.579599411654631e-14,,
23,3014,random_probe,2,409,False,11,0.25,-0.2915033077538499,-0.0002513020204592438,6.611732541330374e-14,,
23,3014,random_probe,3,14,True,11,1.0,2.606785713249887,0.003910851701523888,6.747912962787481e-14,,
23,3014,random_probe,4,750,False,11,0.75,0.12995995025027282,0.00026975065455090135,7.047873948129236e-14,,
23,3014,random_probe,5,606,False,11,1.0,1.180474276388128,0.0023957600184066888,6.952136807557175e-14,,
23,3014,random_probe,6,586,False,11,1.0,1.3830454929720823,0.00353986654614313,6.941850846573274e-14,,
23,3014,random_probe,7,855,False,11,1.0,1.1120096746489974,0.002666964117302815,6.628207012157731e-14,,
23,3014,random_probe,8,831,False,11,1.0,1.1733360937456916,0.0029249008651391992,6.260791064460481e-14,,
23,3014,random_probe,9,961,False,11,0.0,-0.22726787833771533,-0.000474162621907262,6.490065223544345e-14,,
23,3014,random_probe,10,620,False,11,0.0,-0.40686257719349284,-0.000858509123081763,7.406327933673343e-14,,
23,3014,random_probe,11,980,False,11,1.0,1.5052142020609196,0.0031600606307381754,6.604509178176998e-14,,
23,3014,random_probe,12,95,False,11,0.875,0.27939096190483126,0.0004131073405738714,6.739623322871466e-14,,
23,3014,random_probe,13,19,False,11,0.0,-1.1553685527615076,-0.0008519256948446054,6.91052311196038e-14,,
23,3014,random_probe,14,228,False,11,1.0,1.2121857398159612,0.001441643219174604,6.918504757481994e-14,,
23,3014,random_probe,15,174,False,11,1.0,2.5979748761585393,0.004031552984925667,6.805657566292885e-14,,
23,3014,random_probe,16,686,False,11,1.0,0.7495887816652208,0.0017275116526141,7.208162972657115e-14,,
23,3014,random_probe,17,688,False,11,1.0,1.6961425171398092,0.004165611042775678,6.859685806634389e-14,,
23,3014,random_probe,18,981,False,11,1.0,1.578563285783129,0.0037796142059865288,6.995914765524962e-14,,
23,3015,bank,0,50,True,0,,,,,3.3566322832573428,1024
23,3015,greedy_probe,0,0,False,11,1.0,1.8135651568161446,0.0008250977157207538,6.013764930288991e-14,,
23,3015,greedy_probe,1,16,False,11,1.0,2.416558900812596,0.0010703083818047734,7.348001875987178e-14,,
23,3015,greedy_probe,2,18,False,11,1.0,2.715846692906285,0.0011231792812487788,7.546506607371521e-14,,
23,3015,greedy_probe,3,19,False,11,1.0,2.457912568203364,0.001010442769229421,6.849057695635678e-14,,
23,3015,greedy_probe,4,82,False,11,1.0,1.6931084780276158,0.0012152265331134933,6.410468811351397e-14,,
23,3015,greedy_probe,5,274,False,11,1.0,2.6524140210801566,0.0010928388713042471,6.786040367543372e-14,,
23,3015,greedy_probe,6,530,False,11,1.0,1.1153639793510832,0.0004297261609276662,7.10840478430733e-14,,
23,3015,greedy_probe,7,146,False,11,1.0,2.034506052384023,0.0007841202222535282,6.99103714591379e-14,,
23,3015,greedy_probe,8,50,True,11,1.0,2.7930152703429187,0.001145291095961916,7.568384157598927e-14,,
23,3015,greedy_probe,9,58,False,11,1.0,1.6159537647061633,0.0006066715118376673,7.03318561624063e-14,,
23,3015,greedy_probe,10,54,False,11,1.0,1.3519896848884172,0.0010590822663354418,7.42700011199937e-14,,
23,3015,greedy_probe,11,34,False,11,1.0,1.3006276037586064,0.0005240755195289343,6.951554220446983e-14,,
23,3015,greedy_probe,12,48,False,11,1.0,2.4923181589676426,0.0010934527891990412,7.172741090014291e-14,,
23,3015,greedy_probe,13,51,False,11,1.0,2.5342628592917062,0.0010328052678443547,7.150404409573691e-14,,
23,3015,greedy_probe,14,114,False,11,1.0,1.7327268620040295,0.0012482806820109955,6.899355967797132e-14,,
23,3015,greedy_probe,15,306,False,11,1.0,2.7372546133644633,0.0011174797056397612,6.418676109312529e-14,,
23,3015,greedy_probe,16,562,False,11,1.0,1.1971735922001605,0.00046051113125044826,6.893984911116054e-14,,
23,3015,greedy_probe,17,178,False,11,1.0,1.9896997158609195,0.0007605152309484355,6.905859616020224e-14,,
23,3015,greedy_probe,18,447,False,11,1.0,1.7081821256780807,0.0013544489254758109,6.890020142006383e-14,,
23,3015,random_full,0,0,True,60,1.0,1.8448332974041295,0.0008430034232785651,6.381186929911618e-14,,
23,3015,random_full,1,447,False,60,1.0,1.7256472437361365,0.001371795095600356,7.196922704761447e-14,,
23,3015,random_full,2,750,False,60,1.0,1.0723556062979016,0.0004137048922596585,6.685314108998388e-14,,
23,3015,random_full,3,692,False,60,1.0,0.32682467312507935,0.0002278584706898179,6.522212403497999e-14,,
23,3015,random_probe,0,0,False,11,1.0,1.8135651568161446,0.0008250977157207538,6.013764930288991e-14,,
23,3015,random_probe,1,447,False,11,1.0,1.7081821256780807,0.0013544489254758109,6.890020142006383e-14,,
23,3015,random_probe,2,750,False,11,1.0,1.0317003404285885,0.0003967210875902658,6.710196343777864e-14,,
23,3015,random_probe,3,692,False,11,1.0,0.30167659072939257,0.00021034650660543396,7.137749396328639e-14,,
23,3015,random_probe,4,279,False,11,1.0,1.462487102139539,0.0011428270427243092,6.762825710295344e-14,,
23,3015,random_probe,5,790,False,11,1.0,0.6080107022320326,0.00043052863178452087,6.69171659878999e-14,,
23,3015,random_probe,6,331,False,11,1.0,0.45530158707576446,0.0003304034525081351,6.512865834874136e-14,,
23,3015,random_probe,7,87,True,11,1.0,2.13473717755451,0.0010117148383599036,6.401328839978436e-14,,
23,3015,random_probe,8,242,False,11,1.0,1.1883596024251406,0.0008245048647841681,6.632301387243785e-14,,
23,3015,random_probe,9,753,False,11,0.875,0.32935153672998474,0.00023108610174577514,6.662576721158548e-14,,
23,3015,random_probe,10,812,False,11,1.0,1.092296645489576,0.0007433405435096725,6.308610405486692e-14,,
23,3015,random_probe,11,649,False,11,1.0,1.8442192157416968,0.0007357029635136876,7.483314083258947e-14,,
23,3015,random_probe,12,728,False,11,1.0,0.595574915354532,0.00042177142535152704,6.905066390662986e-14,,
23,3015,random_probe,13,456,False,11,1.0,1.0168328542239757,0.0007430968465546115,6.606983766287525e-14,,
23,3015,random_probe,14,224,False,11,1.0,0.5086431432937482,0.00037229471346319695,6.432836273224011e-14,,
23,3015,random_probe,15,925,False,11,1.0,0.6262795486736186,0.00043470198853002434,6.535466947443754e-14,,
23,3015,random_probe,16,873,False,11,1.0,0.9628348167055145,0.0007026107955390255,6.510282696759487e-14,,
23,3015,random_probe,17,387,False,11,0.5,-0.06026940668945638,-2.3661536098297173e-05,6.46755086426319e-14,,
23,3015,random_probe,18,653,False,11,1.0,1.3462361386445925,0.0009479880485180666,6.90272137598287e-14,,
23,3016,bank,0,675,True,0,,,,,1.8746071737775079,1024
23,3016,greedy_probe,0,0,False,11,0.0,-0.553331169595577,-0.000288744465378867,6.932314174189897e-14,,
23,3016,greedy_probe,1,512,False,11,0.75,0.26902575296864123,0.00015135741731661222,6.734039783562924e-14,,
23,3016,greedy_probe,2,514,False,11,1.0,0.8035310869822283,0.0005012983880416048,6.843436334594087e-14,,
23,3016,greedy_probe,3,546,False,11,1.0,0.8736301697494312,0.0005540984082843259,6.44671215516368e-14,,
23,3016,greedy_probe,4,674,False,11,1.0,0.9182899568429421,0.0005815491362612729,6.775269260175394e-14,,
23,3016,greedy_probe,5,682,False,11,1.0,0.8941189177504126,0.0005628348291625779,7.332891138796766e-14,,
23,3016,greedy_probe,6,675,True,11,1.0,1.644379457470147,0.001069089055499857,6.956985640165605e-14,,
23,3016,greedy_probe,7,679,False,11,1.0,1.4284165135894653,0.0010196256375139988,6.249914548584453e-14,,
23,3016,greedy_probe,8,739,False,11,1.0,1.2828068034230382,0.0008438988903147005,6.971565835405744e-14,,
23,3016,greedy_probe,9,691,False,11,1.0,1.1810254300755327,0.0007507965710460522,6.405327651531202e-14,,
23,3016,greedy_probe,10,931,False,11,1.0,1.3832288107640642,0.0008960639271982963,6.125882367568354e-14,,
23,3016,greedy_probe,11,163,False,11,1.0,0.5253078716923141,0.0003330076688835056,6.71409722223727e-14,,
23,3016,greedy_probe,12,673,False,11,1.0,1.1346271962267236,0.0007154345892681248,6.548633718028327e-14,,
23,3016,greedy_probe,13,643,False,11,1.0,1.4490607921051777,0.0009229022084020202,6.953184298217264e-14,,
23,3016,greedy_probe,14,547,False,11,1.0,1.5812070149816613,0.0010283739241224617,6.517194142683345e-14,,
23,3016,greedy_probe,15,683,False,11,1.0,1.5760846369961996,0.0010222583560467197,6.79375408446348e-14,,
23,3016,greedy_probe,16,647,False,11,1.0,1.2542374390832776,0.0008783992423247637,6.691620325733992e-14,,
23,3016,greedy_probe,17,646,False,11,1.0,0.8043756977198346,0.000427361633903214,6.689278181393535e-14,,
23,3016,greedy_probe,18,711,False,11,1.0,1.4969551376519117,0.0010861522302798585,6.652484003434277e-14,,
23,3016,random_full,0,0,False,60,0.0,-0.5212318866048393,-0.00027205445525714696,6.324747585830277e-14,,
23,3016,random_full,1,647,True,60,1.0,1.2721541086474923,0.0008941547745735749,6.773169883636702e-14,,
23,3016,random_full,2,783,False,60,1.0,1.0358701407454696,0.0007280174857886923,6.403572417206888e-14,,
23,3016,random_full,3,923,False,60,1.0,0.8566024681047941,0.000534188704046693,6.393991052068352e-14,,
23,3016,random_probe,0,0,False,11,0.0,-0.553331169595577,-0.000288744465378867,6.932314174189897e-14,,
23,3016,random_probe,1,647,True,11,1.0,1.2542374390832776,0.0008783992423247637,6.691620325733992e-14,,
23,3016,random_probe,2,783,False,11,1.0,1.016642049784389,0.0007120189540288794,6.788587974692948e-14,,
23,3016,random_probe,3,923,False,11,1.0,0.834942979836697,0.00051872471828638,6.65634266627436e-14,,
23,3016,random_probe,4,178,False,11,0.125,-0.34011607445062453,-0.00019141805264872268,6.638056428011517e-14,,
23,3016,random_probe,5,197,False,11,0.625,0.10300312578925835,7.392491654383427e-05,6.883209556837648e-14,,
23,3016,random_probe,6,886,False,11,0.5,0.08772181164483694,4.7914303338302856e-05,6.12119544130299e-14,,
23,3016,random_probe,7,757,False,11,1.0,0.6953467056120007,0.000514765679486294,7.215567997477273e-14,,
23,3016,random_probe,8,332,False,11,0.375,-0.26478844863626305,-0.00010538045743094596,6.367291441305973e-14,,
23,3016,random_probe,9,331,False,11,0.75,0.17615441818360603,0.00011465770228405361,6.595216937399812e-14,,
23,3016,random_probe,10,618,False,11,1.0,0.7768158200259017,0.00048742013321082314,6.92916191168078e-14,,
23,3016,random_probe,11,10,False,11,0.625,0.0005297091734705883,5.967661219791545e-06,6.885410030259442e-14,,
23,3016,random_probe,12,823,False,11,1.0,0.8298034932279511,0.0005828210631159923,6.890267274585973e-14,,
23,3016,random_probe,13,499,False,11,0.375,0.03950585876387864,2.5566333830799245e-05,6.648737000245354e-14,,
23,3016,random_probe,14,929,False,11,1.0,1.1907721958247508,0.0007558950237934138,7.662198527451751e-14,,
23,3016,random_probe,15,493,False,11,0.625,0.2066361979255179,0.00014265021717988543,6.516042980102322e-14,,
23,3016,random_probe,16,972,False,11,0.875,0.5208630763463461,0.000260390784736185,6.75854170731353e-14,,
23,3016,random_probe,17,769,False,11,1.0,1.0824948096130604,0.0006686694492057761,6.502457235580695e-14,,
23,3016,random_probe,18,495,False,11,0.625,0.03835917101710025,2.672672663059806e-05,6.75946934591209e-14,,
23,3017,bank,0,753,True,0,,,,,2.2501018446178516,1024
23,3017,greedy_probe,0,0,False,11,0.375,-0.041726894924469494,-7.574401608382523e-05,6.724328885607782e-14,,
23,3017,greedy_probe,1,8,False,11,0.375,-0.05099004914788396,-9.35732868115862e-05,6.65326067472645e-14,,
23,3017,greedy_probe,2,128,False,11,0.0,-0.3630789710616242,-0.0006690033504628294,6.312934488179264e-14,,
23,3017,greedy_probe,3,4,False,11,1.0,0.9261615505212597,0.0013568620540749029,6.296312119718712e-14,,
23,3017,greedy_probe,4,68,False,11,1.0,0.8400681326006538,0.0014622421037814104,6.850603847644653e-14,,
23,3017,greedy_probe,5,36,False,11,1.0,0.6075105637182862,0.0008959303952607387,6.737110380221614e-14,,
23,3017,greedy_probe,6,260,False,11,1.0,0.5006565516914032,0.0007077771365089731,6.699170235772522e-14,,
23,3017,greedy_probe,7,20,False,11,1.0,1.3691111915309602,0.0020561750020262858,6.876425602458133e-14,,
23,3017,greedy_probe,8,22,False,11,1.0,0.717392988103241,0.0010559545996651938,7.105800216308167e-14,,
23,3017,greedy_probe,9,532,False,11,1.0,1.478436571493451,0.002317851024207772,6.936290288357092e-14,,
23,3017,greedy_probe,10,533,False,11,1.0,0.49485989267824204,0.000777264716048622,6.815842318108731e-14,,
23,3017,greedy_probe,11,540,True,11,1.0,1.4947171891396733,0.0023627065112194912,6.846310159464113e-14,,
23,3017,greedy_probe,12,668,False,11,1.0,0.8978575952034369,0.0013621835230874712,6.505698339469528e-14,,
23,3017,greedy_probe,13,536,False,11,1.0,0.1982014035832722,0.0003745452506467911,6.788376834988086e-14,,
23,3017,greedy_probe,14,604,False,11,1.0,1.3290695602608649,0.0024667953538568144,6.81317015653552e-14,,
23,3017,greedy_probe,15,572,False,11,1.0,1.1993526678243942,0.0018919354683509639,6.655936659545192e-14,,
23,3017,greedy_probe,16,796,False,11,1.0,1.3237353376384537,0.0020993439638735054,6.330386664813773e-14,,
23,3017,greedy_probe,17,524,False,11,1.0,1.156629109343723,0.0017938139701023275,6.833472361636292e-14,,
23,3017,greedy_probe,18,542,False,11,1.0,0.8867903279708245,0.0013798302296858063,6.760920610243694e-14,,
23,3017,random_full,0,0,False,60,0.375,-0.026064360420384645,-4.649124562545147e-05,7.179641126237369e-14,,
23,3017,random_full,1,612,False,60,1.0,0.748908785397254,0.0013650587623218295,6.823662503008299e-14,,
23,3017,random_full,2,238,False,60,1.0,0.7612040270852167,0.0013606446879138286,7.625238170716101e-14,,
23,3017,random_full,3,465,True,60,1.0,1.3315891002355755,0.0020384567249184396,6.817206768970991e-14,,
23,3017,random_probe,0,0,False,11,0.375,-0.041726894924469494,-7.574401608382523e-05,6.724328885607782e-14,,
23,3017,random_probe,1,612,False,11,1.0,0.7390991594691215,0.0013449653026167997,6.431014122754265e-14,,
23,3017,random_probe,2,238,False,11,1.0,0.7511094901120285,0.0013403562732030912,6.639367606058948e-14,,
23,3017,random_probe,3,465,False,11,1.0,1.3212927774497931,0.0020179006802169335,7.227862025920117e-14,,
23,3017,random_probe,4,783,False,11,1.0,0.8813976165126227,0.001390720043450644,6.602708137840434e-14,,
23,3017,random_probe,5,940,False,11,1.0,0.9761893363448164,0.0014572891820933643,6.533011798099783e-14,,
23,3017,random_probe,6,300,False,11,1.0,0.5188951216295081,0.0007609906654457294,6.589733426337138e-14,,
23,3017,random_probe,7,641,False,11,1.0,1.2775557863689335,0.002369588681214221,6.60130007057623e-14,,
23,3017,random_probe,8,699,False,11,1.0,1.1252276507532268,0.0019379341674939324,7.177043753795669e-14,,
23,3017,random_probe,9,521,False,11,1.0,1.4176051643099408,0.002662663128060832,7.099726143755802e-14,,
23,3017,random_probe,10,145,False,11,1.0,1.4501992020712873,0.0026942625425645282,7.110617085163803e-14,,
23,3017,random_probe,11,653,False,11,0.875,0.1164420720511519,0.00017829121385373736,6.585062235287222e-14,,
23,3017,random_probe,12,762,False,11,0.0,-0.4388275457747425,-0.0006250577454193279,6.619607862999807e-14,,
23,3017,random_probe,13,254,False,11,1.0,0.49155870746468155,0.0008604546207467431,7.269212252879071e-14,,
23,3017,random_probe,14,324,False,11,1.0,0.4692101039649767,0.0007961033450185574,6.379708813775638e-14,,
23,3017,random_probe,15,1022,False,11,1.0,0.9715571822004571,0.001740343247597166,6.733874051208467e-14,,
23,3017,random_probe,16,615,False,11,1.0,0.22885439308494415,0.000415583186445757,6.188513957310332e-14,,
23,3017,random_probe,17,771,True,11,1.0,1.501085053996284,0.0027981428432479367,6.756139721396399e-14,,
23,3017,random_probe,18,154,False,11,0.0,-0.5705189008498066,-0.001024548618630966,6.515675466127742e-14,,
23,3018,bank,0,197,True,0,,,,,2.221314862867738,1024
23,3018,greedy_probe,0,0,False,11,1.0,1.4887726947904931,0.0018433962049809816,6.789030906262451e-14,,
23,3018,greedy_probe,1,256,False,11,1.0,1.0104138300021583,0.0013358618525275267,6.814240951147748e-14,,
23,3018,greedy_probe,2,128,False,11,1.0,1.738892242438639,0.0021584382718084537,7.251272182454094e-14,,
23,3018,greedy_probe,3,132,False,11,1.0,1.6106411176067668,0.001899761638559188,6.832059563615684e-14,,
23,3018,greedy_probe,4,160,False,11,1.0,1.422683144306337,0.0018004981363544462,7.217626576872301e-14,,
23,3018,greedy_probe,5,130,False,11,1.0,0.5804887359393011,0.0007009073584149754,6.600855033611024e-14,,
23,3018,greedy_probe,6,640,False,11,1.0,0.5898636927074914,0.0007357568978626694,6.495014102237623e-14,,
23,3018,greedy_probe,7,192,False,11,1.0,1.749789007349912,0.0021792692110470333,6.553361208126804e-14,,
23,3018,greedy_probe,8,193,False,11,1.0,1.7682383276643572,0.0022836542325077877,7.283463958498246e-14,,
23,3018,greedy_probe,9,201,False,11,1.0,1.7391924250806474,0.002233299238713047,6.810760924091076e-14,,
23,3018,greedy_probe,10,209,False,11,0.25,-0.10932384364662362,-8.518812666298212e-05,6.612818994510023e-14,,
23,3018,greedy_probe,11,449,False,11,1.0,1.5708037661711127,0.001945410940056444,7.090411584258898e-14,,
23,3018,greedy_probe,12,65,False,11,1.0,1.6766732523068293,0.0021119956143595877,6.56053704235228e-14,,
23,3018,greedy_probe,13,197,True,11,1.0,2.1902473400980185,0.0029505187724377605,7.063222953315574e-14,,
23,3018,greedy_probe,14,229,False,11,1.0,1.953064770598339,0.0026617170649703486,7.009746929417829e-14,,
23,3018,greedy_probe,15,199,False,11,1.0,1.0468130263238986,0.001359923419376183,6.399269302110278e-14,,
23,3018,greedy_probe,16,709,False,11,1.0,0.7846627037017266,0.0009801434830543276,6.659320426187485e-14,,
23,3018,greedy_probe,17,133,False,11,1.0,2.155471947120156,0.002903070629480727,6.226601288161111e-14,,
23,3018,greedy_probe,18,196,False,11,1.0,1.662264544246106,0.001958687331366878,6.581592831752874e-14,,
23,3018,random_full,0,0,True,60,1.0,1.5024705724811205,0.0018661127813978731,6.36226791082266e-14,,
23,3018,random_full,1,641,False,60,1.0,0.6168223023258481,0.0007011625302934177,6.586792030936132e-14,,
23,3018,random_full,2,241,False,60,0.125,-0.3296649306664917,-0.0002259307059372384,6.299097915006107e-14,,
23,3018,random_full,3,250,False,60,0.625,0.05551560580516855,4.614973775123564e-05,6.698316216337085e-14,,
23,3018,random_probe,0,0,False,11,1.0,1.4887726947904931,0.0018433962049809816,6.789030906262451e-14,,
23,3018,random_probe,1,641,False,11,1.0,0.5979865995657281,0.0006784686350133733,6.569389230813108e-14,,
23,3018,random_probe,2,241,False,11,0.0,-0.3629908422288235,-0.00024868816249843176,6.86979075213579e-14,,
23,3018,random_probe,3,250,False,11,0.625,0.0264260414496335,2.1466951198939425e-05,6.26442636600883e-14,,
23,3018,random_probe,4,170,False,11,0.875,0.39047471687500923,0.0004814103313011391,6.537042611145298e-14,,
23,3018,random_probe,5,369,False,11,0.875,0.2269843064634268,0.0001502651895691912,6.555328500725905e-14,,
23,3018,random_probe,6,526,False,11,0.125,-0.1641501853719025,-0.00017704353918116499,6.629492392610023e-14,,
23,3018,random_probe,7,432,False,11,0.125,-0.3717955320512946,-0.0002975184868313028,7.079268187495198e-14,,
23,3018,random_probe,8,496,False,11,0.0,-0.44386917744660315,-0.0003548754166191898,6.772081252106966e-14,,
23,3018,random_probe,9,467,False,11,1.0,0.9508119305589144,0.0007618073968823479,6.520575993886994e-14,,
23,3018,random_probe,10,347,False,11,0.875,0.28733533189608546,0.0002246342627568237,6.659569532652162e-14,,
23,3018,random_probe,11,339,False,11,1.0,0.5937409362928572,0.0004600854847234201,6.733226685398691e-14,,
23,3018,random_probe,12,485,True,11,1.0,1.698605289549735,0.0022760144747213384,6.703404292177536e-14,,
23,3018,random_probe,13,961,False,11,1.0,0.8694672537537003,0.0009508372562765472,6.853286090143627e-14,,
23,3018,random_probe,14,542,False,11,1.0,1.04233561117952,0.0015041980446422786,6.753860269770955e-14,,
23,3018,random_probe,15,696,False,11,1.0,0.9800829011469276,0.001477168605599071,6.811911263052834e-14,,
23,3018,random_probe,16,102,False,11,0.875,0.19621682199291834,0.00023582830369241192,6.754517809669737e-14,,
23,3018,random_probe,17,462,False,11,1.0,0.5855950567119371,0.0007405070282241856,6.392950230683957e-14,,
23,3018,random_probe,18,188,False,11,0.0,-0.3244938382322642,-0.00022070393384268638,6.80970007824486e-14,,
23,3019,bank,0,526,True,0,,,,,2.628146990137615,1024
23,3019,greedy_probe,0,0,False,11,1.0,0.6331258025838641,0.001474672905683482,6.499279764546962e-14,,
23,3019,greedy_probe,1,32,False,11,0.125,-0.10469646172862007,-0.00024022810506519124,6.68503425431934e-14,,
23,3019,greedy_probe,2,128,False,11,1.0,0.32553474175289465,0.0007551048874122543,7.158941528786836e-14,,
23,3019,greedy_probe,3,512,False,11,1.0,2.0932408591496214,0.0035900784016329353,6.698649936518672e-14,,
23,3019,greedy_probe,4,516,False,11,1.0,2.088636295300216,0.003575702945395975,6.809187144872523e-14,,
23,3019,greedy_probe,5,768,False,11,1.0,1.9631738025160823,0.003251235600276332,6.71471710544221e-14,,
23,3019,greedy_probe,6,514,False,11,1.0,2.258781859143757,0.003560151590182599,7.022147353300494e-14,,
23,3019,greedy_probe,7,522,True,11,1.0,2.5305648821680853,0.003956467191702441,7.191014708314584e-14,,
23,3019,greedy_probe,8,538,False,11,1.0,1.0367907401811038,0.0015806567275749679,6.73019751703453e-14,,
23,3019,greedy_probe,9,586,False,11,1.0,1.615119224721342,0.002544828610761837,6.818959767928782e-14,,
23,3019,greedy_probe,10,523,False,11,1.0,2.259390816243396,0.0034636281457538533,6.749532658592569e-14,,
23,3019,greedy_probe,11,554,False,11,1.0,1.5462436448957806,0.0023911845880519563,6.637846760382169e-14,,
23,3019,greedy_probe,12,650,False,11,1.0,2.3961112722498843,0.0034927602208694643,6.75164824812312e-14,,
23,3019,greedy_probe,13,10,False,11,1.0,0.8803991144605767,0.0019522648790763746,7.00067686394116e-14,,
23,3019,greedy_probe,14,526,False,11,1.0,2.5290685381004594,0.0039457127443391846,7.23188505869716e-14,,
23,3019,greedy_probe,15,778,False,11,1.0,1.966506114069865,0.003597654035721846,7.187082397224251e-14,,
23,3019,greedy_probe,16,520,False,11,1.0,2.390842461065515,0.00407380434539221,6.717654881347666e-14,,
23,3019,greedy_probe,17,267,False,11,1.0,0.4374365745785596,0.0011296974179988125,7.434977557030977e-14,,
23,3019,greedy_probe,18,259,False,11,1.0,0.6239382733923285,0.0016115338401452347,6.628053593173348e-14,,
23,3019,random_full,0,0,False,60,1.0,0.6464564982376764,0.0015074302797161857,6.930401058477056e-14,,
23,3019,random_full,1,267,False,60,1.0,0.45088545183496054,0.0011652216482497734,6.837586374118282e-14,,
23,3019,random_full,2,580,False,60,1.0,1.1487868040591072,0.001995742344366,6.593338622685328e-14,,
23,3019,random_full,3,609,True,60,1.0,1.4207536480978136,0.002521903876488884,6.517365048681076e-14,,
23,3019,random_probe,0,0,False,11,1.0,0.6331258025838641,0.001474672905683482,6.499279764546962e-14,,
23,3019,random_probe,1,267,False,11,1.0,0.4374365745785596,0.0011296974179988125,7.434977557030977e-14,,
23,3019,random_probe,2,580,False,11,1.0,1.132419785450535,0.0019636069962005427,6.874910844541638e-14,,
23,3019,random_probe,3,609,False,11,1.0,1.4073801570083964,0.002493681661693061,6.976844580158722e-14,,
23,3019,random_probe,4,566,False,11,0.0,-0.2725961013065258,-0.00039802955941724717,6.333204190403792e-14,,
23,3019,random_probe,5,585,False,11,1.0,1.2733302627511818,0.002110966612316318,6.83083906127748e-14,,
23,3019,random_probe,6,236,False,11,1.0,0.6675706593455006,0.0016199275532857256,6.950813986839382e-14,,
23,3019,random_probe,7,481,False,11,1.0,0.7228058429023796,0.0017634989609088304,7.143878141329634e-14,,
23,3019,random_probe,8,888,False,11,1.0,0.4707538267710951,0.0006705504258905943,6.544666239716778e-14,,
23,3019,random_probe,9,828,False,11,0.0,-0.1566440028776713,-0.00021667828762757073,7.246320454632662e-14,,
23,3019,random_probe,10,315,False,11,1.0,0.8939132443020203,0.002134877134511443,6.454593176276052e-14,,
23,3019,random_probe,11,870,False,11,1.0,2.174523322135699,0.0035973517520919516,6.91515724408276e-14,,
23,3019,random_probe,12,890,False,11,1.0,0.40943633096338217,0.0006532218308869893,6.829006038319285e-14,,
23,3019,random_probe,13,1016,False,11,1.0,0.8857042867965985,0.0013453983804968365,7.004648632920615e-14,,
23,3019,random_probe,14,378,False,11,1.0,1.3594127282077106,0.0032491057510463574,6.354227798488933e-14,,
23,3019,random_probe,15,654,True,11,1.0,2.3972978228877064,0.0034890108050502798,6.500553791934517e-14,,
23,3019,random_probe,16,596,False,11,1.0,0.29239632901121504,0.0004997605105041703,6.639648206938337e-14,,
23,3019,random_probe,17,520,False,11,1.0,2.390842461065515,0.00407380434539221,6.717654881347666e-14,,
23,3019,random_probe,18,127,False,11,1.0,1.4081770542008756,0.003059958474663069,7.402290148424244e-14,,
